valor_transacao,latitude,longitude,historico_usuario,horario_compra,fraude
1.4765090903392841,83.232883,-60.18586,-1.5645288257351042,0.2189977639723865,0
-0.5487811775929965,27.811682,64.723359,-1.4937212483670832,0.0750339433226452,0
0.9008471261058577,-30.933565,33.584208,-1.2812985162630208,-1.3646042631747675,0
-0.03550272520508628,35.755615,-9.622661,-0.28999243311072936,1.3707083291703166,0
-1.5237789303610185,-68.795303,105.934725,1.551004578457812,0.6508892259216102,0
1.5284701018214175,45.241836,15.36897,-0.9980682067909376,-0.9327128012255437,0
0.21645191280132847,2.202356,89.877157,-1.3521060936310416,-1.2206404425250263,0
0.006326153113613032,-4.902625,-152.639598,-1.4937212483670832,-1.6525319044742501,0
0.6340258585725994,2.507454,84.876736,1.6218121558258327,1.514672149820058,0
0.21794089464431163,-24.873939,-179.235848,-1.210490938895,0.0750339433226452,0
-0.6100074355848243,16.784258,174.343893,-1.210490938895,0.506925405271869,0
-0.9555985639604727,41.476792,-73.825237,0.2056606084654164,0.2189977639723865,0
0.8939853071762379,20.207268,-135.328665,1.196966691617708,-0.21289369797683735,0
0.33478348507224326,17.413008,122.031175,-0.28999243311072936,1.2267445085205755,0
1.664746028322283,12.54582,175.632849,-0.0775697010066669,0.9388168672210928,0
0.8513530866007701,-9.828377,29.869738,-1.2812985162630208,0.506925405271869,0
-1.0118322518778509,78.859635,-153.039629,-0.7856454746868751,-0.6447851599260612,1
0.24995603767324778,22.74445,-4.041894,-1.5645288257351042,0.0750339433226452,0
-0.6855941627317932,4.434463,-104.384747,1.4093894237217703,-0.3568575186265786,0
-0.4579311756120133,5.74374,-163.344653,0.5596984953055205,1.6586359704697993,0
1.063732254031727,56.688839,90.128964,-0.9272606294229168,-0.9327128012255437,0
0.44199177571381276,-44.354385,33.47791,-1.635336403103125,0.7948530465713516,0
-0.4921635921944695,47.138371,127.768991,1.126159114249687,0.7948530465713516,0
-0.6127937220518035,75.526357,-145.893249,1.6218121558258327,-0.21289369797683735,0
0.43764961174465217,49.109634,-101.574475,0.13485303109739558,0.6508892259216102,0
0.6857473245783934,-73.312155,-14.045796,-0.7856454746868751,0.7948530465713516,0
0.5665222092872889,-87.586161,-81.187481,0.9845439595136454,-0.06892987732709607,0
-0.4433426391673504,12.469994,17.945229,0.2764681858334372,0.9388168672210928,0
-0.149159651166862,38.930131,-48.611882,0.7721212274095829,0.6508892259216102,0
0.5234511849123169,-47.970748,-141.730445,0.6305060726735413,-1.076676621875285,0
-0.8824408978798417,18.551166,-50.334621,1.4801970010897911,0.506925405271869,0
0.7432599615748432,-30.303396,43.860623,0.4180833405694788,0.36296158462212774,0
-0.06774644263200126,-25.768723,45.082652,-1.635336403103125,-1.2206404425250263,0
-0.12932154669155624,56.790024,-130.957429,0.9845439595136454,0.0750339433226452,0
-0.4781130346730529,37.574683,-122.564848,-0.856453052054896,-1.2206404425250263,1
0.8811508332672193,39.405051,-178.791777,-0.36080001047875015,-1.076676621875285,0
-0.4807399999377115,63.977612,91.011722,-0.21918485574270855,-1.3646042631747675,0
0.29504872206977,-49.487464,-163.746144,-0.9980682067909376,1.3707083291703166,0
-0.45801501408980766,-36.532173,-81.602644,-0.9272606294229168,0.9388168672210928,0
1.0365034075560322,-27.345969,154.78974,0.8429288047776038,-0.06892987732709607,0
-0.4514224345888385,53.455303,-54.467053,-0.5732227425828126,0.506925405271869,0
2.004341547007796,4.014547,-45.85146,0.7013136500415621,-0.06892987732709607,0
-0.5782858277826642,-23.254458,-64.851831,-1.0688757841589585,0.2189977639723865,0
-0.6767739244860173,-2.551364,-24.401212,-1.3521060936310416,-0.6447851599260612,0
1.4020549682830512,-83.715749,109.327739,0.8429288047776038,-1.076676621875285,0
-0.8696891118289554,-60.471126,58.701541,0.06404545372937474,0.0750339433226452,0
-0.43285885937190044,-26.575363,72.36792,-1.2812985162630208,1.2267445085205755,0
1.1891654218451055,-50.582219,-71.128714,-1.0688757841589585,-1.076676621875285,0
-0.23036616986193592,-61.387674,110.244153,-1.210490938895,-0.5008213392763199,0
0.7588754505376906,-71.499982,-61.961913,-0.5024151652147918,-0.06892987732709607,0
-0.2765223225381158,-54.070864,93.137458,-0.006762123638646077,0.9388168672210928,0
-0.8651258123177751,53.037457,121.270647,-0.9980682067909376,-1.076676621875285,0
-0.2404124697248734,7.660231,13.263428,-0.7148378973188543,1.2267445085205755,0
0.39791164924654004,-49.960961,-91.834368,1.4801970010897911,0.7948530465713516,0
-0.44294550542247246,84.243403,-46.723566,-0.14837727837468773,-0.06892987732709607,0
-1.2549412060646452,-57.918824,17.146041,0.7721212274095829,-1.3646042631747675,0
-0.268163905594605,56.021404,-77.6128,0.2056606084654164,1.0827806878708341,0
0.9213019275347777,12.541644,70.445013,-1.210490938895,-0.3568575186265786,0
-1.169535453176187,72.054329,170.329558,0.6305060726735413,1.3707083291703166,0
0.6423864133891207,18.1564,116.629044,-0.006762123638646077,-0.9327128012255437,0
0.640720909232319,61.407574,85.743083,0.2764681858334372,1.6586359704697993,0
0.8061253970629676,46.179947,-90.956571,1.2677742689857288,-0.5008213392763199,0
-0.645748859027431,-69.351083,155.807471,-1.4937212483670832,1.3707083291703166,0
1.4448711123433757,58.477762,-80.707012,-0.0775697010066669,-0.5008213392763199,0
-0.11213825538813003,-61.716351,-175.364621,1.6926197331938535,-1.5085680838245088,1
2.087650989996543,54.797287,-120.286634,-1.7061439804711458,0.6508892259216102,0
-0.12388230842851473,11.604252,76.555525,-1.210490938895,0.6508892259216102,0
2.2699386997462514,-80.540063,48.979512,1.126159114249687,1.6586359704697993,0
-0.6165270022485516,-82.86502,-58.11301,1.4093894237217703,-1.6525319044742501,0
-1.1211894409373675,48.275009,174.925732,-1.635336403103125,-0.21289369797683735,0
1.6774547592394928,3.516488,-18.262045,-1.4229136709990624,-0.06892987732709607,0
-0.43863537408350384,51.478091,69.721421,1.126159114249687,0.36296158462212774,0
-0.24878454143033005,61.844776,-132.685674,0.4180833405694788,1.514672149820058,0
0.09958381480480943,23.50773,80.526343,-0.5732227425828126,0.36296158462212774,0
-0.028058391400451414,87.289742,158.21914,0.7013136500415621,1.3707083291703166,0
-0.1470740403327607,35.559694,147.558389,-0.28999243311072936,1.3707083291703166,0
-1.5096854110024742,29.115784,-67.82254,-1.2812985162630208,-1.6525319044742501,0
0.4243127924535696,-48.93961,159.039223,0.5596984953055205,-0.06892987732709607,0
-1.0627687881536834,20.876551,55.742051,-0.006762123638646077,-1.6525319044742501,0
-0.9099566653424913,-33.248909,-30.888567,1.4093894237217703,1.0827806878708341,1
0.1512726426442548,85.371831,69.802146,1.2677742689857288,-1.5085680838245088,0
-1.0504576032457158,21.480801,-165.790628,1.4093894237217703,-1.6525319044742501,0
-1.148903559205421,-74.212409,97.165359,1.196966691617708,-0.06892987732709607,0
-0.010105289268205076,-72.369585,106.954461,1.3385818463537495,0.2189977639723865,0
-0.6854642415347149,16.014572,89.507014,-0.14837727837468773,0.506925405271869,0
0.6162719578974885,-20.418706,-47.062216,1.196966691617708,-1.3646042631747675,0
0.5716617694263262,65.500556,113.045624,-0.6440303199508335,-1.076676621875285,1
-0.5830568127515877,-52.136938,-55.12879,-0.856453052054896,-1.5085680838245088,0
-1.4728901641789998,34.176335,-19.71876,-0.7148378973188543,-1.5085680838245088,0
2.8044909746373303,-26.797247,-53.530445,-1.7061439804711458,0.36296158462212774,0
-0.14854596113988275,66.980139,-165.980133,1.126159114249687,-1.2206404425250263,0
-0.8091666952175194,87.974095,65.648902,-1.4229136709990624,-0.9327128012255437,0
0.34270405913066415,-11.041123,73.72387,0.5596984953055205,0.506925405271869,0
1.5677436787337435,-68.021633,-75.463551,-0.36080001047875015,1.3707083291703166,0
0.44467832227227777,-64.978893,166.365819,-0.0775697010066669,0.506925405271869,0
-1.0748531881604713,44.170664,126.87321,0.06404545372937474,0.36296158462212774,0
-1.4465728053270113,-32.015432,-82.220235,1.2677742689857288,1.3707083291703166,0
1.5880644405961573,-78.576317,-35.718445,-0.7148378973188543,-0.21289369797683735,0
-1.11346867686245,36.235392,-167.969831,-1.635336403103125,-1.076676621875285,0
-0.8894678512496607,-46.634211,129.148839,1.6218121558258327,-0.7887489805758024,0
-1.5252010250829084,-69.583144,-80.775395,-1.3521060936310416,1.2267445085205755,0
-1.3876960986991225,43.327426,46.972876,0.7013136500415621,-1.6525319044742501,0
1.3772026416166312,18.371321,149.419477,-0.006762123638646077,-0.21289369797683735,0
-0.3525492336127886,88.789766,149.61964,-1.2812985162630208,-0.6447851599260612,0
-0.8688220425736389,-89.385,-76.91702,0.13485303109739558,0.9388168672210928,0
-0.7328756665898806,-19.793635,149.405066,0.6305060726735413,0.2189977639723865,0
0.7968859468433306,-63.823806,-81.763898,0.9137363821456246,-0.5008213392763199,0
-1.1804184430623141,58.950093,4.430458,-1.210490938895,1.3707083291703166,0
0.17190536789683467,-14.795422,28.895372,0.4180833405694788,-0.6447851599260612,0
-0.05486564540254777,-46.967085,126.89022,1.126159114249687,-0.06892987732709607,0
-0.9932243435696211,-37.063558,36.177727,-0.9272606294229168,1.0827806878708341,0
0.3288099854118011,-47.351777,153.579049,0.6305060726735413,-0.7887489805758024,1
-0.26882835445514264,-7.209495,112.173419,-1.210490938895,0.6508892259216102,0
-0.6064667716042916,-70.414927,95.95562,-0.431607587846771,0.36296158462212774,0
-0.11259041066752061,-69.747938,119.908006,-1.210490938895,0.2189977639723865,0
-1.042552161903169,-39.367503,62.143507,-0.431607587846771,-1.6525319044742501,0
1.1087531952649337,-41.9794,174.558566,1.2677742689857288,-0.5008213392763199,0
-1.4973665893651449,-54.920557,-13.548577,0.7013136500415621,0.2189977639723865,0
0.33539986984287057,87.60795,111.979497,1.3385818463537495,-0.9327128012255437,0
1.4461989596641456,28.941577,40.785989,-0.9980682067909376,0.36296158462212774,0
0.27028992151971126,1.91324,-69.799995,-1.635336403103125,0.7948530465713516,0
0.7630696027838344,17.840202,81.979429,-1.4229136709990624,-0.5008213392763199,0
-1.2688831944153849,65.480472,101.375233,-0.431607587846771,1.3707083291703166,0
0.9586658921598123,-59.206465,-157.178417,-0.5732227425828126,-1.2206404425250263,0
-0.6795498630664636,63.870525,104.406935,1.6926197331938535,-0.7887489805758024,0
-1.422281359783493,89.768515,81.8466,0.9137363821456246,-0.06892987732709607,0
-0.4903889848792028,6.193392,91.394471,0.5596984953055205,-0.7887489805758024,0
-0.8330188168763388,37.526486,129.256463,-0.856453052054896,-1.2206404425250263,0
-0.25515346281670814,-31.89411,-30.675957,-0.7148378973188543,-1.2206404425250263,0
0.4577687290501051,-55.407702,172.066405,-0.6440303199508335,0.6508892259216102,0
-0.5434680932910482,32.47971,-118.776591,0.48889091793749967,1.0827806878708341,1
1.504114234520478,15.702091,-96.21454,-1.210490938895,-0.6447851599260612,0
-0.1900842178225884,-54.062388,-3.024027,-1.4229136709990624,-1.5085680838245088,0
0.378123404691623,-7.948894,-153.472972,-0.7856454746868751,0.9388168672210928,0
-0.2585658759835449,68.574287,14.057424,0.9845439595136454,-1.6525319044742501,0
-0.7351204525713082,-50.937181,-103.192267,1.3385818463537495,-0.5008213392763199,1
0.6206489075036175,-82.415987,-41.482067,1.6218121558258327,0.0750339433226452,1
0.7380431049943831,20.517707,119.934236,-0.7856454746868751,-1.076676621875285,0
0.23879904142232147,43.09923,67.006155,1.196966691617708,-1.2206404425250263,1
-0.15425092720465908,50.491913,59.899373,0.13485303109739558,-0.9327128012255437,0
0.23182392876460056,-74.63809,11.765824,-0.856453052054896,0.2189977639723865,0
0.3484757895304113,-74.478682,130.232796,-1.7061439804711458,-0.7887489805758024,0
-0.21800522646352988,-59.823999,-76.882506,-1.210490938895,-1.3646042631747675,0
-0.8992212653989411,85.649287,1.921749,0.8429288047776038,-0.9327128012255437,0
0.13808780925234398,-66.536921,-65.41451,1.551004578457812,0.7948530465713516,0
1.582195655707472,12.839914,43.359762,0.7721212274095829,-0.9327128012255437,0
-0.04820902409289565,-75.167824,6.963466,0.48889091793749967,0.9388168672210928,0
0.10074787878859134,-32.262641,-147.89011,-0.431607587846771,-0.7887489805758024,0
-1.4130845223242574,1.615884,27.709859,1.6218121558258327,0.6508892259216102,0
-0.8634892126594828,-54.000527,-24.529843,-0.5024151652147918,0.2189977639723865,0
0.40903151339832244,-54.070156,130.884524,-1.2812985162630208,-1.3646042631747675,0
0.15511670699489824,53.810822,20.145866,1.126159114249687,0.36296158462212774,0
-0.037036444417696796,8.567031,169.260674,-0.7856454746868751,-1.3646042631747675,0
-0.5119412826561743,20.447707,165.007984,-0.36080001047875015,-0.7887489805758024,0
-0.5138180087834454,-22.441486,-153.638917,-1.3521060936310416,0.506925405271869,0
0.48652601542624185,64.397287,65.54439,0.4180833405694788,0.2189977639723865,0
-0.9683612379093524,-78.91074,169.79827,-1.4937212483670832,0.7948530465713516,0
1.5351064360419617,-37.852404,165.136145,1.4801970010897911,1.514672149820058,0
-1.506484385706232,57.447746,-164.806952,0.7013136500415621,-1.2206404425250263,0
0.07743166779029766,66.242867,-129.1935,-1.4229136709990624,-0.7887489805758024,0
0.1866192518079801,-17.740175,-129.847221,0.7013136500415621,1.3707083291703166,0
-1.3450050925710293,74.855113,-28.1329,0.9137363821456246,-0.21289369797683735,0
-1.3841340944849332,73.352617,-86.153408,1.4801970010897911,0.6508892259216102,0
-0.6414973516355837,-21.534746,-36.065747,-0.5024151652147918,0.6508892259216102,0
0.5646130475367527,2.814275,125.140144,-1.1396833615269792,-1.2206404425250263,0
1.187392754230783,34.8258,74.270293,0.7721212274095829,0.36296158462212774,0
-1.2014805055301458,-22.188846,73.475246,-1.210490938895,-1.5085680838245088,0
-0.91167538113732,73.914258,-28.711642,-0.7148378973188543,0.506925405271869,0
-1.0960499236112096,-30.261148,83.909204,1.196966691617708,-1.5085680838245088,0
2.497280642323644,-77.726855,21.292318,-0.006762123638646077,-0.21289369797683735,0
0.3360916601247457,44.610268,81.801033,-1.2812985162630208,0.9388168672210928,0
-0.4439902117157441,-75.34972,-151.525108,-0.431607587846771,-0.21289369797683735,0
-0.33495188914247476,22.208763,165.259223,1.4801970010897911,0.506925405271869,0
-0.5700747208956767,-45.873044,23.037773,1.4093894237217703,-0.3568575186265786,0
-0.10776321654267738,-43.063166,-69.833313,1.0553515368816662,-0.06892987732709607,0
1.18003067767032,37.130143,23.347789,0.2764681858334372,1.514672149820058,0
2.037090816109066,-57.850539,105.332496,-0.431607587846771,1.3707083291703166,0
1.3478811972864795,33.078433,-147.99965,1.551004578457812,-1.076676621875285,1
-1.1283644109048265,87.877866,-145.860204,-0.5024151652147918,-0.6447851599260612,0
0.14162070849109587,-62.2653,23.097394,1.4093894237217703,1.2267445085205755,0
0.3806813802970283,-43.187957,128.638451,-0.0775697010066669,-0.06892987732709607,0
-0.7667703668118937,59.686564,-114.004874,1.0553515368816662,1.2267445085205755,0
-0.07098774672468135,-16.107468,-111.572169,1.6926197331938535,-0.5008213392763199,0
-0.2814338034430059,30.119052,-80.786213,1.4093894237217703,-0.7887489805758024,0
-0.3024468718622521,48.98714,-34.262826,-0.9272606294229168,-1.3646042631747675,0
-0.3981918331474345,85.401908,54.939822,0.2056606084654164,0.9388168672210928,0
0.03273275794859845,-58.010831,25.94788,1.0553515368816662,1.3707083291703166,0
-1.4166928368336618,-83.695543,23.74518,-0.856453052054896,1.2267445085205755,0
0.21114876892068907,-4.548149,-75.856794,0.48889091793749967,-0.5008213392763199,0
0.4131742938388422,7.566035,164.967894,0.7013136500415621,1.6586359704697993,0
-1.12343854150638,-84.559753,-34.525034,-0.5732227425828126,1.2267445085205755,0
-0.13844312496825975,60.353524,-171.131855,1.3385818463537495,-0.7887489805758024,0
0.5023055875609624,48.959579,-2.655295,-0.5024151652147918,0.7948530465713516,0
0.3384094765738234,-33.035393,-4.43862,0.13485303109739558,0.9388168672210928,0
-0.5591720695883168,-41.519288,-106.813431,-0.6440303199508335,-0.6447851599260612,0
-0.7763651432084545,-3.819028,25.503925,-0.856453052054896,-1.076676621875285,0
-0.3765924681431693,44.978577,-32.280627,0.7721212274095829,1.2267445085205755,0
-0.4671872086129558,2.469293,68.953512,-0.21918485574270855,-1.5085680838245088,0
-1.1843564973113725,49.435337,88.369561,-0.7856454746868751,-1.3646042631747675,0
0.15414376783778774,80.437714,179.423905,0.4180833405694788,-1.3646042631747675,1
-0.9829371492963789,-19.00769,15.658134,0.7013136500415621,1.3707083291703166,0
-1.4149163867595878,15.910757,-155.625804,-1.2812985162630208,-0.9327128012255437,0
-0.06111636966308935,31.240286,148.100634,-0.36080001047875015,1.3707083291703166,0
-0.2911393514979724,-36.80028,-27.98042,-1.210490938895,-1.3646042631747675,0
1.7613863446537459,-52.365153,16.57992,-0.6440303199508335,-0.7887489805758024,0
0.6294929405307544,40.029236,88.052177,-1.0688757841589585,1.6586359704697993,0
0.8055851315611442,77.55722,-176.993107,-1.210490938895,-0.7887489805758024,0
-0.9015256278349365,68.892295,-101.681703,0.7013136500415621,0.9388168672210928,0
-0.012529915676883644,27.812256,14.474756,1.6218121558258327,-1.076676621875285,0
-0.1994348264976851,-48.013233,106.15179,-0.5732227425828126,-0.7887489805758024,0
-0.02921376948669866,54.607284,-175.06525,-0.006762123638646077,-1.076676621875285,0
-0.09810945549415949,-70.338128,-44.095101,1.6926197331938535,0.7948530465713516,0
1.0908033885650894,3.183685,-31.992461,-1.5645288257351042,0.506925405271869,0
-0.09032787850973117,83.965434,-172.183283,1.6218121558258327,-0.7887489805758024,0
-0.5589116933422592,-30.672821,-29.857823,1.196966691617708,1.514672149820058,0
-0.5793026012208563,-83.596296,155.422586,-0.0775697010066669,0.9388168672210928,0
0.1449964294039361,83.920054,-9.591644,-1.2812985162630208,-1.5085680838245088,0
0.02184397125940361,-64.510846,-112.16103,0.06404545372937474,1.6586359704697993,0
-0.7449383699907359,44.578524,-20.342255,-0.9980682067909376,-1.2206404425250263,0
-0.2500416981637385,16.531532,-124.06522,-0.28999243311072936,0.506925405271869,0
0.2536542133018507,14.675075,-160.074888,1.126159114249687,0.506925405271869,0
0.44367948150489256,18.51185,97.757244,0.2056606084654164,-1.6525319044742501,0
0.9520774635608843,24.701376,61.644988,1.2677742689857288,0.9388168672210928,0
0.1314104472539065,-38.730732,-161.489987,-0.5024151652147918,-1.076676621875285,0
-0.7456476652958636,-83.231664,26.03003,-0.9272606294229168,-0.9327128012255437,0
-1.0997170647926227,-40.326906,-24.927791,-1.635336403103125,0.36296158462212774,0
-0.04986412508187525,-17.802655,78.289607,0.2056606084654164,-1.3646042631747675,0
0.1773759332465382,-34.040096,104.705867,-1.2812985162630208,1.0827806878708341,0
-0.19930523565525718,56.548401,100.931508,0.9845439595136454,-0.7887489805758024,0
-1.0803399829603593,-24.749257,-15.421369,-0.7148378973188543,0.36296158462212774,0
-1.4226500824144073,-23.61789,161.766341,1.2677742689857288,1.2267445085205755,1
-1.3098148610589442,41.503721,94.706935,0.7013136500415621,0.2189977639723865,0
1.6824708281251166,-84.542595,60.071642,1.126159114249687,-0.9327128012255437,0
-0.6289949954686529,8.918116,-163.441389,1.126159114249687,-0.7887489805758024,0
-0.5408095981712948,62.307035,-167.803055,-0.0775697010066669,0.7948530465713516,0
0.20789758847371334,57.582176,-159.003013,1.3385818463537495,1.3707083291703166,0
-0.9279291730594741,-82.328599,-30.946631,-0.7856454746868751,1.0827806878708341,0
0.02828104382655833,-6.450988,-111.239917,-1.5645288257351042,0.0750339433226452,0
-0.569122639232039,-47.880192,6.462359,-1.7061439804711458,-0.06892987732709607,0
-1.5149873136456122,-88.325083,3.490877,0.7721212274095829,0.506925405271869,0
0.3724090567073546,-63.542444,53.459767,-1.4937212483670832,-0.3568575186265786,0
0.49077347412345934,8.828532,115.267328,1.0553515368816662,0.6508892259216102,0
1.6064065360599757,-58.410727,-1.199111,1.126159114249687,-0.5008213392763199,1
0.7063541546640989,66.455234,-11.183772,0.7013136500415621,0.36296158462212774,0
0.00902796772291377,-32.650908,-155.704073,0.7013136500415621,-1.6525319044742501,0
0.202181860682456,-26.407273,-97.033048,-1.635336403103125,0.0750339433226452,0
0.6367983884191644,44.782264,-23.501462,0.6305060726735413,1.3707083291703166,0
-0.8706868454395209,-25.778576,95.871539,1.0553515368816662,1.3707083291703166,0
-1.4961711832006577,-7.720017,177.003214,0.06404545372937474,1.514672149820058,0
-0.789139543593544,-68.524672,136.264167,-1.635336403103125,0.7948530465713516,0
0.405142835859455,32.912689,179.421537,-0.21918485574270855,-1.3646042631747675,0
-0.2765695474848249,-35.699737,39.757371,-1.3521060936310416,-0.9327128012255437,0
-1.0941165576316492,22.18524,95.798037,-1.5645288257351042,1.0827806878708341,0
1.3706329513484958,72.901193,171.232535,0.34727576320145803,-0.6447851599260612,0
0.42500945140079976,-54.334052,178.481499,0.6305060726735413,-0.21289369797683735,0
-0.45308829272895,6.254525,152.753095,-0.0775697010066669,-1.6525319044742501,0
-0.14220877789652062,-53.240076,-119.969473,0.6305060726735413,-0.6447851599260612,0
-0.6653001756582136,-32.879377,-55.166561,-0.28999243311072936,0.9388168672210928,0
-0.6209525923614131,20.437186,-86.9465,0.8429288047776038,1.514672149820058,0
-0.188933251542438,-58.952033,-84.304393,-0.9272606294229168,-1.5085680838245088,0
-1.3545420567861322,-1.726294,2.97625,-0.7148378973188543,1.0827806878708341,1
0.5867765886974902,-27.960342,140.02585,1.4801970010897911,0.506925405271869,0
0.8326611089229624,-38.169782,15.972502,-1.0688757841589585,-0.6447851599260612,0
0.7445839621113247,-78.357898,-72.008853,-0.9980682067909376,0.7948530465713516,0
2.3594902942368687,85.143861,-155.334857,1.0553515368816662,0.506925405271869,0
-0.6349636085406852,36.428485,-142.099367,1.6218121558258327,0.36296158462212774,0
-1.0179833232341637,8.46088,97.70834,-0.856453052054896,-0.06892987732709607,0
-1.1542212280496087,-56.295618,-30.286038,-0.7148378973188543,1.3707083291703166,0
-0.25267401658202493,-20.109086,99.743473,1.6926197331938535,0.2189977639723865,0
0.3302481856613427,-76.253651,113.450113,0.9845439595136454,1.6586359704697993,0
2.6802687337187887,10.582527,154.529549,1.126159114249687,1.3707083291703166,0
2.4811979450487667,-48.894881,82.326369,0.13485303109739558,-0.6447851599260612,0
2.6647734806144623,89.460202,101.3461,-1.5645288257351042,-0.6447851599260612,0
-0.3340761078782501,-7.720156,-173.008321,-1.1396833615269792,1.2267445085205755,0
-1.3381189060124854,23.104395,-0.010957,-1.2812985162630208,-0.21289369797683735,0
0.20927897952054975,41.688217,-32.433801,0.8429288047776038,1.6586359704697993,0
3.469912332761123,44.595383,-167.356089,-1.210490938895,0.9388168672210928,0
-0.8424758682639262,-15.396635,-120.037748,-0.36080001047875015,-1.3646042631747675,0
1.6723230282554646,-4.950658,-32.014757,-1.3521060936310416,-0.21289369797683735,0
-0.6781976230659296,88.159507,-128.231561,-0.5732227425828126,-0.6447851599260612,0
1.0064238124268319,83.640197,74.059571,0.7721212274095829,1.0827806878708341,0
1.0569894524973542,-67.285016,143.512574,0.9137363821456246,-1.6525319044742501,0
0.9038785611190662,-60.145523,-108.412199,-0.6440303199508335,1.6586359704697993,0
-0.8124413934359291,89.018279,127.639122,0.7013136500415621,-0.9327128012255437,0
-0.9982730771786009,83.919808,-130.261114,1.4801970010897911,-0.7887489805758024,0
-0.7795764927428676,18.082879,30.209157,1.6926197331938535,1.6586359704697993,0
0.4916906564072983,-76.107196,172.709903,0.7013136500415621,0.9388168672210928,0
0.5318181474808326,-33.167514,-83.246703,-0.36080001047875015,-1.3646042631747675,0
-0.40445911110729293,-54.831889,133.260408,0.8429288047776038,-1.2206404425250263,0
-0.7633398275128022,-51.103202,-168.78242,0.13485303109739558,0.36296158462212774,0
0.15975869177414306,16.442171,177.486588,1.4093894237217703,1.514672149820058,0
0.3392856789258694,-32.749488,-57.513336,-1.4229136709990624,-1.5085680838245088,0
-0.4040918407675142,-1.100162,94.942615,-0.7856454746868751,0.506925405271869,0
-1.287630968741215,-11.537807,49.624858,-0.9980682067909376,0.36296158462212774,0
0.45723607455847987,-15.02138,-65.581733,0.5596984953055205,-0.3568575186265786,0
0.14026906204261474,17.648116,119.779879,0.48889091793749967,-1.2206404425250263,0
0.11784892934148233,49.623368,-96.362537,-0.9980682067909376,0.36296158462212774,0
-0.5859805144593307,21.479571,-26.824315,-0.431607587846771,-1.3646042631747675,0
-0.7854574901556243,-34.769199,-123.029828,0.7013136500415621,1.0827806878708341,0
-1.0169165554263169,-9.873419,-173.596175,-0.0775697010066669,-0.5008213392763199,0
-0.5049643333721696,13.174366,89.506639,-0.431607587846771,-0.21289369797683735,0
0.3142869622606282,29.800882,160.127487,-0.36080001047875015,-1.076676621875285,1
-0.9263112999296254,-67.058413,29.431586,0.06404545372937474,1.3707083291703166,0
0.5950929034770859,-39.186242,-60.42427,-1.210490938895,-0.5008213392763199,0
-0.7371485912674167,2.937485,-74.28645,-0.21918485574270855,-1.5085680838245088,0
-0.6818562897993906,51.800722,73.565117,-0.6440303199508335,0.36296158462212774,0
-1.4872685087591706,-59.941952,3.558717,-1.0688757841589585,-0.06892987732709607,0
-0.9550465453154313,-13.577408,81.676719,0.34727576320145803,-0.6447851599260612,0
0.2879764491135058,28.350677,58.867311,-0.9980682067909376,-0.5008213392763199,0
-0.8142747575672992,66.272384,-173.450702,-0.5732227425828126,-0.21289369797683735,0
-0.317379419969773,59.843292,137.019338,-1.3521060936310416,0.9388168672210928,0
0.8548891817055526,40.290126,137.749977,1.4093894237217703,-1.5085680838245088,0
1.6360314561010363,72.264926,166.2341,1.196966691617708,1.0827806878708341,0
1.4082448730033983,11.341677,-49.246898,-0.0775697010066669,-1.5085680838245088,0
0.09752901506083894,36.905857,15.733226,0.9137363821456246,-0.3568575186265786,0
0.925826719564301,-40.724206,-68.385121,-0.856453052054896,-1.3646042631747675,0
0.3524141697011355,32.868214,90.309605,0.8429288047776038,-0.3568575186265786,0
-0.811096862238807,-56.390251,-70.76822,1.2677742689857288,1.2267445085205755,0
3.181647327587798,-5.122258,-97.260342,-0.36080001047875015,-0.3568575186265786,0
0.6893979689425066,11.686736,-151.984667,1.6926197331938535,1.3707083291703166,0
1.394558473135648,-37.006747,114.031646,-0.36080001047875015,-0.3568575186265786,0
1.7112986480465264,6.658707,78.771174,-0.9272606294229168,-0.6447851599260612,0
-0.47959944408784067,-73.862274,-164.625979,-1.2812985162630208,1.0827806878708341,0
-0.6742184040459338,56.870519,-24.145416,0.8429288047776038,0.9388168672210928,0
-1.2759067827087598,-2.26668,25.533627,-1.635336403103125,1.0827806878708341,0
0.5360918091375355,-34.245849,101.195536,0.6305060726735413,-0.7887489805758024,0
-0.441598392217078,-33.719416,134.099932,-0.28999243311072936,0.9388168672210928,0
-0.9812678729864139,-66.25698,-19.727313,-1.210490938895,0.36296158462212774,0
-1.1077956228200536,-9.37565,-35.80417,-1.7061439804711458,0.9388168672210928,0
-0.5408834644189019,-48.4476,-126.140957,-0.5732227425828126,1.0827806878708341,0
0.15651307987041407,10.790026,47.881218,-0.36080001047875015,0.36296158462212774,0
1.2449716303985594,23.931954,84.380656,1.126159114249687,0.9388168672210928,0
0.697039178648584,30.873906,127.4018,1.0553515368816662,-0.7887489805758024,0
-0.5431887520718552,71.0877,-139.946335,-1.0688757841589585,-1.6525319044742501,0
0.21632293260550567,57.12252,-114.856423,0.5596984953055205,1.6586359704697993,0
-0.02603258660266054,60.585405,168.831283,-0.36080001047875015,-0.3568575186265786,0
0.7901186868649227,-73.5304,30.663227,-1.0688757841589585,-0.21289369797683735,0
0.054836377420996806,-58.255478,115.408322,0.48889091793749967,-1.2206404425250263,0
-1.1210105874724723,83.009322,-96.359864,-0.36080001047875015,0.7948530465713516,0
1.1245024667391814,68.648191,155.112152,1.551004578457812,-0.21289369797683735,0
-0.8421660769744899,86.760932,-153.840795,1.551004578457812,-0.9327128012255437,0
-0.43866148869052307,81.89532,-103.416779,0.34727576320145803,1.2267445085205755,0
-1.2568807127951316,-1.371739,-17.61455,0.6305060726735413,-0.5008213392763199,0
0.26232834677130995,-82.529033,-116.642643,-0.5024151652147918,0.0750339433226452,0
-0.950349343693503,-19.445583,110.387091,1.0553515368816662,-1.3646042631747675,0
0.5159937388684221,-50.085003,150.770536,-1.3521060936310416,-0.9327128012255437,0
-1.0297423547374345,-29.162445,-77.037843,1.6926197331938535,1.2267445085205755,0
-0.5816743894593421,-87.537527,-171.405739,1.4093894237217703,-0.6447851599260612,0
0.2970408631643541,49.074141,-85.561357,0.13485303109739558,0.2189977639723865,0
0.8051487426292909,8.582429,87.858185,-0.7856454746868751,1.3707083291703166,0
-0.1526597029261336,-82.807902,-61.282409,0.9137363821456246,-0.6447851599260612,0
-0.5827373289439552,82.626398,-68.703334,-1.7061439804711458,-1.6525319044742501,1
0.6554341187076788,85.973097,-144.050712,-0.7148378973188543,1.514672149820058,0
0.5818930439683145,26.331564,98.947224,-1.210490938895,1.0827806878708341,0
0.1948478449498354,6.480656,-51.139633,0.4180833405694788,1.6586359704697993,0
0.679067184537601,44.882007,41.271318,-1.4229136709990624,1.0827806878708341,0
0.5016148056192633,44.102571,57.474295,0.4180833405694788,-1.076676621875285,0
-0.46133956667539916,-18.715106,5.309504,0.8429288047776038,-0.7887489805758024,0
-0.026206837164632353,-15.434691,-165.177601,1.2677742689857288,-1.3646042631747675,0
-0.596522357830312,-74.660018,-93.621112,1.4801970010897911,1.2267445085205755,0
2.297875185936149,1.459094,-2.317204,0.7013136500415621,1.0827806878708341,0
-0.29671733854545496,35.198825,166.576357,-0.0775697010066669,-0.5008213392763199,0
0.1821748154846955,-80.47682,124.601513,-0.9980682067909376,-1.3646042631747675,0
1.4392652825842,-58.289565,-61.662881,1.3385818463537495,1.2267445085205755,0
-0.3483021644560871,-59.063455,-75.157057,-0.36080001047875015,-1.2206404425250263,0
-0.9889567983604822,-51.837735,-122.136804,0.7721212274095829,-0.7887489805758024,0
0.4227579736088077,-43.142326,37.708822,-0.5732227425828126,1.6586359704697993,0
-0.5708532894391333,83.796203,84.768708,0.34727576320145803,-0.3568575186265786,0
-0.10701473478890065,-27.795506,-6.921392,-0.856453052054896,-1.2206404425250263,0
-0.11885212872515252,45.149925,92.625446,1.0553515368816662,-1.6525319044742501,0
-0.7307460795338557,62.896348,27.514774,1.6218121558258327,-0.3568575186265786,0
-0.29925296465209633,37.955581,-70.977528,0.48889091793749967,0.506925405271869,0
-1.1256624167562281,14.28524,-36.295314,1.4801970010897911,-1.5085680838245088,0
1.3565856957177163,-89.780147,106.824628,0.2764681858334372,1.6586359704697993,0
1.6899418878280321,-10.044795,-128.376061,-0.7148378973188543,0.0750339433226452,0
1.1331563274289198,61.339477,106.340809,-1.4937212483670832,1.3707083291703166,0
-0.6559243200289325,28.629316,-115.51484,0.6305060726735413,1.3707083291703166,0
0.12734685643024773,17.521922,-174.185653,1.126159114249687,-1.2206404425250263,0
0.7292623948032038,-42.609657,170.046164,0.34727576320145803,1.0827806878708341,0
0.32760213695842344,-78.666196,-88.973033,0.9845439595136454,1.2267445085205755,0
1.0551526935517288,-64.599479,26.52644,-1.5645288257351042,1.0827806878708341,0
1.0318931827205313,-46.086937,13.356919,0.48889091793749967,1.3707083291703166,0
0.5917409971383485,-10.308214,124.62174,1.3385818463537495,-0.9327128012255437,0
-1.2888797769370364,18.57843,139.256052,0.8429288047776038,0.0750339433226452,0
-0.10118154565922963,-26.803301,-135.843193,-1.7061439804711458,0.6508892259216102,0
1.674283863168985,-82.386506,123.853081,-1.635336403103125,1.514672149820058,0
1.993056198221353,33.160973,-31.242622,0.06404545372937474,-0.6447851599260612,0
-1.0695115336926204,81.191747,113.939573,0.2056606084654164,1.0827806878708341,0
-0.6907810936297927,-56.790211,164.53435,-1.2812985162630208,1.0827806878708341,0
0.8782829552525276,11.52705,51.98142,-1.2812985162630208,0.7948530465713516,0
-0.42102493070851205,-50.348327,108.364486,1.196966691617708,-1.6525319044742501,0
0.30831622961242433,58.605118,-107.5535,0.13485303109739558,-0.5008213392763199,0
0.5610090420215512,11.119934,117.705562,-1.5645288257351042,1.3707083291703166,1
-0.4671007262866595,-9.481218,33.139745,-1.1396833615269792,-0.21289369797683735,0
-0.49792719282635944,82.923434,-30.998966,1.0553515368816662,0.6508892259216102,0
-0.24387358849343868,58.007905,101.171298,-0.36080001047875015,0.2189977639723865,0
-1.5437111482042674,82.366507,146.433059,-1.1396833615269792,1.3707083291703166,0
-0.04942403260656069,33.200988,-20.9734,-0.0775697010066669,-0.7887489805758024,0
-0.02316780304365535,-7.381352,147.31023,-0.7148378973188543,1.6586359704697993,0
-1.4292037501805934,-71.501394,32.07896,-0.28999243311072936,-0.6447851599260612,0
-0.9846834892892398,-16.910679,-34.377715,-1.5645288257351042,0.6508892259216102,0
-0.17667271628085135,-75.628208,-10.038135,-0.14837727837468773,-1.076676621875285,0
-0.0880288271174043,66.042735,175.787349,0.8429288047776038,-0.21289369797683735,0
0.5788614184368043,-86.65957,-14.95657,1.0553515368816662,-1.6525319044742501,0
0.5801517743183816,26.704654,111.805387,-1.2812985162630208,-1.5085680838245088,0
0.4635318758127136,-89.843782,-120.319414,0.34727576320145803,-1.2206404425250263,0
-1.4168568896807132,-18.621326,-118.97092,-1.0688757841589585,-1.6525319044742501,0
-0.8558026605397585,69.233492,2.107055,-0.006762123638646077,-1.5085680838245088,0
-1.2490332056417206,-60.370678,-5.221601,1.6926197331938535,1.514672149820058,0
1.0916638658579076,-46.754451,-53.797312,0.8429288047776038,1.0827806878708341,0
-0.5921042531940753,-42.542153,-134.028248,-0.9980682067909376,-0.3568575186265786,0
-0.6925659798862258,-22.777439,32.824705,-1.5645288257351042,-1.6525319044742501,0
0.30997370800659146,79.857238,-117.913617,-0.0775697010066669,-0.6447851599260612,0
0.19905608074115277,86.879942,28.125505,-1.3521060936310416,-1.076676621875285,0
0.8210019361070076,78.766344,114.705592,1.0553515368816662,-0.06892987732709607,0
-0.5001137966626686,-86.806067,-132.53446,0.5596984953055205,-1.3646042631747675,0
-0.1549813741772708,-48.096706,57.434427,-0.28999243311072936,0.36296158462212774,0
0.1607119548964049,-82.983708,-5.276354,1.6926197331938535,1.3707083291703166,0
0.7572985503782779,88.430599,-107.752444,-0.21918485574270855,-0.6447851599260612,0
-1.4556034988999302,-60.786445,-4.840807,-0.7148378973188543,-1.076676621875285,0
-0.13271832932904523,-25.691108,106.779913,-1.2812985162630208,1.6586359704697993,0
-1.538959571322154,76.854468,104.400521,0.4180833405694788,0.2189977639723865,0
1.4928292238409298,30.324621,98.999462,1.6218121558258327,-1.076676621875285,0
-0.2361311880208252,-6.935013,175.170609,-1.7061439804711458,0.0750339433226452,0
-0.7635461425986212,-17.956213,77.76477,-1.635336403103125,0.7948530465713516,0
-1.277898367844921,-87.73653,41.063162,-1.4937212483670832,1.3707083291703166,0
0.010333685234532817,-60.355134,-154.123984,0.13485303109739558,-0.7887489805758024,0
2.442886547760809,84.122674,89.863911,-1.210490938895,-0.3568575186265786,0
-0.17408222073847993,-58.395519,148.630015,-0.5024151652147918,1.6586359704697993,0
-1.1341420832826625,-70.303716,-117.780689,-0.7856454746868751,-1.5085680838245088,0
-0.19507798706459603,87.818343,-118.681246,-0.21918485574270855,0.36296158462212774,0
-0.5133852669882499,-5.543641,135.224207,-0.5024151652147918,-0.5008213392763199,1
-1.5012346958138427,73.897118,-50.815656,-1.210490938895,-0.21289369797683735,0
-0.21530440449880178,-23.139019,155.688709,-0.9980682067909376,-0.21289369797683735,0
-0.024808482948558887,49.821708,54.792134,0.4180833405694788,0.7948530465713516,1
-0.2966929886877421,-17.338532,46.988747,0.7013136500415621,0.0750339433226452,0
-0.5275157973876979,-88.478285,81.813696,-1.635336403103125,-1.6525319044742501,0
0.5042327602789216,40.218566,86.081788,1.4093894237217703,-1.5085680838245088,0
-0.2066484657932256,27.911842,-174.696017,0.9845439595136454,-1.6525319044742501,0
-0.6039966857100063,-17.094048,116.766447,-0.0775697010066669,0.0750339433226452,0
-0.15712539406493198,-54.44755,-13.818756,-0.0775697010066669,0.2189977639723865,0
-0.4634297517069388,-42.347601,134.264631,0.7721212274095829,-1.3646042631747675,0
-0.42793783402427243,74.604204,-4.689701,-0.9980682067909376,-0.06892987732709607,0
1.1063174644654654,-77.762461,89.864334,-0.9272606294229168,-0.21289369797683735,0
-0.9967106916383053,-44.311826,-126.402875,0.06404545372937474,-0.3568575186265786,1
1.281879903692206,85.596259,68.358186,1.6926197331938535,0.2189977639723865,0
0.26928977237401736,48.81948,15.595502,0.13485303109739558,-1.5085680838245088,1
2.337875415609806,76.24086,-92.260988,0.2764681858334372,-0.06892987732709607,0
1.325595063099793,59.416343,-133.370501,1.196966691617708,-1.6525319044742501,0
0.08046231010153758,-80.017497,-19.062778,0.9845439595136454,0.0750339433226452,1
-0.466844984692588,63.192068,85.117414,1.2677742689857288,0.2189977639723865,0
-1.285408857558658,-74.954474,64.610045,1.196966691617708,1.6586359704697993,0
-0.5231296488496759,-65.563289,-105.161798,1.126159114249687,-1.3646042631747675,0
-1.0467379352755048,-81.498098,-89.771256,0.06404545372937474,0.506925405271869,0
-0.04853474634480458,72.834601,102.984369,-0.36080001047875015,-0.5008213392763199,0
0.30039468631484567,40.519415,-74.879557,-0.431607587846771,-0.5008213392763199,0
-0.5667158448690218,46.003663,-119.265436,0.2056606084654164,0.506925405271869,0
0.8091164951291943,75.252469,98.887362,-0.5732227425828126,1.0827806878708341,0
1.1620796152654482,18.029778,104.498485,0.7013136500415621,0.9388168672210928,0
-1.3745111881934557,-15.125077,-46.164795,-1.635336403103125,-1.2206404425250263,0
0.7115995035497341,26.845059,13.572107,-0.7148378973188543,-0.7887489805758024,0
-0.9742120342010124,-32.059282,-36.916309,-1.635336403103125,-1.5085680838245088,0
-0.3309089004785117,-3.098573,57.476513,-0.431607587846771,-1.5085680838245088,0
-0.5459411716311117,-30.857011,64.753391,0.06404545372937474,0.2189977639723865,0
-1.148849455965978,-22.50553,178.296433,-0.0775697010066669,0.2189977639723865,0
0.056008247889429964,-1.592815,-95.338235,-0.5024151652147918,0.0750339433226452,0
-0.3204708539800936,44.759642,156.080361,-0.7148378973188543,-1.6525319044742501,0
-0.04902427916066558,14.473172,-94.563306,-0.5732227425828126,1.6586359704697993,0
-0.29849429479961537,-6.481785,75.495685,-1.635336403103125,-0.5008213392763199,0
-0.25435604003122614,70.804811,-101.834448,0.34727576320145803,0.2189977639723865,0
-0.6658523163816488,4.586399,149.475751,0.2764681858334372,-0.7887489805758024,0
0.5062677581420907,39.892067,88.680529,-0.006762123638646077,1.514672149820058,0
-1.2325923960473724,-37.542618,87.407854,1.3385818463537495,0.7948530465713516,0
0.7777450459904922,88.008891,171.405592,0.06404545372937474,-1.3646042631747675,0
1.3258714967180265,21.587783,-169.181881,0.2764681858334372,-0.6447851599260612,1
-0.4175522257461366,-64.74701,149.922872,-1.2812985162630208,-1.6525319044742501,0
0.32820111429483917,20.541152,19.373885,-0.36080001047875015,1.6586359704697993,0
0.3413720845333943,-67.486907,85.547359,-0.21918485574270855,1.6586359704697993,0
-0.2620580264437621,25.863757,47.062028,1.0553515368816662,0.7948530465713516,0
-0.8979556094845985,8.188806,-4.820949,-0.5732227425828126,-1.076676621875285,0
-0.01085974448550574,11.822358,90.885728,1.4801970010897911,1.514672149820058,0
-0.7115117684177528,-0.542107,-126.636058,-1.0688757841589585,-0.7887489805758024,0
-0.5377199081323033,-78.128387,-29.743991,0.9845439595136454,-1.076676621875285,0
-0.9582118263707728,30.413533,-15.864746,1.0553515368816662,1.0827806878708341,0
-0.26700631494777943,-43.741497,-76.318379,0.7721212274095829,-1.076676621875285,0
3.280284032284191,-85.360648,6.130302,-0.0775697010066669,0.6508892259216102,0
-0.8153835545152271,-30.259596,98.358606,0.48889091793749967,0.9388168672210928,0
0.11007175705057312,-13.513436,-1.980314,-1.5645288257351042,-0.5008213392763199,0
0.49906265777109204,72.544698,-35.913267,1.551004578457812,1.514672149820058,0
-0.5382620668836161,-40.966668,2.806049,-0.28999243311072936,1.0827806878708341,0
0.5548802024206454,42.11825,148.40406,-0.9272606294229168,-0.06892987732709607,0
0.28847328263632543,-35.68573,164.160712,1.126159114249687,0.9388168672210928,0
0.8822334948099941,-71.072118,163.02114,1.4093894237217703,-1.5085680838245088,0
-1.190012105926006,54.479188,90.009399,1.3385818463537495,1.0827806878708341,0
-0.11940219530618303,27.002415,26.916156,-1.3521060936310416,-0.21289369797683735,0
1.161670736183749,86.697023,-51.272279,0.9845439595136454,0.7948530465713516,0
-1.3956845173232544,-61.465903,-179.583134,-0.28999243311072936,1.6586359704697993,0
1.7664309334691064,-34.524905,147.861133,-0.28999243311072936,-1.6525319044742501,0
0.22047487948702332,50.263354,45.699817,-0.7856454746868751,0.6508892259216102,0
0.21910611697895366,15.4977,11.417566,1.2677742689857288,1.3707083291703166,0
0.4181830800902494,16.977715,107.638667,1.0553515368816662,-0.7887489805758024,0
2.9761085146188493,11.727264,10.244291,-0.7148378973188543,-0.3568575186265786,0
-0.43164681592191445,74.517329,40.149569,-0.5732227425828126,-1.3646042631747675,0
-0.02326571006033349,-22.819361,163.674826,-0.9272606294229168,-1.5085680838245088,0
1.172347910223781,58.714698,109.331446,1.3385818463537495,1.3707083291703166,0
0.24294044200804646,-64.469755,131.82813,0.9137363821456246,-0.3568575186265786,1
0.46077746578075895,-72.061541,9.77403,1.6926197331938535,-1.2206404425250263,0
2.1803170715417153,81.879844,124.523001,-1.0688757841589585,1.2267445085205755,0
-0.5145685490490787,-2.764623,-43.80849,1.3385818463537495,-0.9327128012255437,0
-0.7746987992219524,81.15477,124.508496,1.196966691617708,1.514672149820058,0
0.8900700392674465,-69.129131,127.928842,-1.0688757841589585,-0.6447851599260612,0
-0.1808150206175385,-7.471394,-135.24987,-1.0688757841589585,-1.6525319044742501,0
-0.16894940742776715,35.850752,32.642605,-1.1396833615269792,-1.3646042631747675,1
-0.6685818144356388,11.186217,63.7497,-1.4937212483670832,-0.9327128012255437,0
-0.4551153042100598,-12.501617,-16.395494,1.4093894237217703,1.3707083291703166,0
-1.234025575863839,43.852901,151.027373,0.34727576320145803,0.2189977639723865,0
-1.0414843632336865,-51.151752,99.792781,-0.7148378973188543,-0.06892987732709607,0
-0.005775844141044134,50.884501,-141.787519,-0.7148378973188543,-0.6447851599260612,0
0.09244899670366487,31.974528,131.22912,0.34727576320145803,-1.5085680838245088,0
-1.1929968893924454,23.026853,118.135457,0.4180833405694788,0.2189977639723865,0
0.5737115220533,83.466341,19.978048,-0.21918485574270855,0.0750339433226452,0
0.026912220499066813,-34.358031,-12.462723,-1.0688757841589585,0.6508892259216102,0
-0.9792037196694922,52.793494,175.399033,0.13485303109739558,-0.6447851599260612,0
0.5433223433037192,86.644502,-56.410602,0.9845439595136454,0.6508892259216102,0
-0.8325116179475082,-19.647909,-145.447321,0.34727576320145803,-0.3568575186265786,0
2.0618988265949056,-75.991354,8.438652,-0.006762123638646077,0.2189977639723865,0
-0.3034201690914386,-9.998043,-130.503637,0.4180833405694788,0.7948530465713516,0
0.8202288407445157,51.326093,116.159376,-0.5024151652147918,-0.6447851599260612,1
0.08733650230839375,-67.929658,-147.758811,-1.210490938895,-0.7887489805758024,0
2.743310451462552,51.359927,-53.137597,0.7721212274095829,-1.5085680838245088,0
0.045908228014352855,-63.217159,-150.231686,-1.3521060936310416,1.2267445085205755,1
0.08545947971060397,83.71724,-80.741703,0.7013136500415621,-0.7887489805758024,0
0.3786448042048817,58.007992,-100.30263,-1.635336403103125,-0.5008213392763199,0
0.8745131801958105,12.257143,104.715576,-1.3521060936310416,0.7948530465713516,0
0.7376962463951365,-46.652418,132.285928,0.6305060726735413,1.3707083291703166,0
0.02825148571984081,88.474556,-134.605437,-0.21918485574270855,-0.3568575186265786,0
-0.18343406153365382,67.821145,129.566528,-0.856453052054896,1.2267445085205755,0
0.6789782678378653,-31.209028,13.432752,-0.5024151652147918,-0.5008213392763199,0
-0.3036317231462543,-29.351192,28.906201,0.6305060726735413,-1.5085680838245088,0
-0.9681250369799276,66.618596,4.746038,0.2764681858334372,1.0827806878708341,0
0.008510394803262147,9.446346,128.219141,0.7013136500415621,0.0750339433226452,1
-0.8937774787396083,-43.13878,-99.959416,0.5596984953055205,1.6586359704697993,0
-0.4051596337901144,32.016906,80.049583,0.2056606084654164,-1.6525319044742501,1
-0.25148252723989395,-1.037318,6.19638,-0.9980682067909376,-1.3646042631747675,0
1.4781427034221524,77.419931,-171.227537,0.7013136500415621,-1.2206404425250263,0
-1.0282966982347232,89.330278,-129.74517,0.5596984953055205,-0.7887489805758024,0
1.746125055742017,51.020169,43.138585,1.551004578457812,1.514672149820058,0
2.9309857333999974,-1.952273,-114.759117,-1.3521060936310416,-1.076676621875285,0
-0.4369540170840452,-38.147588,-160.729559,-0.6440303199508335,1.514672149820058,0
-1.0384738123245865,29.790553,132.363456,-0.6440303199508335,1.6586359704697993,0
-1.3727616700744756,53.623248,-101.260188,-0.14837727837468773,-1.076676621875285,1
0.6605353988251425,-66.295132,-177.045459,-1.2812985162630208,1.3707083291703166,0
0.5313271762108291,15.059546,144.086698,0.6305060726735413,0.7948530465713516,0
1.2336239273436822,68.322585,76.076249,-0.9980682067909376,0.2189977639723865,0
-0.3184937588514153,-24.16966,128.970938,0.7721212274095829,0.2189977639723865,0
-1.0558896802470412,21.437249,-38.228556,-0.7148378973188543,0.2189977639723865,0
-0.31849745062541274,27.042798,-126.183287,0.6305060726735413,0.36296158462212774,0
-0.13009270988072838,5.963438,-139.717878,-1.3521060936310416,-1.5085680838245088,1
-0.8237923345987057,-9.377653,-102.707944,1.551004578457812,1.0827806878708341,0
1.437330524604234,31.981119,-51.402537,-0.7148378973188543,-1.076676621875285,0
-0.8848220405604377,-79.627352,-27.278985,0.9845439595136454,0.506925405271869,0
0.3731385827586899,-20.992617,-79.764108,0.6305060726735413,-0.3568575186265786,0
0.1708071227895969,89.396389,48.545326,1.551004578457812,0.7948530465713516,0
0.32411363555637435,-61.995655,-148.807114,-0.0775697010066669,1.2267445085205755,0
-0.020266168590050468,44.625922,-132.634795,0.48889091793749967,-0.06892987732709607,0
0.03310344448548061,80.548019,6.353841,0.2056606084654164,-1.076676621875285,0
0.7644642226196712,-5.900139,60.759669,0.2764681858334372,1.0827806878708341,0
-0.8609379164236979,-44.50805,137.506185,0.7721212274095829,0.7948530465713516,0
0.10628949735169894,30.165468,-123.721807,1.0553515368816662,1.0827806878708341,0
0.8860081803619287,56.484476,-161.278835,-0.9272606294229168,1.6586359704697993,0
2.2654427798088985,-68.502003,-40.608423,0.6305060726735413,-0.7887489805758024,0
-0.19517878078283518,39.146398,-126.457067,-0.28999243311072936,-1.2206404425250263,0
2.7527308467673546,-34.432187,64.679959,0.9845439595136454,-1.5085680838245088,0
-1.2511206071187961,-26.488351,-153.266565,0.2056606084654164,0.36296158462212774,0
0.022819049796562726,11.44799,61.573005,-0.006762123638646077,-1.076676621875285,0
0.16231408331227876,40.390988,-96.655506,0.7721212274095829,1.6586359704697993,0
1.009094119334361,21.885894,-157.751524,-0.0775697010066669,1.2267445085205755,0
0.025277304866896395,-81.662312,-129.037617,-0.0775697010066669,-0.7887489805758024,1
0.3907232855259672,-3.845646,80.337556,-0.5024151652147918,0.9388168672210928,0
-0.1587538690138584,14.284848,149.496681,-0.9272606294229168,-0.21289369797683735,0
0.6859056494604616,-19.585017,48.616546,1.3385818463537495,0.6508892259216102,0
0.5016704021243771,61.036641,47.066292,1.4093894237217703,0.6508892259216102,0
0.44690095828152154,-62.793135,-172.901077,-0.006762123638646077,-0.21289369797683735,0
2.218154317712916,-53.268548,95.195651,-0.431607587846771,0.6508892259216102,0
1.0709211337487126,-59.164042,-39.646325,0.9137363821456246,1.0827806878708341,0
0.671698072263991,26.460902,-53.246483,0.48889091793749967,1.2267445085205755,0
0.03771338686954807,53.450888,-97.959358,-0.6440303199508335,-0.06892987732709607,0
-0.1686458894216557,-42.230205,67.999855,0.5596984953055205,-0.06892987732709607,0
-0.26561871317186836,83.78525,-165.389797,0.7013136500415621,0.2189977639723865,0
0.7152910831980515,16.520269,-35.743019,1.3385818463537495,-0.5008213392763199,0
-0.35738234148341996,82.353565,154.057195,-0.14837727837468773,1.514672149820058,0
-0.9312196787186378,65.242049,141.626365,0.9845439595136454,1.2267445085205755,0
1.9267341133296245,-37.43692,176.186462,0.7721212274095829,-0.3568575186265786,0
-1.2729752973788409,-52.363752,-118.727277,1.0553515368816662,0.0750339433226452,0
-1.1329024929572793,54.203502,-148.849568,0.7013136500415621,-0.6447851599260612,0
-0.2673787109852799,-39.994171,-153.218246,0.5596984953055205,0.36296158462212774,0
-0.7999507304570672,-41.364444,-161.05966,-1.2812985162630208,0.9388168672210928,0
-1.025851977871975,27.569696,31.558869,-0.006762123638646077,-1.6525319044742501,0
-0.45110518674132494,-18.991323,150.685537,-1.2812985162630208,1.2267445085205755,0
0.2198945200934971,27.293808,-98.029837,0.06404545372937474,-1.6525319044742501,0
-0.5036024498493753,3.862535,62.937134,-0.36080001047875015,1.514672149820058,0
1.5958362548364624,-14.876131,-63.634347,-0.7148378973188543,0.6508892259216102,0
0.13668083754736404,65.135199,-59.895486,1.126159114249687,-1.5085680838245088,0
-0.23547216125151435,-0.737907,66.362944,-1.3521060936310416,-1.076676621875285,0
2.43416783657261,55.855627,133.921158,0.4180833405694788,1.0827806878708341,0
-0.05171050520104682,-61.679838,110.657469,1.4801970010897911,1.6586359704697993,0
2.7777472346793117,9.155527,41.004095,-1.4937212483670832,0.9388168672210928,0
0.4075620802314744,16.241047,20.136681,-0.9272606294229168,0.0750339433226452,0
1.0695888469979626,-60.855285,14.076877,-1.0688757841589585,1.514672149820058,0
0.4588785015191833,5.867264,86.657605,0.06404545372937474,-0.9327128012255437,0
-0.8892139920614399,32.880148,-73.371068,0.13485303109739558,-1.6525319044742501,0
0.5711507316099486,17.897393,-52.130917,1.196966691617708,-0.5008213392763199,0
-0.7228896397219714,21.88123,-134.001887,-0.5024151652147918,-1.2206404425250263,0
-0.9365619970299085,-13.698643,-61.212219,-0.6440303199508335,-1.076676621875285,0
0.04035996162599616,63.258351,-129.098609,-0.7856454746868751,-1.3646042631747675,0
-0.05238787606692562,-5.594398,92.10862,0.8429288047776038,0.9388168672210928,0
0.07971676628584669,9.329711,-151.709926,1.6218121558258327,-1.3646042631747675,1
-0.7059411017328533,-16.484136,105.156607,-1.7061439804711458,1.0827806878708341,0
-1.4511251937353697,-62.389287,87.378264,1.4801970010897911,0.9388168672210928,0
-1.2101190958528354,-56.708313,74.421006,0.7013136500415621,-0.21289369797683735,0
0.38835796630665675,46.11965,158.49875,-1.210490938895,1.514672149820058,0
0.8865522406731688,-77.598237,-29.324593,1.0553515368816662,1.2267445085205755,0
0.3936126073205203,-42.344452,94.620544,1.4093894237217703,-1.3646042631747675,0
-0.8752163135049963,61.074994,-147.913286,-0.7856454746868751,1.2267445085205755,0
-1.3311074001776049,-76.927617,-131.93036,1.0553515368816662,0.0750339433226452,0
-0.2821589585420392,62.908134,-91.342418,1.6218121558258327,-0.5008213392763199,0
0.6706934802141149,-84.317381,15.845252,-0.36080001047875015,-1.5085680838245088,0
-0.031628395701955116,35.768428,-39.1411,1.3385818463537495,1.2267445085205755,0
-1.1780092325041023,66.018114,-78.911099,0.5596984953055205,0.506925405271869,0
-0.07678457417942712,19.199535,-70.882303,0.7013136500415621,-1.5085680838245088,0
-1.091551968853442,3.488222,147.70509,-0.7856454746868751,-0.3568575186265786,0
-1.5308965681622342,73.952866,-58.1785,-0.5024151652147918,-0.6447851599260612,0
0.3804238190644272,-9.251802,-178.701634,-0.14837727837468773,-1.3646042631747675,0
0.3045079304408407,9.016914,80.269773,0.13485303109739558,0.2189977639723865,0
-0.12707354178650027,-55.256815,72.574188,-0.9272606294229168,1.3707083291703166,0
-1.4237417646092325,29.379826,-110.760668,1.551004578457812,1.514672149820058,0
-1.0394098810625152,-33.977063,-53.16847,1.2677742689857288,-0.21289369797683735,0
-1.290238026972112,24.930228,85.183837,-0.856453052054896,-0.9327128012255437,0
-1.4610729597015835,-35.220665,124.456945,0.34727576320145803,-1.5085680838245088,0
-0.37294515426569314,-30.563567,-104.100422,-0.9272606294229168,-0.21289369797683735,0
-1.3708029298170954,-69.692584,172.652155,-0.5732227425828126,-1.6525319044742501,0
-0.3978565560579048,31.616139,158.9502,0.7013136500415621,1.6586359704697993,0
-0.6334404769274752,-16.038798,-82.178806,-1.5645288257351042,1.514672149820058,0
0.5514696754245036,-89.533945,-172.965124,-1.3521060936310416,-1.5085680838245088,0
-0.3890694501863415,62.018902,-42.481818,1.126159114249687,1.2267445085205755,0
-0.9550240564511306,-27.766261,-165.772929,0.4180833405694788,-0.3568575186265786,0
-0.7814874509197168,-19.216929,92.793423,1.551004578457812,0.7948530465713516,0
-0.4736771153830169,65.086044,-115.870069,0.6305060726735413,1.2267445085205755,0
0.5560354018379698,10.590045,66.490904,-0.5732227425828126,-0.21289369797683735,0
-1.0416408108022255,-71.51658,-18.024699,-1.4229136709990624,0.36296158462212774,0
-0.07833659526062993,87.596584,93.030822,1.0553515368816662,-1.6525319044742501,0
-0.12662751045779036,80.440343,-80.964609,0.06404545372937474,-0.21289369797683735,0
0.6974455710978252,-70.247898,70.68411,-1.4937212483670832,0.506925405271869,0
1.5783210483333832,37.9522,-155.870367,1.196966691617708,-0.3568575186265786,0
-1.3266922251500408,28.359234,-9.778273,-0.5732227425828126,-0.21289369797683735,0
1.1171500791551308,22.697847,131.671172,0.6305060726735413,0.0750339433226452,0
-0.49976183666065743,-26.959556,166.20652,0.5596984953055205,-0.3568575186265786,0
0.1259222968742024,-67.60921,-68.19852,1.0553515368816662,-0.9327128012255437,0
0.039077666451734785,59.118373,-39.199204,1.0553515368816662,-0.9327128012255437,0
-0.27080457688825144,67.470224,89.230787,-0.28999243311072936,1.514672149820058,0
0.37539181010410144,-62.161752,154.324308,0.6305060726735413,-1.5085680838245088,0
0.18190065267671615,-61.589692,94.157727,1.4093894237217703,-1.076676621875285,0
-0.10367080668709049,-55.852971,-170.927894,1.4801970010897911,1.2267445085205755,0
-0.29005371291867776,56.466887,-179.887617,0.13485303109739558,0.2189977639723865,0
0.040470644407956384,-62.908003,-174.016939,-1.4229136709990624,-1.5085680838245088,0
0.33357207064544087,-89.475113,33.112342,1.6218121558258327,0.6508892259216102,0
-0.007134788736898743,86.270858,-37.838289,0.2764681858334372,-0.06892987732709607,0
0.8048939067952483,-87.378912,-23.765026,-0.5732227425828126,-1.5085680838245088,0
0.33854793860007537,-71.013819,-41.896067,-0.36080001047875015,0.0750339433226452,0
0.5417564480873986,-66.945516,21.782526,-0.9272606294229168,-1.6525319044742501,0
-0.1609937536652088,57.902769,-33.147164,-1.4937212483670832,-1.076676621875285,0
0.6127101427838493,63.013223,-41.686051,0.2764681858334372,-0.7887489805758024,0
-1.2783622169475732,-40.252861,-157.96964,0.6305060726735413,-1.6525319044742501,0
-0.7028873153461822,-73.085563,14.357804,-0.21918485574270855,0.9388168672210928,1
0.7618419329645106,-32.888172,55.009415,-0.9980682067909376,0.506925405271869,0
-0.546799969236579,83.153598,102.432281,1.0553515368816662,-0.21289369797683735,0
0.1270487189762537,-70.011336,32.603421,1.4801970010897911,1.2267445085205755,1
-0.4542855055669907,85.089316,-69.743716,-1.2812985162630208,-0.5008213392763199,0
0.703931142515154,41.873045,146.384137,0.06404545372937474,-1.2206404425250263,1
0.39001670961909796,-71.829203,165.759007,-1.2812985162630208,1.0827806878708341,0
-0.27204663771591286,-30.472121,43.805356,-0.21918485574270855,-0.7887489805758024,0
1.148008489543429,53.503612,117.1693,1.196966691617708,-0.6447851599260612,0
-0.6779257508759032,66.286945,-67.787447,-1.3521060936310416,0.36296158462212774,0
-1.3296060281264157,-48.263787,44.156894,1.3385818463537495,-1.6525319044742501,0
-0.8924459872524559,-55.991759,175.734919,-1.4229136709990624,-0.3568575186265786,0
-0.09639579637376429,-60.69803,-42.306912,-0.5732227425828126,-0.6447851599260612,1
0.7702046052696011,-83.066538,48.27371,-0.9272606294229168,1.0827806878708341,0
-0.9601816676739315,15.291135,98.916987,0.2764681858334372,-1.076676621875285,0
0.9755751827340288,85.757048,7.810811,-0.006762123638646077,-1.2206404425250263,0
4.348606909550206,51.296767,138.79024,-1.3521060936310416,-0.5008213392763199,0
2.69685506436114,-36.281378,94.994589,1.4801970010897911,-1.076676621875285,0
0.7972058332218109,42.158581,36.105875,1.0553515368816662,0.9388168672210928,0
-0.26713966969363556,63.957532,-126.241511,0.9845439595136454,0.9388168672210928,0
-0.31741450464071985,78.890743,-24.561652,1.0553515368816662,1.0827806878708341,0
-0.6829376137581268,57.708292,-51.400398,0.48889091793749967,-1.5085680838245088,1
-0.5988756724044234,-72.20038,-53.708141,-0.0775697010066669,-0.7887489805758024,0
0.13807111101606487,44.097302,-62.75349,0.6305060726735413,0.7948530465713516,0
-1.3741700234206775,-33.057373,-12.754241,0.9845439595136454,-1.6525319044742501,0
-0.638575874584574,-64.811633,-152.007201,0.13485303109739558,-0.3568575186265786,0
-0.9875404887893392,-49.103271,127.687324,-0.006762123638646077,1.2267445085205755,0
1.570122423682176,4.085448,-18.552878,-1.2812985162630208,0.7948530465713516,0
0.7189895245521544,-83.355273,-21.080844,-0.7856454746868751,-0.06892987732709607,0
0.04551794353937721,52.109448,-13.774322,-0.14837727837468773,-0.7887489805758024,1
0.005707659506816619,8.387794,-107.859526,0.9845439595136454,-0.9327128012255437,0
-0.630397810911198,-19.915727,-12.090599,1.4093894237217703,-0.3568575186265786,0
-0.9399228995354754,73.195516,91.890352,-1.210490938895,0.9388168672210928,0
-0.5569490192276613,9.785752,-65.033194,-1.4229136709990624,0.0750339433226452,0
-0.3185553299163944,48.660603,153.541502,-0.7856454746868751,-1.076676621875285,0
-0.05967248712965036,5.657438,115.589204,-0.856453052054896,1.0827806878708341,0
-0.33413970599278053,-76.598406,-21.925487,1.196966691617708,1.2267445085205755,0
-0.47329849410674985,-51.653139,134.001666,0.9845439595136454,-1.6525319044742501,0
1.542124486040881,36.969718,87.193553,0.6305060726735413,1.0827806878708341,0
-0.8567297641831979,-29.831457,-29.678899,0.9845439595136454,1.2267445085205755,0
0.1449730220236626,61.079274,-18.000661,-0.7148378973188543,-0.21289369797683735,0
-1.230482090110797,20.823254,-69.72372,1.551004578457812,1.2267445085205755,0
-0.6654472101512585,23.172113,100.982618,-0.006762123638646077,0.2189977639723865,0
-0.6341863145547678,60.885168,-154.229067,-1.7061439804711458,-0.06892987732709607,0
-0.4108180783446891,43.294117,-173.957821,0.48889091793749967,0.506925405271869,0
-0.9046072101060968,-21.115797,85.623003,-0.856453052054896,-1.2206404425250263,0
-1.1934745931399597,73.420145,161.099462,0.13485303109739558,-0.9327128012255437,0
-0.7218673265703429,78.368515,-82.807095,0.4180833405694788,-1.6525319044742501,0
-0.5810829238605437,-61.848624,64.683244,1.126159114249687,0.6508892259216102,0
-0.12439694438034513,-52.46626,156.291484,-1.5645288257351042,0.506925405271869,0
0.6201089139669277,-71.923181,0.596342,-0.9272606294229168,-1.076676621875285,1
0.535357904514135,-81.835731,0.228272,0.4180833405694788,1.6586359704697993,1
2.55250591862771,-38.908518,113.406973,-0.5732227425828126,1.6586359704697993,0
2.270229754666772,72.299912,174.062313,1.3385818463537495,1.6586359704697993,0
-0.9907774679704828,38.032752,-152.260761,0.4180833405694788,1.6586359704697993,0
-1.421063751305638,-4.469719,37.126548,1.196966691617708,-1.6525319044742501,0
0.483434463547624,-12.88868,-138.861767,-1.4229136709990624,1.514672149820058,0
-0.7477162950923387,30.520711,32.396864,-0.006762123638646077,-0.21289369797683735,0
0.7909462117412867,-54.436797,-111.89268,-0.006762123638646077,-1.3646042631747675,0
-0.7770038732661457,-35.468196,-86.251714,-0.5732227425828126,1.0827806878708341,0
-1.0097475182051319,-64.20331,94.892524,-1.4937212483670832,-1.3646042631747675,0
-0.7789607024700461,-62.097357,-157.58732,1.0553515368816662,1.6586359704697993,0
1.6578935227317944,-17.443784,-123.929399,0.8429288047776038,-0.9327128012255437,1
-0.37243330609928726,17.555257,-172.157501,-1.2812985162630208,0.36296158462212774,0
-0.00892289596906433,60.610978,-175.363003,0.48889091793749967,0.6508892259216102,0
-1.5451211440973822,44.137277,-169.6676,0.13485303109739558,-0.9327128012255437,0
2.989438261238665,8.036224,15.737307,0.7013136500415621,0.2189977639723865,0
0.5838250189588092,-14.52832,-38.738536,0.2056606084654164,0.0750339433226452,0
0.29669454165213743,86.664656,98.784394,0.4180833405694788,1.514672149820058,0
0.06666956549989876,-18.229837,91.695286,0.9845439595136454,-0.7887489805758024,0
0.097502684577325,-10.770621,-11.245551,1.6926197331938535,-1.3646042631747675,0
0.8007978110932575,-52.086721,82.941528,1.6926197331938535,0.36296158462212774,0
-1.4592682380462532,89.012993,-145.457491,-0.5024151652147918,0.6508892259216102,0
-0.4577192900625758,22.687818,73.35746,-0.0775697010066669,1.0827806878708341,0
-0.4883435551596602,-42.992503,-137.666205,-1.5645288257351042,0.0750339433226452,0
0.3226662451891971,61.553122,-48.810856,0.2764681858334372,-1.076676621875285,0
0.8172182370167929,-26.205125,-31.494311,0.9845439595136454,-0.6447851599260612,0
-0.43520854849693325,-89.689561,-70.398595,1.4801970010897911,-0.5008213392763199,0
0.43069303807296405,51.575186,123.345197,0.2056606084654164,0.36296158462212774,0
1.7665628797273945,-34.448835,19.513644,-1.4229136709990624,-0.7887489805758024,0
-0.8098287463190403,-78.440392,63.037892,-0.431607587846771,0.506925405271869,0
-0.6286483281012867,26.842245,-41.598562,0.34727576320145803,-1.3646042631747675,0
-1.2898419114968678,85.247603,35.053945,-1.1396833615269792,-0.6447851599260612,0
-0.18294260656269704,-83.771276,-123.878751,0.4180833405694788,0.6508892259216102,0
-1.4508716139587328,-84.550519,169.016523,-0.006762123638646077,0.36296158462212774,0
1.0836149194035338,-21.938635,9.563875,0.2056606084654164,0.0750339433226452,0
0.11414197318587731,-82.638793,172.439142,-1.3521060936310416,1.3707083291703166,0
2.0060203754859747,11.276057,-14.202501,1.6926197331938535,-0.06892987732709607,0
0.2036502205040538,32.422172,62.435132,1.0553515368816662,1.6586359704697993,0
0.055236162340818996,54.050606,-46.181751,0.9137363821456246,0.9388168672210928,1
-0.5325509623176541,-36.083654,-25.085468,1.4801970010897911,-1.076676621875285,0
0.6446050341634515,56.201532,-139.140595,0.34727576320145803,-1.3646042631747675,0
-1.427887711418351,35.30618,92.179943,-0.9980682067909376,0.9388168672210928,0
-0.9983702344107481,-73.584095,-51.089296,0.5596984953055205,-0.06892987732709607,0
0.6095127417717718,-60.388929,33.966695,-0.0775697010066669,-0.06892987732709607,0
0.07196922931835359,-0.367123,147.483703,-0.7148378973188543,1.514672149820058,0
0.7964116251112492,75.517222,13.938539,-0.6440303199508335,0.7948530465713516,0
2.3004296928294417,-8.970393,-107.562117,-0.14837727837468773,1.6586359704697993,0
0.9837379059352256,-67.706357,-166.086288,1.3385818463537495,1.6586359704697993,0
0.38230618103663583,-2.651727,-154.863043,0.5596984953055205,1.514672149820058,0
3.1404932670702723,70.42672,-85.833738,0.48889091793749967,-0.3568575186265786,0
-0.44362635576614096,-23.128113,-73.950848,-0.9980682067909376,-1.2206404425250263,0
1.041392907752534,60.394004,-79.338302,1.3385818463537495,-0.06892987732709607,0
0.10569537064027477,59.451164,85.901846,1.6218121558258327,-0.21289369797683735,0
-0.09659611964253856,75.306457,27.545331,-1.7061439804711458,-0.9327128012255437,0
-0.2897929484702343,-83.125318,-75.244527,0.9137363821456246,-0.9327128012255437,0
0.6770119519970509,59.091352,27.081539,0.06404545372937474,-0.6447851599260612,0
0.013425672936381566,-67.205313,71.963443,-1.1396833615269792,-0.3568575186265786,0
0.47430785998388625,-88.688296,117.475892,0.7721212274095829,1.514672149820058,0
-0.8268307511936555,44.272467,21.921038,-1.0688757841589585,-0.5008213392763199,1
-0.6449570632572404,-80.373512,143.390426,0.7721212274095829,-1.5085680838245088,0
-1.1222061784470183,26.451021,100.763298,1.0553515368816662,-0.9327128012255437,0
0.14006500550453013,1.899776,-129.932195,0.9137363821456246,-1.6525319044742501,0
0.06242739938712656,-42.113189,28.952283,0.2056606084654164,0.9388168672210928,1
-0.8502340481850901,-45.157267,-21.370726,-0.9980682067909376,-0.9327128012255437,0
-0.05507591206467165,73.577807,71.889652,0.34727576320145803,-0.7887489805758024,0
0.07329969548425459,-35.093626,8.379905,0.4180833405694788,0.9388168672210928,0
2.5970682192407435,1.08747,42.393953,0.9845439595136454,-0.06892987732709607,1
1.0005949943248356,-50.943725,-72.19751,-0.36080001047875015,0.2189977639723865,0
0.8240969745519674,29.082424,175.203924,-0.9272606294229168,-0.06892987732709607,0
-0.710188137582314,82.217343,-102.550012,-0.7856454746868751,0.2189977639723865,0
-1.350706296118072,-41.309089,-39.718582,-0.7148378973188543,-1.5085680838245088,0
-1.2939752726698426,-48.570171,-47.364704,0.7721212274095829,1.0827806878708341,0
0.03617526784114847,-64.070472,60.391065,-0.14837727837468773,-0.7887489805758024,0
-1.3462699467191077,89.728371,127.801598,1.126159114249687,-1.3646042631747675,0
1.4054372821966068,-46.538669,-26.867587,-0.856453052054896,-0.5008213392763199,0
0.8434027195171486,-29.959404,-14.70601,0.2056606084654164,-0.06892987732709607,0
-1.0800732473252486,5.06012,-25.745173,0.06404545372937474,1.2267445085205755,0
-1.2612484045762344,-36.347198,-64.384951,0.06404545372937474,0.6508892259216102,0
0.5123672021363767,20.846787,16.755078,-1.3521060936310416,1.6586359704697993,0
0.34920008695896076,58.972851,-66.932819,1.551004578457812,-0.7887489805758024,0
0.7181721363614556,-39.618409,-26.738177,0.06404545372937474,-0.7887489805758024,0
0.06357962701386687,29.507807,-155.324292,1.196966691617708,1.3707083291703166,0
-0.09094806045355856,-27.728664,158.65654,-1.3521060936310416,0.6508892259216102,0
-0.4659416098258496,-45.211002,-75.293044,1.0553515368816662,0.9388168672210928,0
-0.6598044445001106,48.478938,125.069365,-0.21918485574270855,0.2189977639723865,0
-0.5319907398759649,77.58268,36.837642,-0.21918485574270855,-0.5008213392763199,0
0.45312770162090904,52.945713,-166.574458,1.551004578457812,-1.2206404425250263,0
-0.4577694089743355,72.6454,85.930209,1.196966691617708,-1.5085680838245088,0
1.5533217950306584,68.304731,-163.143655,1.2677742689857288,0.7948530465713516,0
-0.9091069122938468,-37.318982,-11.474329,-0.9272606294229168,-1.6525319044742501,0
-0.027859913896047944,-17.261886,-16.719349,-1.2812985162630208,-1.3646042631747675,0
-1.152568610306112,17.111094,82.411081,-1.0688757841589585,-0.6447851599260612,0
-1.5150534900088761,-72.221459,-103.680724,0.7721212274095829,0.0750339433226452,0
-0.964890066553472,-13.29969,-136.480944,0.2764681858334372,1.0827806878708341,0
-0.6312553671449279,-2.844375,-168.544896,-1.210490938895,-1.6525319044742501,1
0.7684115153793474,-16.189096,-90.434175,0.8429288047776038,1.6586359704697993,0
0.14510773885906117,21.496207,-142.381609,1.4801970010897911,-1.6525319044742501,0
-1.2520248819063216,5.847627,-46.863267,-1.4937212483670832,1.514672149820058,0
-0.4490642564110352,3.271864,-168.940175,1.3385818463537495,-1.2206404425250263,0
-0.04738004248267653,11.656974,-0.030721,-0.9980682067909376,-0.6447851599260612,0
0.07720520923527752,45.661054,-82.486892,0.8429288047776038,-0.7887489805758024,0
-0.5130179130489835,-29.933228,32.251837,1.6218121558258327,-0.5008213392763199,0
3.843820718262723,-5.320912,19.785257,-1.210490938895,-1.076676621875285,0
0.00861811865476776,51.031807,-126.620424,-0.7148378973188543,-0.06892987732709607,0
0.8209354835504017,-39.28141,2.160362,-0.856453052054896,1.514672149820058,0
0.5132939259368111,78.195669,-17.877462,1.2677742689857288,-0.21289369797683735,0
-0.07898703141260938,-84.769351,86.387554,-0.5732227425828126,-1.076676621875285,0
0.10563586519355184,-52.755644,111.619732,-0.36080001047875015,-1.6525319044742501,0
-1.2187467463387085,-5.864737,34.576944,0.48889091793749967,-1.5085680838245088,0
-1.4107211139308045,-54.085805,141.653656,0.9845439595136454,0.0750339433226452,0
0.0700546966474046,-47.607262,-79.004811,-0.21918485574270855,-1.2206404425250263,0
0.4844253857400829,-68.054734,101.746461,-1.3521060936310416,-1.076676621875285,0
-1.3137102531111222,54.766278,-175.220629,0.5596984953055205,0.36296158462212774,0
0.3603331632354834,-45.964327,143.714496,0.48889091793749967,0.2189977639723865,0
-1.2564722711990888,73.351616,50.697912,1.0553515368816662,-0.7887489805758024,0
0.2059173815940332,31.234086,174.020548,-1.2812985162630208,-0.3568575186265786,1
0.12924055082582458,73.467851,90.911733,-0.9980682067909376,1.514672149820058,0
-0.015718686781959208,-7.839696,3.921276,1.4801970010897911,1.6586359704697993,0
1.2308296503616665,-88.722668,-87.633775,1.6926197331938535,0.506925405271869,0
1.0819632837886761,17.950554,-108.289014,-0.6440303199508335,0.506925405271869,0
1.726806401333199,83.467435,-124.815302,-1.635336403103125,1.2267445085205755,0
-1.252234081647269,53.973014,-24.508856,-0.21918485574270855,0.2189977639723865,0
0.660190863219707,60.130623,-10.761716,1.4801970010897911,-1.3646042631747675,0
-0.3544333682875826,-86.491746,-12.878316,0.2764681858334372,0.2189977639723865,0
0.3997090838846477,78.841998,-70.519487,-0.28999243311072936,-1.6525319044742501,0
-0.5721644089863738,-9.157512,-129.940244,0.9137363821456246,1.2267445085205755,1
1.4337299362767566,2.881827,108.884277,0.5596984953055205,-1.3646042631747675,0
0.7358891283219005,54.420424,-55.590418,-0.28999243311072936,-0.06892987732709607,0
0.012568911897451449,-49.327143,80.303871,-1.1396833615269792,0.0750339433226452,0
-0.06846529311696936,-79.221723,166.494783,1.2677742689857288,0.7948530465713516,0
0.3450893388305276,67.789497,-76.881222,1.6926197331938535,0.6508892259216102,0
1.509712895548039,-17.267315,-33.52719,-0.9272606294229168,-0.9327128012255437,0
1.6117691147310385,-18.725207,22.705411,0.2764681858334372,-0.06892987732709607,0
-1.1891375986489867,53.801601,77.093494,-0.431607587846771,0.6508892259216102,0
-0.931492855672528,-46.899741,171.170421,0.48889091793749967,0.506925405271869,0
-0.7859003777164689,-41.437529,-46.930392,-0.14837727837468773,-0.21289369797683735,0
-1.3990721100033838,-31.244301,62.426679,1.4093894237217703,0.0750339433226452,0
-0.4143593876708685,-85.372433,-76.068877,-0.9272606294229168,-0.9327128012255437,0
0.3198985726306938,46.206184,82.471878,0.34727576320145803,-1.3646042631747675,0
0.9998212325628364,-41.382127,-148.424592,-0.006762123638646077,0.9388168672210928,0
-0.08217820868328059,-58.780492,73.48526,1.3385818463537495,0.36296158462212774,0
0.996563593954729,77.253737,-46.107017,-0.28999243311072936,1.2267445085205755,0
-0.8604174324060744,-73.265677,163.562442,1.4093894237217703,-0.6447851599260612,0
-0.17789328766030188,83.91085,176.842615,0.06404545372937474,1.514672149820058,0
0.06713852045644951,63.53902,-81.110299,1.551004578457812,0.9388168672210928,0
-0.023577306728567334,-44.853008,177.220677,0.8429288047776038,-1.6525319044742501,0
-0.29983146129315785,-65.270042,-64.429208,1.6926197331938535,0.506925405271869,0
0.09085223426632202,-35.147931,-28.073429,0.6305060726735413,0.9388168672210928,0
1.598473337666893,66.393876,120.531428,1.2677742689857288,1.3707083291703166,0
-1.3155083645288521,69.921624,131.127183,-0.0775697010066669,-0.7887489805758024,0
0.86352514870008,36.410305,82.886132,-1.3521060936310416,-0.21289369797683735,0
1.239515455843422,-64.623407,-99.974946,0.9845439595136454,-0.9327128012255437,1
0.5699622344496973,-64.827205,17.806026,-0.5732227425828126,0.6508892259216102,0
0.6172690642876413,-52.560797,134.882576,0.13485303109739558,-0.3568575186265786,0
-0.0007936468442279881,-59.278581,-29.833892,-0.6440303199508335,0.9388168672210928,0
2.0937705561728657,-77.102196,-154.410904,1.196966691617708,0.7948530465713516,1
0.16639296284369393,56.393052,169.193857,1.0553515368816662,-1.076676621875285,0
-0.7282894863752521,52.096352,135.274058,-0.7856454746868751,0.9388168672210928,0
0.16410556858050832,-70.903931,-96.302799,-0.21918485574270855,1.2267445085205755,0
0.03571849830276186,-22.214853,5.419354,1.196966691617708,1.514672149820058,0
-1.1252797338684914,-55.455522,-137.655216,0.2056606084654164,0.36296158462212774,0
-1.0006094242064039,-60.902392,129.843507,-1.3521060936310416,-1.2206404425250263,0
-0.7116244568447476,-6.649632,83.459867,-1.4229136709990624,0.36296158462212774,1
-0.7509415937513662,44.464615,-158.083512,-0.6440303199508335,-0.3568575186265786,0
-1.3419515553773826,-85.747243,7.127472,-1.2812985162630208,0.6508892259216102,0
-0.83975153779287,-87.557753,46.048864,0.4180833405694788,0.7948530465713516,0
-0.6457661611484468,89.656663,-123.616129,-1.2812985162630208,0.0750339433226452,0
-1.4137188821851667,19.34202,108.416683,0.34727576320145803,-0.3568575186265786,0
-0.8651183685235972,-0.840709,-36.322752,0.9137363821456246,-0.5008213392763199,0
0.05154050275692843,86.728746,-6.239462,1.196966691617708,1.6586359704697993,0
-0.003953607715033627,54.554854,30.735694,1.3385818463537495,-1.076676621875285,1
-1.318256659163379,-34.281673,47.796718,-0.7148378973188543,-0.3568575186265786,0
-1.41417707805326,17.348803,-19.31957,1.196966691617708,-0.3568575186265786,0
2.3694496676848504,-4.434437,-52.805879,-1.2812985162630208,0.36296158462212774,0
1.0671641602317574,47.51778,97.275752,-1.0688757841589585,0.36296158462212774,0
-1.3242134544093995,-44.82625,21.120046,0.7721212274095829,-1.3646042631747675,0
0.40195228059243004,-81.848763,85.458522,0.9845439595136454,-0.21289369797683735,0
-0.12443130171122588,-14.883821,-113.763837,0.4180833405694788,-1.076676621875285,0
0.024300553540258393,-43.18219,-30.006378,-0.0775697010066669,-1.076676621875285,0
-1.3139254099008413,-35.976895,-141.111696,1.4093894237217703,0.506925405271869,0
0.33190341700984627,-1.175043,78.047051,-1.1396833615269792,-1.2206404425250263,0
-0.26066740085743123,52.198683,-91.397994,-1.4937212483670832,-1.5085680838245088,0
-0.3183276160459142,-29.97358,-55.177124,0.48889091793749967,-1.2206404425250263,0
-0.43805458102685213,-75.439927,82.064701,0.34727576320145803,1.6586359704697993,0
-1.5222712692274403,54.1089,1.688315,-0.21918485574270855,-1.5085680838245088,0
0.19173505471212846,89.404093,-173.945137,0.34727576320145803,-1.076676621875285,0
0.6141621343936404,-12.83343,39.560841,1.126159114249687,-0.9327128012255437,0
-0.4599461253179884,-76.266169,-133.060005,1.196966691617708,0.9388168672210928,0
0.38962302287069234,40.388635,109.447017,1.196966691617708,-1.3646042631747675,0
0.5546982436038,58.729727,48.001447,0.13485303109739558,-0.9327128012255437,0
-1.286495973512466,-81.430956,102.843343,-0.856453052054896,0.2189977639723865,0
-0.5138668519621133,84.555583,-69.123527,1.3385818463537495,1.514672149820058,0
0.547265182382517,-46.578233,96.354573,-0.7148378973188543,-0.7887489805758024,0
-0.5651227638176785,84.607827,-142.622691,1.126159114249687,-1.3646042631747675,0
1.8382235340427495,-47.742456,15.89877,0.4180833405694788,0.6508892259216102,0
0.42041509098684043,-55.593271,133.691228,-1.0688757841589585,-1.5085680838245088,0
2.8638647225452734,-14.212024,27.605684,-0.7856454746868751,1.2267445085205755,0
-0.4734084444822434,3.482957,-46.901881,0.8429288047776038,-0.21289369797683735,0
0.6283856101623171,-8.543362,-73.458185,1.0553515368816662,-0.7887489805758024,0
0.2828543015242217,-76.89389,103.221685,-1.635336403103125,0.2189977639723865,0
0.19490242840255148,-4.678275,-26.646347,-1.1396833615269792,-0.06892987732709607,0
-0.23080939014663762,-20.268579,-96.512112,1.0553515368816662,1.514672149820058,0
0.40746208614255797,-1.223893,57.71306,0.06404545372937474,-1.6525319044742501,0
-1.140329977166078,-34.843216,84.723983,1.0553515368816662,0.9388168672210928,0
1.0191035271477078,-66.233021,163.567058,-1.0688757841589585,0.2189977639723865,0
0.5231715706555937,70.549546,-97.879382,1.6926197331938535,-1.5085680838245088,0
-0.03965428984628685,-23.646152,-109.189545,-1.2812985162630208,0.7948530465713516,0
0.4168339840591785,-77.821745,98.058977,1.0553515368816662,0.6508892259216102,0
-0.08226029492057839,8.960513,75.037792,0.34727576320145803,0.36296158462212774,0
1.1401977641113419,48.388955,13.557608,-1.3521060936310416,-1.2206404425250263,0
-1.4726497153532978,1.084441,-143.170072,-0.9980682067909376,-0.6447851599260612,0
0.25228309269874355,55.865343,-103.677463,-0.14837727837468773,0.9388168672210928,1
-0.022123619179241747,48.82101,94.802811,-1.2812985162630208,-0.21289369797683735,0
0.8545370576138055,-75.433034,125.700573,-0.6440303199508335,0.7948530465713516,0
0.3272394735758731,26.871019,-110.275115,1.0553515368816662,0.9388168672210928,0
-0.8674872464296947,62.09608,28.443487,-0.28999243311072936,-1.2206404425250263,0
-1.532390818351141,-37.908738,-126.048672,0.4180833405694788,0.2189977639723865,0
0.0053998903780302044,-72.312022,154.785316,-0.9980682067909376,-1.6525319044742501,0
0.01269072736694934,3.92137,-145.061056,0.7013136500415621,-1.2206404425250263,0
-0.5570193901534108,54.438207,25.471133,-1.2812985162630208,-1.5085680838245088,1
0.7254847183955562,65.274388,-152.455478,-1.7061439804711458,1.3707083291703166,0
-0.541622192514706,42.989473,-74.155483,1.551004578457812,-0.06892987732709607,0
-0.540613084764725,84.492497,69.755584,-0.7148378973188543,-0.7887489805758024,0
-0.6080715042211331,-16.845362,-130.688511,0.48889091793749967,-1.2206404425250263,0
0.6079861393627348,-89.833509,-169.569814,0.2056606084654164,-1.6525319044742501,0
-0.24853784415989508,8.749647,-57.34128,1.3385818463537495,-1.2206404425250263,1
1.326047425375955,23.081615,137.407002,-0.9980682067909376,-0.21289369797683735,0
0.6888316893345887,-11.471083,144.4868,-1.7061439804711458,-1.076676621875285,0
0.06748601375546599,47.138993,-166.415268,-1.7061439804711458,1.514672149820058,0
-0.2647089254458551,29.124574,24.986833,0.8429288047776038,0.0750339433226452,1
1.0107123505932876,81.569586,113.601312,-1.5645288257351042,-0.6447851599260612,0
0.735011451077451,2.907732,-80.886874,-1.1396833615269792,-1.076676621875285,0
0.9357557364125669,89.545104,-16.39426,-0.5732227425828126,-0.5008213392763199,0
-1.4383924579665195,21.5597,10.704422,0.8429288047776038,0.506925405271869,0
1.6168880438845585,56.674585,45.445509,-1.5645288257351042,-1.6525319044742501,0
0.33391758827687085,1.646693,32.707063,0.34727576320145803,1.514672149820058,0
-0.24367828098527636,-9.565134,-172.110077,-0.14837727837468773,-1.076676621875285,0
-1.0097966190138485,-12.360579,-164.176601,0.48889091793749967,-0.3568575186265786,0
-1.3322589208752997,-64.041688,31.192501,-0.7148378973188543,-1.3646042631747675,0
-0.44838688239773056,-66.888396,29.147028,1.3385818463537495,-1.2206404425250263,0
-1.152716193239163,48.427936,-173.050548,0.48889091793749967,-0.06892987732709607,0
0.19145226070269822,-64.562839,-145.245395,0.4180833405694788,-1.5085680838245088,0
0.4847380110628623,-1.89621,-33.045678,-0.9980682067909376,1.514672149820058,0
-0.3893793142218688,83.458575,-66.97932,-1.7061439804711458,0.6508892259216102,0
-1.504460601121001,-28.623576,124.733432,1.4093894237217703,-0.06892987732709607,0
1.7203982305099899,56.187589,-88.300911,0.8429288047776038,-0.06892987732709607,0
0.6922690956819868,-54.839034,61.733557,-1.4937212483670832,1.3707083291703166,0
-0.9020629436828087,-85.125341,-143.145002,-0.856453052054896,-0.9327128012255437,0
0.5865814371844081,-48.643434,46.018412,0.5596984953055205,-0.21289369797683735,0
1.2898353782225436,-4.83484,-37.427152,-0.7856454746868751,-0.9327128012255437,0
0.6908892950422354,-41.978774,-56.419619,-0.006762123638646077,1.514672149820058,0
0.08545360405671551,6.344267,147.17545,1.551004578457812,0.2189977639723865,0
-1.4558288497682956,-80.114272,-57.609386,0.06404545372937474,-0.9327128012255437,0
1.5689156960996962,-42.72597,94.297747,0.6305060726735413,0.36296158462212774,0
-0.00263871519048567,67.348773,4.492648,1.2677742689857288,0.2189977639723865,0
-1.3624158384627956,58.893427,-107.369188,0.8429288047776038,0.506925405271869,0
-0.9279089577828817,75.988584,6.741749,1.3385818463537495,0.7948530465713516,1
3.2469223149252624,46.735561,43.415588,-1.0688757841589585,-0.5008213392763199,0
2.2284704710732384,-82.387609,-169.950429,0.6305060726735413,-1.2206404425250263,0
-1.5078972822777068,6.996644,16.200257,-1.1396833615269792,-1.076676621875285,0
-0.9298350293357731,6.421559,133.456655,0.4180833405694788,-1.2206404425250263,0
0.6680978686246198,-52.345292,56.580261,0.5596984953055205,1.3707083291703166,0
2.43689871179422,70.543368,38.280249,0.6305060726735413,-1.3646042631747675,0
0.3462120174509171,11.194723,-156.258263,0.2764681858334372,-1.3646042631747675,0
-0.3591471753369218,70.973995,152.748863,0.8429288047776038,1.3707083291703166,0
0.8715111950897958,64.911167,-177.429208,-0.006762123638646077,1.514672149820058,0
-0.12467896644371847,5.884243,103.695068,-0.7856454746868751,-0.3568575186265786,0
0.145884386343616,-83.052438,140.853795,0.7013136500415621,0.6508892259216102,0
0.6436641932909531,-53.350213,154.148983,0.9137363821456246,1.3707083291703166,0
-0.36864573007044016,80.668764,39.274321,0.34727576320145803,-0.21289369797683735,0
0.8303381678717088,4.107457,160.085964,0.4180833405694788,-0.3568575186265786,0
-0.17712177209502203,-81.038513,39.505006,-0.6440303199508335,0.506925405271869,0
0.4965536286701925,-20.406878,-21.460681,0.5596984953055205,0.0750339433226452,0
0.14439353072509598,-24.992445,-61.60654,-0.21918485574270855,0.2189977639723865,0
0.9878516109908076,-36.051313,55.192294,1.3385818463537495,-0.3568575186265786,0
0.4792948285909131,13.35547,-158.656089,0.6305060726735413,-0.21289369797683735,0
-0.18441276337659326,-44.11351,-11.96149,0.48889091793749967,0.0750339433226452,0
0.6406437803702293,-33.878782,7.940047,1.0553515368816662,-1.076676621875285,0
2.330037771849898,-73.611561,-29.503236,1.0553515368816662,-1.6525319044742501,0
-1.4510011760820136,13.060312,-54.878327,-0.7148378973188543,-1.5085680838245088,0
-0.09483154274144515,-15.888688,-31.90444,0.2764681858334372,-1.6525319044742501,0
-1.1697727315550772,24.61396,50.632727,-0.0775697010066669,-0.9327128012255437,0
0.6009942674035179,27.816733,166.5566,0.2764681858334372,-0.7887489805758024,0
0.9849524908753747,-23.40013,157.137167,0.2764681858334372,-1.076676621875285,0
-0.07120360041296378,78.496657,-21.082501,0.2056606084654164,1.514672149820058,0
0.7343348101118079,11.756703,162.761307,1.4801970010897911,0.506925405271869,0
-1.0510701208228392,-27.836166,-36.244913,-0.36080001047875015,-1.3646042631747675,0
-0.05407411541502088,-69.651544,2.751119,-0.9980682067909376,1.2267445085205755,0
1.2703336279036825,-80.909085,146.89858,-1.210490938895,-0.6447851599260612,0
-0.8617121720212362,37.208058,-170.943306,0.9845439595136454,0.2189977639723865,0
-0.20559043437988908,67.23637,129.749286,1.6218121558258327,0.7948530465713516,0
0.0541899848420844,-55.414233,-39.108077,0.6305060726735413,-1.2206404425250263,0
0.20138676695231525,85.988193,-37.161121,-1.2812985162630208,0.2189977639723865,0
0.19988366016974154,-71.432554,6.176781,-0.006762123638646077,1.514672149820058,1
-0.5205051597375099,61.108712,22.006119,-0.7856454746868751,-0.7887489805758024,0
-0.4651978083233194,64.867262,-78.006931,-1.1396833615269792,0.7948530465713516,0
-0.9630618781912573,-68.89858,29.917732,1.0553515368816662,-0.9327128012255437,0
0.0026702601028839967,-5.858637,38.341397,0.7721212274095829,-0.7887489805758024,0
-1.151660254724995,74.214068,161.242554,1.6218121558258327,0.0750339433226452,0
0.45639704683872867,-22.414442,-59.087217,0.8429288047776038,0.2189977639723865,0
-0.08503692239658887,-29.932705,-36.672119,-0.0775697010066669,0.506925405271869,0
-0.9731000550318034,-83.550032,93.21552,-0.7148378973188543,-0.5008213392763199,0
2.1522710612431393,34.82103,5.557312,0.5596984953055205,0.506925405271869,0
-0.4824179932469627,30.903734,-120.637517,1.4093894237217703,0.2189977639723865,0
-0.08775833624613787,-54.355236,146.088621,-1.2812985162630208,-0.5008213392763199,0
-0.9752878483711432,60.663145,67.264946,-1.3521060936310416,1.2267445085205755,0
-0.040174905251254174,-49.779138,104.04665,-0.0775697010066669,1.3707083291703166,0
-0.30498492075336536,24.49712,167.865889,1.4801970010897911,-1.2206404425250263,0
1.191195301402127,50.922901,-78.465609,-0.36080001047875015,-0.06892987732709607,0
-0.864079433313394,62.887209,-13.475724,1.6926197331938535,-0.5008213392763199,0
2.415324554561021,-43.759846,27.126658,0.06404545372937474,-0.3568575186265786,0
-1.2963844260104824,-10.518714,103.619673,0.5596984953055205,-0.6447851599260612,0
-0.48511594235475536,6.078607,-27.12694,0.5596984953055205,1.6586359704697993,0
-0.7139321933033956,-28.54043,141.316161,0.6305060726735413,-0.6447851599260612,0
1.272127806224143,-38.103604,126.394663,-0.431607587846771,1.6586359704697993,0
-0.14792117794003884,63.648657,74.295558,-0.431607587846771,0.7948530465713516,0
-0.2167204469872332,22.836788,37.903237,-1.4229136709990624,1.6586359704697993,0
-1.3139288667660982,-56.210518,126.481293,0.48889091793749967,-0.9327128012255437,0
0.15263317829526285,29.983572,60.881359,0.4180833405694788,-0.3568575186265786,0
-0.5868866441873105,20.344867,19.131779,-0.006762123638646077,1.514672149820058,0
0.35123684130139304,64.700234,-141.360674,-1.4229136709990624,-0.06892987732709607,0
0.4492647045049935,-14.823093,-175.296309,1.196966691617708,0.6508892259216102,0
-0.5939421335404391,-7.858702,122.98213,1.196966691617708,-0.6447851599260612,0
-0.3632783892075505,-28.163678,173.985738,-1.1396833615269792,0.36296158462212774,0
-0.6856625306036732,-14.170452,156.487296,-0.856453052054896,-1.076676621875285,0
-0.3106499188771261,-0.484608,110.968524,-0.14837727837468773,-0.9327128012255437,0
-0.4217061353273513,-24.09892,-57.176107,0.6305060726735413,0.0750339433226452,0
0.6840407934962717,-44.090959,-6.221064,1.0553515368816662,1.6586359704697993,0
-1.0564327691824984,34.29962,171.780427,-1.4937212483670832,0.36296158462212774,0
0.03827203696032548,-81.399058,36.951873,-0.14837727837468773,0.506925405271869,0
1.1516097257047504,-14.147363,-142.977108,-1.4229136709990624,-0.3568575186265786,0
-1.3179083196711516,4.334495,18.803704,-1.4937212483670832,-0.3568575186265786,0
-1.1865962478635714,5.785438,37.703627,-0.14837727837468773,-0.3568575186265786,0
1.5218141496743876,-39.765688,-24.640812,0.4180833405694788,-0.9327128012255437,0
-0.8313864698778141,-72.721709,-106.603229,-0.14837727837468773,-1.076676621875285,0
-0.6543893914329086,21.770238,85.102391,-0.14837727837468773,1.2267445085205755,0
0.039363150252946046,48.27354,160.713292,0.13485303109739558,-1.5085680838245088,0
-0.0404904454092797,-21.796436,136.180181,-1.7061439804711458,0.9388168672210928,0
0.04286285541092972,27.578925,-167.077749,0.8429288047776038,0.0750339433226452,1
0.5219661167818849,68.400958,13.431891,-0.36080001047875015,0.2189977639723865,0
-1.3478299996722467,-64.196492,-27.366847,-0.9980682067909376,-0.5008213392763199,0
0.1588429574810578,37.749646,126.917122,0.13485303109739558,-1.076676621875285,0
0.67956094319807,-48.397071,-168.547503,-0.9272606294229168,0.6508892259216102,0
1.0030708390495422,-22.210621,79.892257,0.2056606084654164,0.36296158462212774,1
0.09943308824534865,-52.35582,-34.163656,-1.1396833615269792,-1.3646042631747675,0
-0.42790975107855517,-32.120134,9.144423,-1.2812985162630208,0.6508892259216102,0
1.0042329203289673,82.658469,-161.377609,0.34727576320145803,-0.9327128012255437,0
-0.11750596597572696,22.432567,44.642028,1.6218121558258327,0.0750339433226452,0
1.2544293212530404,-6.793741,171.991257,0.34727576320145803,1.6586359704697993,0
-0.9489782143979725,79.487047,90.865203,-0.431607587846771,-0.6447851599260612,0
-0.43997719878261665,67.932001,124.241737,-0.21918485574270855,-1.5085680838245088,0
-0.728233798890041,-1.030371,76.594393,0.13485303109739558,0.36296158462212774,0
-0.011087738296881816,14.919188,-49.342405,-1.4937212483670832,-0.7887489805758024,0
1.2494520402697888,25.701106,78.830422,-0.28999243311072936,-0.7887489805758024,0
-0.6239978173765589,-8.676959,-108.914666,1.0553515368816662,-0.9327128012255437,0
-0.23490202569818475,-45.119282,-128.732952,-1.2812985162630208,0.2189977639723865,0
0.8633588342014454,-16.334086,157.312296,0.4180833405694788,0.7948530465713516,0
-0.022864989646658167,-49.776791,-81.866535,0.48889091793749967,-1.5085680838245088,0
-1.4796468833007292,84.028279,-83.569139,-0.856453052054896,1.6586359704697993,0
-1.2083208612005425,-13.393848,-102.634768,0.4180833405694788,-0.7887489805758024,0
-0.2874876628777973,9.156361,-58.671157,-1.4937212483670832,-1.2206404425250263,0
-0.10482439707169294,9.455345,110.425625,0.7013136500415621,-0.21289369797683735,0
-0.3005631667453495,-72.21011,118.140645,0.7721212274095829,-0.06892987732709607,0
0.08976032798045368,67.246186,-100.552661,-1.3521060936310416,-0.6447851599260612,0
-0.041752238255336874,-80.346915,-24.334034,0.06404545372937474,0.0750339433226452,0
-1.4512544784181538,-60.566067,16.971071,-0.0775697010066669,-0.06892987732709607,0
0.4211532443046174,63.241106,175.585112,-0.5732227425828126,0.36296158462212774,0
-0.29580717204199874,39.036093,-164.636406,0.9845439595136454,-0.6447851599260612,0
-0.1455399127913026,-46.044141,88.262457,1.6218121558258327,1.514672149820058,0
-0.15905515734442782,21.940392,-81.041546,1.4093894237217703,1.2267445085205755,0
0.009241233830354943,82.894044,46.431281,1.2677742689857288,-1.5085680838245088,0
-0.4552340272326914,-35.550388,96.236904,-1.4229136709990624,0.0750339433226452,0
-1.2913491764230831,0.447586,7.55865,0.7013136500415621,-0.3568575186265786,0
-0.4636339958351063,-57.062262,-69.637772,0.5596984953055205,0.9388168672210928,0
0.7017648379440711,87.422783,-100.985947,1.6926197331938535,1.2267445085205755,0
-0.793174196272851,-64.083013,67.000079,-0.6440303199508335,-0.21289369797683735,0
0.7762412432973624,86.016781,177.593604,-1.0688757841589585,-0.21289369797683735,0
-1.5382491322107164,-81.966871,-58.923446,-1.4229136709990624,1.0827806878708341,0
0.33989082420164735,-19.640066,29.433684,-0.28999243311072936,0.0750339433226452,0
-0.6596084282696253,22.472041,-115.072954,-1.5645288257351042,-0.6447851599260612,0
-0.017523157804733767,-1.856406,-158.215449,-0.006762123638646077,0.506925405271869,0
-0.3363915305289486,-40.937015,-38.447195,0.7013136500415621,1.2267445085205755,0
1.6113874794154721,78.942498,-58.114217,-1.2812985162630208,0.6508892259216102,0
0.4593791497045603,-37.967564,-111.061745,-0.7856454746868751,0.506925405271869,0
0.991770803112548,-32.154711,-79.670719,1.6926197331938535,-0.06892987732709607,0
-0.8637439837941121,-25.924258,172.478597,-1.7061439804711458,-0.9327128012255437,0
-0.23424594086413233,-55.238692,-44.117532,-1.7061439804711458,-1.6525319044742501,0
-0.8797482614892035,46.456562,-20.460975,1.2677742689857288,-0.7887489805758024,0
-1.3921720020802257,73.020524,-86.400255,1.4801970010897911,-0.9327128012255437,1
0.33289505250307627,15.638321,-21.118117,-0.5732227425828126,0.7948530465713516,0
1.8562981932428146,-60.908347,-100.171971,1.6926197331938535,0.2189977639723865,0
-1.2755555334701167,-56.044788,-149.359399,1.4801970010897911,1.3707083291703166,1
-0.5497267395810445,56.734918,178.111962,0.9137363821456246,-0.6447851599260612,0
-0.0631769170012952,-86.102373,-31.117438,-1.0688757841589585,-1.2206404425250263,0
0.5449354065961795,41.281785,120.05988,-1.4229136709990624,0.506925405271869,0
0.7537487136065861,44.258144,150.111691,0.13485303109739558,-1.076676621875285,0
1.0504642277535203,67.69721,97.527201,-1.4229136709990624,1.6586359704697993,0
-0.1283198406490622,34.894658,165.470708,-0.7148378973188543,-0.06892987732709607,1
-0.5803442539694111,43.122499,97.369288,-0.006762123638646077,-1.076676621875285,0
1.6984271708897507,20.16339,60.932007,-0.21918485574270855,-0.06892987732709607,0
-0.2571157825243421,-2.151227,25.851554,1.3385818463537495,1.2267445085205755,0
2.1574395161333224,22.026309,87.875986,0.34727576320145803,-0.3568575186265786,0
0.33207463323325437,-67.092146,-123.240542,-1.4229136709990624,-1.3646042631747675,0
-1.0224662050663635,56.285666,-8.191029,-0.5732227425828126,1.3707083291703166,0
0.1677462634751688,-12.542536,-20.000508,-0.5732227425828126,0.36296158462212774,0
-0.9240047385995445,-57.799524,-96.832051,-0.21918485574270855,1.2267445085205755,0
-1.5429291204637505,54.678093,-146.800288,-0.5024151652147918,1.0827806878708341,0
0.03387360334168874,-75.945204,-90.862354,-0.9272606294229168,-1.076676621875285,0
-0.10112141795261587,56.948522,55.181452,-0.14837727837468773,1.6586359704697993,0
-0.7072661151301565,-66.459569,-117.169509,0.9137363821456246,0.2189977639723865,1
3.1167705878889405,-41.725795,-127.05691,0.48889091793749967,-1.3646042631747675,0
1.591304849610782,87.367644,98.775876,-1.3521060936310416,1.514672149820058,0
2.2682600137213584,-21.548853,-127.515316,1.6218121558258327,-1.076676621875285,0
-0.0685823392734572,45.263019,102.457693,-1.4937212483670832,-0.5008213392763199,0
0.6258616269546262,20.330868,17.458404,0.4180833405694788,-1.2206404425250263,1
-0.09535702141485101,-7.299945,168.91625,-0.9272606294229168,-0.21289369797683735,0
-0.46208669275631753,-21.755277,44.937742,1.551004578457812,-1.3646042631747675,0
-0.026252931354189192,34.99665,65.081391,0.48889091793749967,-1.3646042631747675,0
-1.0306338390726464,-38.246219,-73.134442,-0.006762123638646077,-0.21289369797683735,0
-0.012180676261624545,-47.032036,-90.248158,0.7721212274095829,-0.7887489805758024,0
-1.440590610743784,-31.60065,-159.590094,0.6305060726735413,-0.9327128012255437,0
-0.5171675374255282,-77.484543,9.510189,-1.3521060936310416,1.6586359704697993,0
-0.6961406349651615,-58.500558,22.246039,-1.4229136709990624,1.2267445085205755,0
0.7786577411372018,-43.231199,-6.892147,-1.2812985162630208,-1.076676621875285,0
-0.4958557637529412,78.319714,45.270047,-1.210490938895,-0.5008213392763199,0
-0.017386547776416843,75.472987,173.275001,0.13485303109739558,0.36296158462212774,0
-0.6046957381680548,-80.451878,-11.328118,-0.7148378973188543,-1.076676621875285,0
0.8416183372593005,13.828244,-26.13799,-0.6440303199508335,-0.7887489805758024,0
-1.4605978158613093,-41.186814,152.015091,1.6218121558258327,0.36296158462212774,0
0.05193943696423866,-10.775674,-10.521264,-0.5732227425828126,-1.3646042631747675,0
0.1067342212255953,-24.871567,-46.999638,1.4801970010897911,0.7948530465713516,0
0.14249687716923573,-63.968294,-48.600179,1.551004578457812,-1.6525319044742501,0
-0.9525830145517733,-24.783051,-84.923239,0.9845439595136454,-1.076676621875285,0
0.1644981727817767,32.120881,-126.63389,1.6218121558258327,1.514672149820058,0
0.045349696191363115,-37.359379,-62.176923,0.06404545372937474,-0.5008213392763199,1
-0.7351199566598039,49.806026,-134.894316,0.48889091793749967,1.6586359704697993,0
0.3049394586575731,6.781747,-80.025903,-0.5732227425828126,-0.9327128012255437,0
0.9342505152011318,-40.246102,58.105544,0.8429288047776038,0.506925405271869,0
-0.8245649728034619,-46.701417,-60.618821,0.2056606084654164,-1.6525319044742501,0
-0.10750249593349445,-14.713124,-40.721524,-0.5024151652147918,-0.06892987732709607,0
1.9958111832853762,-58.526736,85.571125,-0.7148378973188543,-0.6447851599260612,0
-0.440586470317779,-86.920493,-84.325683,0.5596984953055205,-0.9327128012255437,0
-0.5711571023742126,-65.755137,-31.986423,1.196966691617708,-0.3568575186265786,0
0.36614589339465325,35.387711,161.344346,-0.5732227425828126,1.0827806878708341,0
-1.1015248471633645,-59.591335,6.473199,1.3385818463537495,1.2267445085205755,0
-0.17405089495543943,9.165621,67.43556,-0.14837727837468773,0.9388168672210928,0
-0.6636862489551033,52.028009,90.223914,1.196966691617708,-0.21289369797683735,0
-0.5837005134058227,-63.244919,-110.649793,0.8429288047776038,-1.5085680838245088,0
1.9982284747780128,-47.659221,-97.726264,-1.7061439804711458,-0.9327128012255437,0
-1.0291288554902056,-30.688163,-22.264052,-0.0775697010066669,0.2189977639723865,0
1.6815794542175324,-68.858199,178.627853,1.3385818463537495,-1.6525319044742501,0
0.07399070745047027,53.730691,-2.753125,0.48889091793749967,-1.076676621875285,0
-0.1809720950836095,12.181637,-96.693399,-0.5024151652147918,0.0750339433226452,0
0.24081435953915284,-81.204106,-125.770091,-1.5645288257351042,0.7948530465713516,0
2.5473463938224676,-48.120764,-136.786483,0.13485303109739558,-1.076676621875285,0
-0.1972969803580771,72.294769,93.884876,1.551004578457812,-0.5008213392763199,0
-0.7522214781395651,-32.176628,-88.413228,1.3385818463537495,0.9388168672210928,0
-0.7964744428474337,-56.198262,9.956701,-0.14837727837468773,1.6586359704697993,0
-0.8183118043556006,-68.026099,-73.040355,1.0553515368816662,-0.06892987732709607,0
-1.12102316853553,-68.510309,-169.223537,1.2677742689857288,-0.6447851599260612,0
-1.3456045457615877,-66.605393,-153.475935,-0.28999243311072936,1.0827806878708341,0
1.2101507441387789,-49.251345,21.363246,1.4801970010897911,-1.6525319044742501,0
-0.522416438583298,73.798742,109.259819,-0.14837727837468773,0.2189977639723865,0
0.7210866136638356,-79.444648,1.645708,-0.5024151652147918,0.7948530465713516,0
-0.4386533205862654,26.995323,-134.504528,0.6305060726735413,0.6508892259216102,0
-1.1525008678917046,-32.007142,-128.673333,-1.0688757841589585,1.514672149820058,0
-0.35032166144885835,-51.167707,2.87353,0.7721212274095829,1.6586359704697993,0
0.30286555707582336,42.029305,102.80141,0.34727576320145803,1.6586359704697993,0
0.49145173020675037,8.590946,-170.832331,0.5596984953055205,0.506925405271869,0
0.5388442055896339,-46.636232,-92.533856,-0.14837727837468773,-1.5085680838245088,0
-1.0304463649957494,-11.35141,142.592911,0.06404545372937474,1.6586359704697993,0
-0.931443089309723,-33.127604,-133.270456,0.06404545372937474,1.514672149820058,0
-0.49113153111403185,-47.01862,-53.612523,1.4801970010897911,-1.5085680838245088,1
-0.8179292769213274,67.320384,74.745761,1.6218121558258327,0.2189977639723865,0
1.5621934616769761,67.276358,-129.375057,0.9845439595136454,-0.6447851599260612,0
-0.3457299960005645,11.869576,-45.505317,1.551004578457812,-0.9327128012255437,0
0.30168662663616486,-10.898149,-74.127303,-0.36080001047875015,-1.5085680838245088,0
-1.493092736696281,-14.815671,-148.430358,0.2764681858334372,-0.7887489805758024,0
-0.37369011756575105,19.724194,64.622504,0.2764681858334372,0.36296158462212774,0
-0.8120621164359247,17.895211,111.531284,0.48889091793749967,-0.5008213392763199,0
0.6282297972401379,15.953908,178.596389,-0.0775697010066669,1.3707083291703166,0
-0.12774614402892617,37.201393,-154.877644,0.9845439595136454,0.0750339433226452,0
-0.23383873784464154,-13.756298,140.859989,1.196966691617708,-0.6447851599260612,0
-0.753355537624708,-28.569319,19.058144,0.9845439595136454,1.3707083291703166,0
0.02559741224512949,62.475472,164.251069,1.0553515368816662,0.506925405271869,0
1.2149798290288774,89.37521,-172.312932,-0.7148378973188543,1.2267445085205755,0
-1.1789543538916138,53.677488,118.50289,1.126159114249687,-1.5085680838245088,0
-0.7420662210601502,-65.561206,129.049214,0.34727576320145803,1.0827806878708341,0
-0.17610096413071527,-18.592848,31.988217,-1.3521060936310416,0.0750339433226452,0
-0.6648394640759503,0.810514,-4.872191,-1.1396833615269792,-1.5085680838245088,0
-0.22364158246752772,-49.618321,-128.037004,-0.0775697010066669,1.2267445085205755,0
0.7544996376017669,9.327887,-142.18342,1.2677742689857288,0.9388168672210928,0
-1.2376647935890015,-28.402667,72.663828,1.6926197331938535,1.6586359704697993,0
0.5121376211920969,7.527019,-149.217124,1.126159114249687,-0.9327128012255437,0
-0.8921627784686965,5.262521,160.365575,-1.7061439804711458,0.36296158462212774,0
-0.06246171991062136,70.64422,-92.823501,1.0553515368816662,1.514672149820058,1
0.9338863927435844,-5.764865,-69.927911,1.2677742689857288,-1.3646042631747675,0
-0.47724109824486377,-12.676006,159.115119,-0.0775697010066669,-1.076676621875285,0
0.05511122960589598,6.427512,-77.858132,1.0553515368816662,-0.3568575186265786,0
-1.0011451739877875,-25.215387,54.731664,-1.0688757841589585,0.6508892259216102,0
-0.48070545668955567,19.512562,-120.219561,-0.0775697010066669,-1.6525319044742501,1
-1.1031339271493223,83.419603,-28.808531,1.6926197331938535,-0.5008213392763199,0
-0.14013118150051465,-79.57769,-106.855185,-0.5024151652147918,0.9388168672210928,0
0.7328405425731069,27.445163,-28.237171,0.6305060726735413,0.36296158462212774,0
-1.4595783540380944,-83.73764,67.7365,0.5596984953055205,-0.21289369797683735,0
-0.5721421618999083,33.451763,-10.148923,-0.0775697010066669,-1.2206404425250263,0
-0.5693825161259852,27.670774,-62.321245,1.6218121558258327,-1.2206404425250263,0
-0.45067336012010434,-32.237232,-78.67564,-1.2812985162630208,-1.076676621875285,1
0.034305537597226245,-69.297501,-56.781975,-0.6440303199508335,-0.5008213392763199,0
0.8402251419234277,34.872985,-121.9399,0.5596984953055205,-0.21289369797683735,0
0.5607254592521164,-53.153001,122.880753,0.2056606084654164,0.506925405271869,0
-0.7996661980994652,-18.116141,120.363623,-0.7148378973188543,-1.076676621875285,0
-0.49390920320162973,58.725232,-149.613098,0.2056606084654164,-0.21289369797683735,0
0.23262675253872994,43.430896,-74.066521,-0.6440303199508335,-0.9327128012255437,0
0.4340851710613169,-42.286389,101.219105,1.551004578457812,-1.3646042631747675,0
1.3106519872767586,-2.773157,156.046082,0.4180833405694788,-1.2206404425250263,0
0.7572598336601664,10.836156,-20.589033,-0.9272606294229168,-0.7887489805758024,0
-0.8917630717114022,-18.76798,140.696566,-0.9272606294229168,-0.06892987732709607,0
0.03553808394202049,75.999802,-21.534735,-1.0688757841589585,0.2189977639723865,0
-0.5118327865646035,67.094828,-64.778737,1.4801970010897911,1.514672149820058,0
-1.3323846752682742,59.673222,65.62822,1.0553515368816662,1.2267445085205755,0
1.0062160903399846,74.166423,-167.155642,0.6305060726735413,-0.5008213392763199,0
0.058890748006974435,-64.465096,-98.064843,1.4093894237217703,0.2189977639723865,0
-1.1118089773097855,-82.149917,124.999606,1.6926197331938535,-0.06892987732709607,0
-0.4138311572250694,18.416634,112.734678,0.13485303109739558,1.514672149820058,0
0.32363691743988354,2.282888,135.73046,0.7013136500415621,-0.7887489805758024,0
-0.753546904561519,71.018064,-140.865868,1.2677742689857288,-1.2206404425250263,0
1.6351800085322579,-15.334746,6.582814,0.7013136500415621,1.6586359704697993,0
0.5384562945831939,10.21654,-169.418059,-0.856453052054896,0.9388168672210928,0
1.4415070901881768,65.719425,13.638682,1.4093894237217703,1.0827806878708341,0
1.0946226741732017,17.343891,-122.950981,-0.431607587846771,-0.21289369797683735,0
-0.2936052298961969,-54.892152,135.063828,-0.36080001047875015,1.3707083291703166,0
0.5848169242593353,-22.492948,-96.327058,1.6218121558258327,1.0827806878708341,1
-0.34943689352022184,-14.465935,-120.909434,0.2764681858334372,-0.5008213392763199,0
2.0125784197102656,-48.289152,-127.398587,0.9137363821456246,0.0750339433226452,0
0.48107449454271123,-28.933845,-171.303604,-0.7148378973188543,-0.7887489805758024,0
0.13888910176190064,-67.642059,166.203537,1.2677742689857288,-1.6525319044742501,0
0.2457708260104426,56.95607,-178.415129,-0.9980682067909376,0.36296158462212774,0
0.013439732441512734,30.199865,-94.784231,-0.006762123638646077,-0.5008213392763199,0
-0.7378880756540325,-76.208928,129.073542,0.6305060726735413,0.2189977639723865,1
-0.8881795224286948,-7.937825,-175.549448,1.196966691617708,-1.5085680838245088,0
-1.149431028426927,58.198931,-138.26604,-0.36080001047875015,0.0750339433226452,0
-0.6967854341867049,-72.995795,-1.908856,0.6305060726735413,1.6586359704697993,0
0.5352612952772038,-62.316125,144.073679,0.2764681858334372,1.0827806878708341,0
-0.29674439111395245,75.386227,-171.516091,-0.7856454746868751,0.9388168672210928,0
1.6993084726336882,9.478386,95.042208,1.4801970010897911,-1.076676621875285,0
0.31549468435115696,45.931199,-60.541561,-1.4229136709990624,-0.5008213392763199,0
0.8279875402747928,81.898556,-107.757518,0.4180833405694788,-1.5085680838245088,0
-1.3736312011215985,-71.507548,-169.575602,1.2677742689857288,0.7948530465713516,0
0.7806169846147076,-80.956731,147.718386,1.3385818463537495,0.7948530465713516,0
-0.3830310155826999,89.800412,77.597885,-1.635336403103125,1.6586359704697993,0
0.4867030168507417,49.052481,-73.01719,-1.7061439804711458,-0.6447851599260612,0
0.9556024293563669,-69.788651,-143.365009,-0.9980682067909376,-1.2206404425250263,0
-1.2694499448387409,-17.669171,101.775644,-1.7061439804711458,0.0750339433226452,0
1.8654404956841468,28.74453,84.815007,0.5596984953055205,-1.5085680838245088,0
-0.7451759480814739,62.719852,-171.009289,-1.635336403103125,1.3707083291703166,0
0.20727800413091227,-85.844965,-85.254242,-1.210490938895,0.0750339433226452,0
-0.05196355652906573,33.326048,50.948761,-0.7856454746868751,-1.3646042631747675,0
-0.7767745926161562,-0.807154,-173.866653,-1.5645288257351042,-0.7887489805758024,0
-0.09631632726586589,-51.885758,148.330612,0.8429288047776038,1.0827806878708341,0
1.301997012662477,17.304318,-98.638597,0.2056606084654164,-0.9327128012255437,0
-0.8573660408846793,11.916333,84.210108,1.0553515368816662,-0.3568575186265786,0
-0.6945840515409498,-72.86535,106.032687,1.196966691617708,-1.3646042631747675,0
0.6073432187937932,-48.573818,-9.669106,-1.3521060936310416,-1.2206404425250263,0
-1.3694129690183798,21.155071,-59.650998,-1.7061439804711458,-0.5008213392763199,0
-0.2088089141211598,-33.657277,-64.739048,-0.5732227425828126,0.506925405271869,0
0.41594630299394386,57.348083,38.113374,0.4180833405694788,1.0827806878708341,0
-1.3902705854522475,68.159981,170.102192,-1.210490938895,1.3707083291703166,1
-1.5314446394099208,-57.656254,171.609459,-1.7061439804711458,-0.5008213392763199,0
-0.8113088435436039,-61.758778,155.352612,0.8429288047776038,1.514672149820058,0
0.5158143344321031,-44.726426,62.726208,-1.1396833615269792,0.0750339433226452,0
-0.39760295227315606,33.747233,-107.588938,0.8429288047776038,-0.06892987732709607,0
0.3747046853020269,-53.478847,89.062657,-0.9980682067909376,0.7948530465713516,0
-0.20143420651984717,50.970133,19.544457,1.2677742689857288,0.506925405271869,1
0.10819321589057852,49.311804,26.576401,0.2764681858334372,1.3707083291703166,0
0.1649934234259716,14.935056,-127.135508,-1.4229136709990624,-0.9327128012255437,0
-0.27904032543370333,-41.40144,-140.607837,1.2677742689857288,-0.06892987732709607,0
-0.5725158208668851,52.292614,106.733625,-1.1396833615269792,1.3707083291703166,0
0.11335412371275214,-65.670353,-161.620958,0.4180833405694788,0.506925405271869,0
0.08937751930485721,23.530382,165.409887,0.34727576320145803,-0.3568575186265786,0
-1.4259858345663488,-44.080352,137.41115,-0.431607587846771,0.506925405271869,0
-0.40017317249716533,-19.497763,117.155167,-0.7148378973188543,-0.9327128012255437,0
0.6514309838311451,-9.756067,-54.777757,-0.9272606294229168,-0.7887489805758024,0
0.2525249593883898,-15.757169,131.387653,0.5596984953055205,0.506925405271869,0
-0.3148621956060225,29.747695,-115.458532,-1.7061439804711458,-0.6447851599260612,0
-1.0753733150224491,35.252567,144.177298,-0.0775697010066669,0.6508892259216102,0
0.3598876743513828,63.958296,115.710817,-0.7856454746868751,-0.3568575186265786,0
-0.5107072000105769,-6.742081,-4.609732,-0.9272606294229168,1.514672149820058,0
-1.2803349327892473,44.716413,-37.040244,-0.5732227425828126,1.0827806878708341,0
-0.43170338991067575,83.916792,73.851514,-1.210490938895,1.3707083291703166,0
0.44668583487917707,-15.213428,-53.438808,0.9137363821456246,-0.6447851599260612,0
0.8812801985903417,9.737221,-153.504586,1.4093894237217703,0.2189977639723865,0
-0.9244936197530488,83.463522,-29.670173,-1.210490938895,-1.6525319044742501,0
-0.14319763270439081,41.474162,-128.446395,1.4801970010897911,-0.6447851599260612,0
0.45002668182642663,65.82731,44.010458,-1.4937212483670832,0.9388168672210928,0
-1.4661380141929532,85.924026,172.663721,1.2677742689857288,-0.6447851599260612,0
1.429465262832705,-66.531471,-16.456981,-0.6440303199508335,-0.9327128012255437,0
0.845840765257195,-20.49222,-162.123771,-0.14837727837468773,1.2267445085205755,0
-0.5321143350958172,3.854832,-82.606557,-0.14837727837468773,1.6586359704697993,0
-0.5258640912134924,-27.721098,152.28232,-1.1396833615269792,-1.2206404425250263,0
-1.1666437096009286,-74.511708,-138.267752,-0.9980682067909376,-0.7887489805758024,0
0.6014573569358431,-6.822375,-38.537072,-1.7061439804711458,0.0750339433226452,0
0.08808977203798904,60.704294,68.626768,-1.0688757841589585,-1.076676621875285,0
0.1181919864431601,83.136004,-108.936871,-1.2812985162630208,-0.6447851599260612,0
-0.5943227826263671,-82.010532,-51.958434,-0.5732227425828126,1.3707083291703166,1
-0.26202068078085994,-66.538864,104.023726,0.9845439595136454,-1.6525319044742501,0
-1.547933373186178,44.20885,-122.902204,-1.7061439804711458,-1.076676621875285,0
-0.9156727686021986,-42.073851,-0.38154,1.3385818463537495,-0.5008213392763199,0
0.0021431284472384574,65.986551,42.919278,-0.28999243311072936,-1.5085680838245088,0
2.2480503214437486,60.522232,156.722024,1.2677742689857288,0.9388168672210928,0
0.19384018613815868,-33.034749,-131.354724,0.7013136500415621,-0.3568575186265786,0
1.2835489063439174,-1.424346,145.242148,-0.9272606294229168,0.7948530465713516,0
-0.7696475701550677,89.484981,27.994962,1.6218121558258327,-1.2206404425250263,0
0.33607542318014333,84.561663,-12.570096,-0.856453052054896,1.6586359704697993,0
1.5610468920144402,81.75128,67.670317,0.7013136500415621,-1.5085680838245088,0
1.298841626723418,25.382081,-167.384263,-1.5645288257351042,-1.2206404425250263,0
0.478434705607418,-81.92046,-171.95164,1.551004578457812,0.506925405271869,0
-0.25111002608016175,75.003587,30.063394,1.4093894237217703,1.3707083291703166,0
0.4352109275705676,48.140249,-141.976947,0.8429288047776038,0.6508892259216102,0
-0.43882644533147636,76.985527,-177.720766,-0.431607587846771,-0.7887489805758024,0
2.2617732768074386,66.664655,-28.747525,-0.36080001047875015,-0.6447851599260612,0
-1.3068828599636877,45.340064,-56.787465,0.48889091793749967,-0.7887489805758024,1
0.07457443876647422,-88.549999,163.90657,-0.28999243311072936,0.9388168672210928,0
-0.9633527594391588,46.443171,-112.369448,0.13485303109739558,0.7948530465713516,0
-1.0920814149874545,-54.80097,-120.822344,0.5596984953055205,0.6508892259216102,0
1.0928379599921967,-16.849616,-165.941699,-0.21918485574270855,1.2267445085205755,0
-1.324235079519792,-18.796341,-132.325543,-0.6440303199508335,0.36296158462212774,0
-0.8293367749305486,-25.303038,122.360839,-0.856453052054896,-1.3646042631747675,0
1.154174733432142,17.850075,170.455007,-0.21918485574270855,1.514672149820058,0
-0.7441664127026727,80.103024,150.800923,0.9845439595136454,-1.6525319044742501,0
0.2675084604966633,-30.69348,52.6329,-1.1396833615269792,0.7948530465713516,0
0.7079608485361081,39.854447,120.432096,-1.2812985162630208,-1.6525319044742501,0
-0.5090495769954715,45.531326,-85.668817,-0.006762123638646077,0.0750339433226452,0
-0.7962751894356579,-85.920558,38.212769,0.9845439595136454,-1.076676621875285,0
-0.824961072312678,-54.902046,-46.620461,0.48889091793749967,-0.6447851599260612,0
-0.910994958108377,-55.917564,-5.250624,-0.5024151652147918,-0.5008213392763199,1
-0.13067417614132876,-13.525729,-24.020793,0.6305060726735413,0.6508892259216102,0
-0.3528878021521594,-66.482432,74.029559,0.06404545372937474,0.2189977639723865,0
-1.3371343960584443,52.576317,-144.991656,0.2764681858334372,0.0750339433226452,0
-1.1629161295242425,85.755647,81.197437,1.6218121558258327,0.506925405271869,0
-1.245909237141441,4.050214,-130.757096,-0.7856454746868751,-1.2206404425250263,0
-0.2451943821711739,32.743657,-164.352787,0.34727576320145803,-0.06892987732709607,0
-0.7930230711007276,-26.935426,-81.430624,-0.9272606294229168,0.9388168672210928,0
0.029367808057398186,6.883409,11.474739,0.06404545372937474,-1.076676621875285,0
-0.7348867743313966,82.397548,-131.716301,0.2764681858334372,-0.5008213392763199,1
0.7644465557362825,-79.694311,130.979908,1.196966691617708,-1.6525319044742501,0
0.5614380927799382,75.227869,59.925587,-0.431607587846771,0.36296158462212774,0
-0.7202777044806647,13.387528,-155.640182,-1.7061439804711458,-0.6447851599260612,0
-0.3143323455769797,-9.295993,72.708368,1.126159114249687,0.506925405271869,0
-0.025909051396793288,31.231959,156.611959,-0.28999243311072936,-0.9327128012255437,0
0.0536326492562203,-51.813106,-107.35252,-1.5645288257351042,-0.06892987732709607,0
0.08683598018072748,5.998971,117.346056,-1.7061439804711458,-0.7887489805758024,0
3.237354610396031,77.048046,-10.309073,0.34727576320145803,-0.9327128012255437,0
-1.1558065814336942,49.207371,-158.463645,-0.9980682067909376,1.0827806878708341,0
-0.23208719974397643,-18.465539,-161.189245,1.551004578457812,0.6508892259216102,0
1.447111409099482,1.713478,-117.229202,0.7721212274095829,0.0750339433226452,0
-0.7959844666619464,33.640303,79.256531,0.13485303109739558,0.6508892259216102,0
0.2608881671189736,15.472623,-103.103077,1.551004578457812,-1.076676621875285,0
0.3994722970354696,-2.846737,-103.014723,0.6305060726735413,-0.9327128012255437,0
1.599127825350957,60.186324,-71.193626,1.4801970010897911,0.36296158462212774,0
0.7105935081911224,-20.465941,176.770455,0.9845439595136454,0.6508892259216102,0
0.06059738976111473,-74.664841,31.345534,0.7013136500415621,-0.06892987732709607,0
1.411597028216755,-38.314207,-139.946952,1.0553515368816662,-1.3646042631747675,0
1.1487733366398403,-45.413733,-60.020141,-1.5645288257351042,-0.5008213392763199,0
-1.0296386725697881,-78.156939,-112.873442,1.4801970010897911,1.0827806878708341,0
1.810211423071108,82.456117,-141.060896,-1.210490938895,-0.6447851599260612,0
-0.5904235874023517,-28.144797,-77.387619,-0.28999243311072936,1.2267445085205755,0
0.5807390741003344,23.914401,-50.234281,0.13485303109739558,-0.7887489805758024,0
0.14011887483422686,-26.273709,-120.991129,-1.210490938895,-0.7887489805758024,0
-0.4248910355661177,38.862104,161.25607,1.196966691617708,-1.2206404425250263,0
-0.8758402045006375,35.052989,-135.616058,-1.4937212483670832,-1.3646042631747675,0
-1.420279516376262,-27.06273,122.962789,1.126159114249687,-0.21289369797683735,0
-0.22774485983153686,-78.301475,29.041359,-0.21918485574270855,1.514672149820058,0
-0.2215110184127189,27.967876,150.601367,1.6218121558258327,-0.3568575186265786,0
2.1049161094706865,26.306611,-156.880959,0.5596984953055205,1.514672149820058,0
-1.4380112863316428,40.408702,108.623167,-1.4937212483670832,-0.6447851599260612,0
-1.4407630966227831,-23.41176,-83.286578,-1.4229136709990624,0.0750339433226452,0
0.8001203215443535,-24.718446,-143.585551,-0.7148378973188543,-1.2206404425250263,0
0.5675112598188911,-50.822821,-75.935762,-1.4937212483670832,-1.3646042631747675,0
0.18725829500223165,85.498016,72.179057,-0.5024151652147918,-1.5085680838245088,0
-0.5717707975099605,45.66398,112.015269,-0.36080001047875015,-0.21289369797683735,0
-0.4496039649845893,-26.055901,-10.274119,0.8429288047776038,-1.2206404425250263,0
-1.2297358115179748,29.746263,19.916362,1.551004578457812,-1.076676621875285,0
-0.6452120076046242,-54.909799,39.995183,0.06404545372937474,-0.5008213392763199,0
0.013875109826827041,-24.847009,-27.326927,0.13485303109739558,-1.2206404425250263,0
-0.21658510703946315,-1.651485,-90.304296,-0.431607587846771,-0.9327128012255437,0
-0.17590317750847534,-27.830866,103.754015,1.551004578457812,-0.7887489805758024,0
-0.5874497324869357,58.669593,-94.460099,-0.9272606294229168,0.36296158462212774,0
-0.33274895133736054,76.622724,-18.268391,0.8429288047776038,0.36296158462212774,0
-0.3850326002191964,-37.805043,-146.530204,0.9845439595136454,0.0750339433226452,0
-0.9019466360811158,39.200223,124.425132,0.13485303109739558,1.6586359704697993,0
-0.694572297432233,51.184727,-1.817596,1.551004578457812,1.6586359704697993,0
-1.433658790424385,-3.794891,-48.35013,0.13485303109739558,-1.3646042631747675,0
-0.7594569455333581,-42.92691,-122.259236,-0.9272606294229168,-1.5085680838245088,0
0.017660298342511715,65.012093,23.401044,0.7721212274095829,0.36296158462212774,0
-1.2375963324543005,-39.089018,-153.112022,1.6218121558258327,0.0750339433226452,0
0.3567376868537723,-28.814375,-18.764142,-1.4229136709990624,0.0750339433226452,0
-1.184255940805338,89.847051,136.337878,-0.6440303199508335,0.0750339433226452,0
-0.022298993659925964,-58.01528,33.427457,1.126159114249687,-1.3646042631747675,0
2.289830478264749,-81.185981,-3.892563,-0.431607587846771,-0.21289369797683735,0
1.0560170749022815,-5.674493,-122.746208,-1.4229136709990624,0.6508892259216102,1
-0.4264823562425018,77.271747,-43.662826,-1.7061439804711458,-0.5008213392763199,0
-0.4458820203659426,31.249471,150.546931,-0.431607587846771,-0.06892987732709607,0
3.028014937506096,-45.295668,-56.42132,0.4180833405694788,-0.7887489805758024,0
-0.0309699605177368,-9.47142,57.040781,1.196966691617708,0.36296158462212774,0
-0.6533731210848801,76.397018,71.893199,-0.6440303199508335,-1.5085680838245088,0
-0.8168921831383829,35.213202,-10.510873,-0.28999243311072936,-0.21289369797683735,0
-0.9164755710853821,14.835992,-7.657313,-0.431607587846771,-0.6447851599260612,0
-0.43525115571636785,82.777839,120.23039,-0.7856454746868751,-0.21289369797683735,0
-1.3115818137509614,-36.643441,155.893921,1.196966691617708,-0.3568575186265786,0
1.0266067464883428,-40.418738,148.981356,1.6218121558258327,0.6508892259216102,0
-0.8285026885233631,-34.623753,-176.454645,1.4801970010897911,0.506925405271869,0
-1.5373445889654669,-44.431271,-169.451988,1.4093894237217703,0.6508892259216102,1
0.590497971325265,67.337128,80.935399,-1.0688757841589585,0.36296158462212774,0
0.8126357718244068,-20.536877,10.020636,0.4180833405694788,0.2189977639723865,0
0.04061378159718584,85.836435,-134.105313,-1.3521060936310416,0.36296158462212774,0
0.28466201010053815,15.801012,103.967722,-1.5645288257351042,1.514672149820058,0
-0.48267201585798736,-71.643586,73.58212,0.2056606084654164,-0.9327128012255437,0
-0.6734475165056564,14.855854,102.403931,-1.635336403103125,-0.9327128012255437,0
0.3438084856325175,-83.998496,44.095584,0.9845439595136454,-0.9327128012255437,0
2.666128293593897,43.410505,15.440262,-0.28999243311072936,1.6586359704697993,0
-0.6114736253864388,45.314529,-137.005774,-0.006762123638646077,-1.3646042631747675,0
-1.369447054547776,22.345776,53.002332,-1.0688757841589585,-0.7887489805758024,0
-0.20721355561475438,49.137303,-104.605151,-1.2812985162630208,0.7948530465713516,0
-0.10693152628904426,-63.0698,171.195926,-0.006762123638646077,0.6508892259216102,0
0.14084261840969253,-23.408659,-176.18375,-1.4937212483670832,-0.5008213392763199,0
-0.5073719293993537,-38.221198,-31.803102,1.4801970010897911,0.7948530465713516,0
-1.05408571516255,64.866777,83.931939,1.4801970010897911,0.36296158462212774,0
-0.7740845207541132,3.213937,46.270512,-1.3521060936310416,-0.9327128012255437,0
1.442437204171179,18.344554,141.43739,0.06404545372937474,-0.9327128012255437,0
2.083455723624971,-65.930022,-116.153311,-0.28999243311072936,0.36296158462212774,0
-0.9976979620272254,-48.711325,69.655509,1.4093894237217703,-1.076676621875285,0
-1.1471447986044971,0.438391,-104.691773,0.7013136500415621,-1.5085680838245088,1
-0.2599286156071799,85.04514,-53.454142,-1.210490938895,-0.21289369797683735,0
-1.347756385848454,41.101755,145.347068,0.8429288047776038,-0.6447851599260612,0
-0.29341814540228967,-20.452635,46.855367,1.126159114249687,-0.21289369797683735,0
-0.9814343741786246,63.2612,145.962853,-1.4229136709990624,1.0827806878708341,0
-0.5582992810526365,11.007642,-107.477121,0.6305060726735413,0.36296158462212774,0
0.2702665059844435,-40.402328,142.949203,0.4180833405694788,0.6508892259216102,0
-0.74624551609384,-53.991805,-55.480986,0.9845439595136454,0.2189977639723865,0
0.8949316792063952,-11.82073,10.043138,1.0553515368816662,-0.9327128012255437,0
-0.7370430460644752,68.289785,64.398302,0.7721212274095829,-1.2206404425250263,0
-0.37192686877386255,36.450023,97.826338,0.2764681858334372,-1.3646042631747675,0
0.2543208103089945,-23.485748,-122.354816,-1.3521060936310416,-1.6525319044742501,0
-1.1387624745454996,-58.310898,-35.761099,1.6926197331938535,0.7948530465713516,0
0.3128645228270249,-5.886088,17.780708,-1.4937212483670832,-1.3646042631747675,0
-1.0562920718712119,69.058487,-148.713342,0.34727576320145803,-0.06892987732709607,0
-1.4561652472033344,26.576061,-113.312116,0.9845439595136454,-0.7887489805758024,0
1.436959307017613,-81.712506,-54.006164,-0.9272606294229168,1.2267445085205755,1
-0.6142938138194559,-82.146262,-155.642083,-1.210490938895,0.9388168672210928,0
1.557275578680614,3.120478,103.369789,0.13485303109739558,-0.3568575186265786,0
-0.49754588419898965,29.646342,112.025139,0.13485303109739558,0.2189977639723865,0
-0.9138973537678872,60.779649,-139.311653,-0.36080001047875015,1.0827806878708341,0
-0.49121593328066737,-43.725278,-161.394691,-0.28999243311072936,-0.21289369797683735,0
0.7523279596773627,68.993319,-146.852213,1.196966691617708,-0.9327128012255437,0
-0.17612180884013762,58.201312,-68.630883,1.0553515368816662,0.2189977639723865,0
-0.285921343715988,-61.452892,18.354567,1.6926197331938535,0.7948530465713516,0
-0.35474475620484985,41.974383,72.183888,1.196966691617708,-1.5085680838245088,0
-0.3102637701833555,38.157902,87.803647,-1.4229136709990624,-0.9327128012255437,0
-1.5427675048489315,-30.385353,62.516416,-0.5732227425828126,0.0750339433226452,1
-0.03627574447975469,4.467622,29.650551,-0.9272606294229168,1.3707083291703166,0
-0.7526268558896183,52.955075,174.56044,-0.6440303199508335,0.7948530465713516,0
1.6094173208923734,-51.963744,-171.507584,1.4801970010897911,0.0750339433226452,0
0.9381858580914839,-53.586633,-169.063168,1.126159114249687,1.0827806878708341,0
-0.7629935941959749,-67.437606,9.898358,0.7721212274095829,1.6586359704697993,1
1.6696647793884751,65.992377,-102.867786,-1.4229136709990624,0.0750339433226452,0
-0.9089286101371699,20.527553,139.818143,-1.5645288257351042,1.0827806878708341,0
0.8982001167510361,-15.605271,142.756896,0.06404545372937474,-0.7887489805758024,0
-1.2094805578958392,62.929531,-97.992988,0.5596984953055205,0.7948530465713516,0
-1.1782255367475623,-72.688542,-25.615681,-1.3521060936310416,0.36296158462212774,0
-0.954577661518979,88.367389,-129.836686,-0.9272606294229168,-0.9327128012255437,0
-0.11019717040367494,34.406027,-103.482263,-1.210490938895,1.0827806878708341,0
-1.4699575144788783,23.875384,-155.432202,-0.7148378973188543,-1.2206404425250263,0
1.6760506476912758,-6.492846,-88.898152,1.0553515368816662,-0.7887489805758024,0
1.5439470648914293,5.873617,-53.45773,-0.28999243311072936,0.6508892259216102,0
0.6567042532607269,-56.030443,-56.70058,1.4801970010897911,0.6508892259216102,0
0.15455460280211405,-63.816096,-161.336582,-0.431607587846771,1.3707083291703166,0
0.42039477208635495,-38.981617,-21.096172,-1.7061439804711458,-1.5085680838245088,0
-0.47891681926957785,-51.309775,-9.726035,0.13485303109739558,1.6586359704697993,0
0.05832510151633205,-67.786495,159.9622,1.4093894237217703,0.36296158462212774,0
1.2525410139103805,74.214847,171.261859,1.551004578457812,-0.06892987732709607,0
-1.1132349277530345,-71.340246,-2.059504,-1.635336403103125,0.6508892259216102,0
-1.0530976578164422,-3.42405,90.357953,-1.4229136709990624,1.2267445085205755,0
-0.26148277728845504,-89.953689,-72.19752,-0.431607587846771,0.506925405271869,0
-0.7767906034449397,-32.682614,-33.71275,-1.210490938895,0.36296158462212774,0
0.4033664606433931,30.152867,104.540366,-0.0775697010066669,0.9388168672210928,0
0.7851175308399573,1.857639,-149.568768,-0.856453052054896,0.0750339433226452,0
-0.2399226001883775,-20.718171,6.535141,-0.14837727837468773,0.9388168672210928,0
-0.784231143873478,11.853157,99.576052,-0.36080001047875015,1.514672149820058,0
-0.2685757288671587,14.024759,119.710797,1.4801970010897911,0.36296158462212774,0
-0.6714896056410662,35.504769,-23.054875,-0.36080001047875015,1.0827806878708341,0
-0.07795921973831903,-75.893317,-114.289513,-0.9272606294229168,1.514672149820058,1
-0.18288848486424827,54.683321,-166.023894,-1.5645288257351042,-0.9327128012255437,0
0.1158143311783359,-50.383822,-83.114888,1.3385818463537495,0.36296158462212774,0
-1.1598658552862264,-54.759382,137.983921,1.126159114249687,1.514672149820058,0
-1.214253493288855,-31.089076,141.915893,-0.0775697010066669,-1.6525319044742501,0
-1.1344501499574777,68.658288,-121.187254,0.34727576320145803,1.2267445085205755,1
0.7009777839987916,-47.927443,-23.444019,-0.5024151652147918,-0.7887489805758024,0
0.2645113321288842,80.095534,122.091201,-0.5732227425828126,-0.9327128012255437,0
0.9219289234534386,-64.369405,38.368545,-0.21918485574270855,-1.5085680838245088,0
-0.3837752599541478,45.492516,97.991812,-0.856453052054896,0.2189977639723865,0
0.7857202205586579,-42.346828,74.630022,1.6926197331938535,1.2267445085205755,0
-0.6036007850792879,-35.399091,134.522475,-0.5024151652147918,-0.6447851599260612,0
0.6267627622780292,-32.041123,-176.976709,-0.21918485574270855,-1.5085680838245088,0
-1.332729228425499,-3.6305,88.574021,1.126159114249687,-0.3568575186265786,0
-1.4295922715559795,-44.217833,-88.184388,-0.856453052054896,0.6508892259216102,0
1.0165862337188336,76.151599,95.133257,1.4093894237217703,-0.6447851599260612,0
0.7779814014301529,-60.310624,-116.693721,-0.9272606294229168,1.514672149820058,0
-0.7053515124810799,-15.528334,-7.754606,1.126159114249687,1.514672149820058,0
-0.23830221631281312,-6.853514,-26.355407,-0.7148378973188543,-0.7887489805758024,0
0.12044601206454486,73.296174,48.221169,-1.5645288257351042,1.514672149820058,0
0.5575967250225001,76.341271,-125.707456,0.8429288047776038,-1.3646042631747675,0
-0.08615499964478697,-67.192807,-97.698289,1.126159114249687,-0.21289369797683735,0
-0.6456053622483288,-11.994283,-74.758375,-0.431607587846771,-1.5085680838245088,0
0.006911566623050573,28.510975,17.697178,0.5596984953055205,0.7948530465713516,1
-0.6057295571367182,-69.321508,-166.850778,0.06404545372937474,0.506925405271869,0
2.1903690042943778,-40.14273,91.05785,1.4801970010897911,1.6586359704697993,0
-1.0205639128295785,-34.94239,38.785553,-0.5732227425828126,-1.3646042631747675,0
-0.8483511406089698,-0.42406,125.16078,-0.14837727837468773,-0.6447851599260612,0
-0.5315581346136148,-43.134718,-152.293931,-0.9980682067909376,-0.21289369797683735,0
0.1420788221474467,-18.53762,-122.717694,-0.856453052054896,-0.9327128012255437,0
-0.4262872496778529,-70.746979,-85.467046,0.7721212274095829,-1.076676621875285,0
-0.8253123510058811,59.414311,-44.032317,-0.9980682067909376,0.0750339433226452,0
-0.64279892014381,12.362104,50.954242,-1.4229136709990624,1.514672149820058,0
2.414883878156136,-27.113487,78.164269,-0.36080001047875015,0.7948530465713516,0
0.13458268352491376,71.749728,117.519666,-1.210490938895,-1.6525319044742501,0
-1.270766132763115,67.301151,-124.92462,1.2677742689857288,-1.2206404425250263,0
-1.4321169589215088,-15.634607,-151.44515,0.34727576320145803,-1.076676621875285,0
-0.04255152921939705,34.62857,-128.462228,-0.6440303199508335,0.2189977639723865,0
-0.8037726064719352,-75.05981,156.478966,1.6926197331938535,-1.6525319044742501,0
0.7971782532788197,57.090647,-40.412232,-0.5024151652147918,-0.9327128012255437,0
-0.6354985509523671,-52.982416,-2.154121,0.2056606084654164,-0.21289369797683735,0
0.586712095829921,41.437623,46.440294,-0.7148378973188543,-1.2206404425250263,0
-0.3809137030479402,-52.429819,-7.947804,0.06404545372937474,0.2189977639723865,0
-0.5938716495740138,64.476641,-33.980485,-0.5024151652147918,0.0750339433226452,1
-0.19381262710831645,83.005074,171.637674,-0.856453052054896,-0.9327128012255437,0
-1.0429525532104902,42.842765,-52.034384,-0.36080001047875015,0.506925405271869,0
1.5731128937169068,79.955362,-162.495638,0.7721212274095829,-1.6525319044742501,0
2.104464579377905,46.25808,-122.23799,-0.9980682067909376,-0.3568575186265786,0
1.0402690895382973,-42.725895,-85.654724,-1.210490938895,1.514672149820058,1
-0.7554562421520591,-85.977698,110.062344,-0.7148378973188543,-0.3568575186265786,0
1.55652638705487,-50.211973,83.676351,-1.635336403103125,-0.6447851599260612,0
-0.6999930739896728,-69.94876,91.275995,-1.210490938895,-0.6447851599260612,0
0.7430642141035654,0.038135,170.365472,0.9137363821456246,0.6508892259216102,0
-0.3342039477830662,32.776453,-50.860146,-0.006762123638646077,-0.7887489805758024,0
-0.5694169256701405,12.926513,32.573786,-1.210490938895,-0.7887489805758024,0
-0.501950186259704,-88.280994,150.917536,-0.6440303199508335,1.2267445085205755,0
-0.6076303201409162,84.018625,-70.972992,-0.21918485574270855,1.2267445085205755,0
0.3202286238599549,60.616067,-112.807921,0.9137363821456246,0.0750339433226452,0
-0.5622809787242145,21.46013,87.922404,-0.28999243311072936,0.7948530465713516,0
-0.05318449826215093,27.044225,-22.679783,-1.210490938895,-1.3646042631747675,0
1.4355810232189248,-73.276339,-9.001229,-0.5732227425828126,-0.7887489805758024,0
1.6232240335543835,11.363973,-102.625994,0.7721212274095829,-0.9327128012255437,0
-1.3033248955736465,2.687996,135.422971,-1.3521060936310416,0.9388168672210928,0
-0.5386236471164322,-46.539264,134.095927,0.13485303109739558,-0.5008213392763199,0
0.25528780657396455,64.91757,-159.956102,0.34727576320145803,0.506925405271869,0
2.4180859768470673,-83.701171,-149.389347,-0.5024151652147918,-0.06892987732709607,0
1.6771840898355581,-43.188825,-84.943822,1.6926197331938535,-1.076676621875285,0
0.03358207166296402,20.490573,-54.373931,1.3385818463537495,1.6586359704697993,0
-1.0654935606386957,54.869564,24.178618,0.7721212274095829,1.3707083291703166,0
-1.2179698620227863,31.72866,16.543333,0.9137363821456246,-1.3646042631747675,0
0.7110085401190597,-32.715071,6.706885,1.0553515368816662,1.3707083291703166,0
3.6443676401739724,-56.971251,-99.415589,-1.3521060936310416,-0.7887489805758024,0
0.09946857639744106,1.45031,-39.78037,1.6926197331938535,-1.076676621875285,1
0.09920759587760902,61.543483,11.711541,0.8429288047776038,-1.2206404425250263,0
1.120423971310103,39.79606,-30.435645,1.551004578457812,0.7948530465713516,0
0.0007038154337219657,-44.411415,55.612667,-0.9272606294229168,-1.076676621875285,0
-0.401549128145733,12.259098,-77.41301,-1.1396833615269792,0.2189977639723865,0
-1.0682102803146203,34.405747,19.005369,1.126159114249687,0.9388168672210928,0
-0.4586646056270639,-78.162981,41.468894,1.196966691617708,-1.3646042631747675,0
0.4478573307784253,36.545403,-157.650711,0.34727576320145803,1.514672149820058,0
-0.5071494177928556,20.268553,-152.209592,-0.0775697010066669,-0.3568575186265786,0
-0.6461005571087166,43.463962,-162.967114,-1.635336403103125,0.36296158462212774,0
0.14326569842404221,88.933945,-114.8607,-1.4937212483670832,0.506925405271869,0
0.10058157758734027,-60.82205,105.081078,-1.7061439804711458,0.506925405271869,0
-0.6022098981312825,-86.986614,61.40594,0.13485303109739558,-0.7887489805758024,0
-0.3981922046402252,-8.292021,21.790589,-1.4229136709990624,0.0750339433226452,0
-1.2389476849593475,42.764252,91.836486,-0.431607587846771,-1.076676621875285,0
-0.7906233459807732,20.246405,-147.953707,1.126159114249687,1.0827806878708341,0
-0.6973055865687185,86.156667,111.99981,0.7013136500415621,-1.3646042631747675,0
0.4945283146766436,48.502504,151.66498,0.7013136500415621,0.506925405271869,0
0.34186074005489303,-23.185947,103.265024,-0.21918485574270855,0.2189977639723865,0
-1.5099121646762554,77.135076,-52.128462,-1.210490938895,0.506925405271869,0
-1.103886261869037,-0.991806,-86.282375,0.6305060726735413,0.7948530465713516,0
-0.9290090293092379,71.446942,-65.39641,-1.5645288257351042,-0.3568575186265786,0
-0.8554341763244417,-64.724959,99.101599,-0.006762123638646077,0.2189977639723865,0
2.1097147007543033,63.473758,38.988503,-0.5732227425828126,1.3707083291703166,0
-0.4072019507413561,62.672471,77.473404,0.48889091793749967,-1.076676621875285,0
-0.5002868601579048,-54.309387,42.875138,0.7013136500415621,1.514672149820058,0
-0.8345564595185356,-11.677205,10.898707,-0.006762123638646077,1.2267445085205755,0
-0.4295893628393587,-50.820838,46.949634,-1.2812985162630208,1.3707083291703166,0
0.19799363078410634,27.703947,-153.891637,-1.1396833615269792,1.3707083291703166,0
-1.5213862078055294,-40.908169,-35.675027,1.4801970010897911,0.36296158462212774,0
-0.5441189082624979,-15.255824,-107.089903,-0.431607587846771,1.3707083291703166,0
-0.5423291286423448,-20.532972,-66.146745,-0.5732227425828126,-0.21289369797683735,0
-0.20170823367842317,44.100921,37.683653,-1.4937212483670832,-1.6525319044742501,0
0.3666326493250853,-48.970807,-120.843782,-1.635336403103125,-0.3568575186265786,0
0.44941192818031217,-45.952266,-9.350452,0.2056606084654164,0.9388168672210928,0
-0.015385302730663505,-24.057366,-176.153711,1.3385818463537495,-1.6525319044742501,0
1.2433180072790653,-59.510264,7.65338,-1.2812985162630208,1.514672149820058,0
-0.5800842779255864,-26.554044,-136.449727,-0.28999243311072936,-0.06892987732709607,0
-0.6029639859791445,33.034692,91.315994,-1.5645288257351042,-0.7887489805758024,0
-0.0629733045715511,16.616219,-143.989667,1.4093894237217703,-0.7887489805758024,0
0.8630717658525718,0.923507,121.424876,-1.4937212483670832,1.514672149820058,0
1.5509772023103205,-17.172483,-179.648381,-0.0775697010066669,-0.5008213392763199,1
1.9594025050538195,38.71368,-164.884418,1.4093894237217703,0.7948530465713516,0
0.458985545799213,-26.725968,47.126939,-1.4229136709990624,1.0827806878708341,0
0.12211097923888944,79.663508,-102.047993,-1.5645288257351042,0.7948530465713516,0
0.10638843466369423,-57.923699,-92.936851,0.2056606084654164,-1.6525319044742501,0
0.23529142630080768,48.859028,-159.965468,1.6218121558258327,0.6508892259216102,0
-0.5304894016652939,52.879721,78.866017,1.196966691617708,-0.9327128012255437,0
1.1649602768486365,-75.087118,93.647401,0.48889091793749967,-1.5085680838245088,0
0.6055631539046903,-85.512966,114.896653,1.4093894237217703,-0.3568575186265786,0
-0.5468704858748878,66.648495,164.487518,1.6218121558258327,0.2189977639723865,1
-1.3210485092752786,13.747746,-8.072862,-0.006762123638646077,-1.2206404425250263,0
0.0457419350978011,80.205405,-31.777522,0.34727576320145803,-1.2206404425250263,0
-1.1739655845634716,25.26274,-99.543224,0.5596984953055205,0.36296158462212774,0
-1.2711401377077223,-7.983741,-4.760748,0.2764681858334372,-0.3568575186265786,0
0.14552698584577412,60.81104,-51.410182,0.7013136500415621,-0.3568575186265786,0
0.4956813984212716,-72.973301,150.086273,0.4180833405694788,0.9388168672210928,0
0.4164679990785549,-61.205849,123.493043,-0.14837727837468773,-1.2206404425250263,0
-0.09504126735732644,-15.113269,103.263735,-0.431607587846771,-0.9327128012255437,0
0.4112102389222382,45.82463,170.034371,0.5596984953055205,-0.5008213392763199,1
0.6128091334444478,81.505804,-57.488122,-1.4937212483670832,-1.076676621875285,1
0.527015995033188,37.50136,-113.681494,0.13485303109739558,-1.076676621875285,0
-0.1989643054234163,32.997763,-168.305933,0.4180833405694788,0.9388168672210928,0
1.4478554830098447,76.337219,-31.731241,0.6305060726735413,1.3707083291703166,0
-1.1065893508298161,85.008583,-66.171652,0.34727576320145803,1.0827806878708341,0
-0.7420454896275183,57.025148,73.385163,0.34727576320145803,-1.5085680838245088,0
-0.7297600278936521,-8.187236,101.994113,0.9845439595136454,0.9388168672210928,0
-0.9716984273341898,10.2282,-72.406682,-1.5645288257351042,-1.3646042631747675,0
-0.8452112984821424,-83.682585,-163.602057,1.551004578457812,0.0750339433226452,0
-1.4216228217834108,-31.92005,27.122368,-0.7856454746868751,0.6508892259216102,0
1.2670734751509556,46.550061,90.62061,-1.1396833615269792,1.3707083291703166,0
-0.8551708295132416,-70.435415,-105.660993,-1.1396833615269792,-0.06892987732709607,0
0.5979663944433982,-50.648112,119.606409,1.3385818463537495,1.0827806878708341,0
-0.9320726201569511,29.825361,-50.382874,-0.9272606294229168,-1.3646042631747675,0
-1.4309316050747405,-30.198331,124.422578,-1.635336403103125,0.0750339433226452,0
-0.15918924848815585,50.174999,124.990302,-0.431607587846771,-0.21289369797683735,0
0.057855642189473304,42.141773,-133.876661,-1.7061439804711458,-0.7887489805758024,0
0.39049221141957136,80.094368,-173.722796,0.48889091793749967,-0.06892987732709607,0
0.3085758842514047,-27.224314,-42.788842,1.4801970010897911,1.0827806878708341,0
0.4710556202741113,-4.065927,148.149638,0.7013136500415621,-1.6525319044742501,0
0.20271796737642214,5.920258,-137.969921,-0.856453052054896,-1.076676621875285,0
-1.3509090961571726,-54.412964,150.701917,-0.5024151652147918,1.6586359704697993,0
0.1779847286236253,74.572272,126.354301,-0.0775697010066669,1.3707083291703166,0
-1.2655110239686636,27.849226,154.771847,-0.14837727837468773,0.0750339433226452,0
-1.043094796905518,-25.567683,85.446872,0.8429288047776038,1.0827806878708341,1
-1.354536347854062,57.14729,-12.966415,1.0553515368816662,-0.7887489805758024,0
0.49629723971658884,-46.454166,169.811623,-1.2812985162630208,1.6586359704697993,0
2.169052723728742,25.340998,-44.431605,-1.635336403103125,1.6586359704697993,0
-0.28968287693500344,-53.741179,83.722374,0.2764681858334372,-1.3646042631747675,0
-0.9862608294898582,-62.279297,-15.719754,1.4801970010897911,-1.3646042631747675,0
0.37557895997434193,-50.481188,-45.101458,-0.006762123638646077,-0.21289369797683735,0
-1.4004655870746594,-88.710713,144.469169,0.7721212274095829,-0.9327128012255437,0
1.001309781758901,72.032456,-125.33177,0.7721212274095829,-0.06892987732709607,0
0.3098297537927423,69.011835,-96.157661,-0.21918485574270855,1.514672149820058,0
0.06251763672029222,-61.317718,-3.407454,0.4180833405694788,1.2267445085205755,0
0.8547770576010567,7.447475,123.550513,0.48889091793749967,-1.076676621875285,0
-0.4597564579496978,0.258838,-48.476651,0.9137363821456246,0.7948530465713516,0
-0.9800749943242861,-84.257448,-163.977552,-0.856453052054896,0.36296158462212774,0
-0.7896818928837298,-51.081284,105.659149,1.6926197331938535,0.506925405271869,0
0.2823691571744982,-27.48126,-9.431816,-0.7148378973188543,-1.3646042631747675,0
-0.8747693388545933,-8.831114,98.884576,1.0553515368816662,-0.06892987732709607,0
-0.4642633824073053,63.425525,33.790638,-1.4937212483670832,0.36296158462212774,0
-1.5462543011881615,70.541995,-146.115322,-0.5024151652147918,-0.5008213392763199,0
0.7217473924585434,-64.915093,-59.738037,1.6218121558258327,1.514672149820058,0
-0.4045855762004045,-75.359153,-46.001852,-1.4937212483670832,1.514672149820058,0
-1.3872271212705465,-13.766826,-137.428685,-0.28999243311072936,-1.6525319044742501,0
-1.2703330113585416,74.441322,20.604797,-0.6440303199508335,-0.5008213392763199,0
1.4127059500310692,-60.390832,135.551574,0.9137363821456246,-0.6447851599260612,0
-0.20448249116249909,58.179747,178.923873,1.126159114249687,1.514672149820058,0
-0.7160356350504454,-51.533066,-120.203372,0.8429288047776038,-0.21289369797683735,0
0.9291167436990945,-20.917909,-161.699786,-0.431607587846771,0.36296158462212774,0
-0.44687620124934946,50.230847,154.836582,-0.14837727837468773,-0.21289369797683735,0
-1.0603265784171148,-62.144618,-17.570395,-0.9272606294229168,-1.076676621875285,0
0.7112711160487062,-60.396906,-77.389854,-0.14837727837468773,-1.6525319044742501,0
0.5362967417566432,69.453158,-136.103192,-1.0688757841589585,0.6508892259216102,0
-0.7959047334078179,-73.628402,-164.043553,1.3385818463537495,0.9388168672210928,0
-1.0050677449652792,9.751381,-68.58926,-0.006762123638646077,0.6508892259216102,0
-0.07577843738450235,53.06746,72.281327,-0.7148378973188543,1.3707083291703166,0
-0.9382168220011879,35.536254,-153.662267,1.0553515368816662,0.9388168672210928,0
-1.2813875844609983,52.491788,46.878423,-0.431607587846771,-1.3646042631747675,0
-0.017799228523777976,-42.514129,69.546864,0.6305060726735413,-0.7887489805758024,0
-1.1047052923141045,74.434516,-49.909085,1.6218121558258327,-1.6525319044742501,0
-0.24707247962399273,47.929539,38.982793,-1.635336403103125,-0.5008213392763199,0
-1.1373603810716533,-58.026635,-9.476615,-0.28999243311072936,-0.06892987732709607,0
-0.8013868532111146,-44.938561,171.155662,0.9845439595136454,0.9388168672210928,0
0.2625820536065149,-43.776201,-40.128938,-1.210490938895,1.3707083291703166,0
-0.4356900075321956,25.718899,34.336816,0.7013136500415621,-0.5008213392763199,0
0.3686938529309094,41.867936,-120.60482,-1.210490938895,-0.21289369797683735,0
0.2969473943968585,-22.057033,24.920095,-0.36080001047875015,-1.076676621875285,0
-0.7883849593115485,73.723358,134.491268,1.126159114249687,1.0827806878708341,0
-1.4119773535449043,37.525768,32.341911,1.126159114249687,1.0827806878708341,1
0.0589480082358708,-2.359176,45.90784,-1.0688757841589585,0.0750339433226452,0
-0.5522238463329948,-88.124808,-119.578542,-1.5645288257351042,-0.7887489805758024,0
-0.5983241461901679,-9.519759,-119.166618,0.5596984953055205,-0.5008213392763199,0
-0.24278911718563556,-34.107548,101.955028,0.7013136500415621,0.9388168672210928,0
-0.6033927333837434,-13.501797,-130.157146,0.7013136500415621,0.9388168672210928,0
-1.3776834360055494,-69.171863,57.272957,0.2056606084654164,1.2267445085205755,0
-1.3679286630764218,47.398584,-155.498483,-0.5732227425828126,1.514672149820058,0
-0.83129178597934,-54.586529,-37.412507,1.0553515368816662,1.514672149820058,1
-1.543675811265291,-25.148946,-58.725689,-0.5024151652147918,1.3707083291703166,0
-0.6953652513093931,64.394788,59.675641,-0.856453052054896,-0.21289369797683735,0
-0.7381426738586566,13.862908,-105.962368,0.06404545372937474,-1.6525319044742501,0
0.6209712875031979,-87.898312,132.710158,-0.28999243311072936,-0.21289369797683735,0
-0.8480175711450535,-83.969437,-61.60312,0.2056606084654164,0.0750339433226452,0
-0.3277592749698083,-52.046926,-70.084929,0.48889091793749967,-1.076676621875285,0
-1.1624741364997655,86.756861,-139.989603,0.4180833405694788,0.9388168672210928,0
0.50097286515918,75.107899,137.381717,0.7013136500415621,0.6508892259216102,0
-0.9535485201589893,-54.875004,-110.729547,0.5596984953055205,0.2189977639723865,0
-0.014370332122524431,-3.934063,84.28532,0.4180833405694788,-0.3568575186265786,0
-0.854531234298184,77.709588,81.401033,1.3385818463537495,1.0827806878708341,0
-0.7979344930763413,41.516432,143.420722,0.7721212274095829,-0.9327128012255437,0
-0.372390886584836,72.398371,32.772783,0.9137363821456246,-0.6447851599260612,0
-1.4992270977680897,89.504722,-81.825456,-1.210490938895,-1.076676621875285,1
1.1641094384996953,-84.395252,20.765509,-1.635336403103125,1.0827806878708341,0
-0.23106107668441447,83.771297,95.638751,-1.0688757841589585,0.36296158462212774,0
0.7035706681828812,-31.010609,-145.173106,-0.9980682067909376,1.514672149820058,0
-0.5448126450616532,-20.091111,-103.886264,0.6305060726735413,-1.076676621875285,0
-0.5225281440969972,-16.222763,-87.947376,0.7013136500415621,-1.076676621875285,0
1.24733937216761,85.759287,-26.360988,-1.4229136709990624,-0.21289369797683735,0
-0.7681170671780099,-37.72634,170.392382,-0.0775697010066669,-1.5085680838245088,0
-0.5598968975697708,14.760259,157.888047,-0.431607587846771,-0.6447851599260612,0
-0.48915994679198793,16.473974,59.421328,-1.635336403103125,0.9388168672210928,0
-0.6766723992654068,-87.561409,55.960004,1.126159114249687,-1.2206404425250263,0
-1.258291060929767,25.828896,139.083613,0.13485303109739558,-0.9327128012255437,0
2.1215578105577997,-55.772374,151.904092,-1.4937212483670832,-0.6447851599260612,0
-0.09482916084891366,-80.816516,-49.430976,0.8429288047776038,0.0750339433226452,0
1.6345549454547292,-3.490499,-71.499817,1.0553515368816662,1.3707083291703166,0
0.8062262855483207,-1.85485,103.184764,-1.2812985162630208,1.514672149820058,0
-0.9809462893582986,-46.430554,166.604751,0.9137363821456246,-0.5008213392763199,0
-0.3597403128575542,63.278564,105.525646,-0.0775697010066669,1.0827806878708341,0
0.06097727754469056,-63.125246,-123.151574,0.4180833405694788,-1.2206404425250263,0
0.06180072813900326,14.637365,124.298208,0.9845439595136454,-0.5008213392763199,0
0.17799896848227245,-59.775066,-38.036274,1.196966691617708,0.6508892259216102,0
0.1752762321942521,29.323624,-101.218206,1.4801970010897911,-0.06892987732709607,0
0.6010786006777692,-84.803649,-61.45737,0.9137363821456246,0.506925405271869,0
-1.2383384055105822,-55.57727,3.907192,0.9137363821456246,1.2267445085205755,0
-1.4804635562549397,83.558387,84.924934,-0.9980682067909376,1.0827806878708341,0
-0.3643586837600015,79.178078,-162.724957,0.4180833405694788,-0.5008213392763199,0
-0.7051199003397668,50.33293,-105.035706,-1.2812985162630208,-1.6525319044742501,0
-0.44932822909705533,-21.687675,-179.37905,1.4093894237217703,-0.06892987732709607,0
1.2612342399301444,-28.639015,-30.952348,-0.21918485574270855,1.2267445085205755,0
0.6402510053919276,-76.847342,117.485752,0.06404545372937474,-1.076676621875285,0
0.016998963248757014,23.402445,-44.675781,0.2056606084654164,1.2267445085205755,0
0.8756146298323204,11.907431,74.240493,0.48889091793749967,-1.076676621875285,0
0.5897854787380693,55.195331,166.084523,-1.5645288257351042,0.2189977639723865,0
-0.42980282773783274,-29.064584,-3.420381,1.196966691617708,-1.076676621875285,0
0.4360320012942069,-13.04781,-89.741785,-0.14837727837468773,0.2189977639723865,0
-1.2587051366255277,45.924481,-8.817976,1.2677742689857288,-0.7887489805758024,0
0.5714709437534238,20.880867,-130.57766,0.34727576320145803,1.514672149820058,0
-0.03896626166643658,0.751819,-104.696419,-0.9980682067909376,-1.5085680838245088,0
-0.7172728961779786,64.39131,-68.919595,-1.210490938895,-1.6525319044742501,0
0.19402937394568923,-15.68586,-34.936819,1.2677742689857288,0.2189977639723865,0
0.3396644177688241,-87.040759,-155.490181,0.2056606084654164,0.9388168672210928,0
-1.0409746253983827,26.028768,88.332715,-1.0688757841589585,-0.6447851599260612,0
-0.5228557084242165,-32.90035,-162.436151,-1.5645288257351042,1.6586359704697993,0
0.7515444626686208,-8.593102,134.488639,0.9137363821456246,1.514672149820058,0
3.254284283074198,21.982946,-108.205721,1.6926197331938535,0.36296158462212774,0
-0.2867547066605676,89.787635,9.651375,1.551004578457812,1.3707083291703166,0
0.61843160222316,-47.776299,29.125208,1.6926197331938535,-0.9327128012255437,0
-0.32180061361820905,61.41481,66.01435,0.06404545372937474,0.36296158462212774,0
0.5920652084604463,-80.98246,-45.976057,-1.5645288257351042,0.6508892259216102,0
-1.1505901809956005,-66.742706,-11.144438,-1.4937212483670832,-0.5008213392763199,0
-0.946357171702978,-68.613891,13.781701,-1.3521060936310416,1.6586359704697993,1
3.0923007951015857,-78.938172,160.529682,0.6305060726735413,1.0827806878708341,0
-0.3651538735705861,-53.042842,-95.951687,-1.4229136709990624,0.9388168672210928,0
-1.0366059635525788,16.098488,-141.941269,-0.6440303199508335,1.0827806878708341,0
-0.8843655407483305,85.201596,-67.507698,-0.21918485574270855,1.3707083291703166,0
-0.9278183465055382,30.181284,-106.994234,1.0553515368816662,0.0750339433226452,0
-0.7195769191369447,-29.827022,-110.08869,-1.2812985162630208,-1.076676621875285,0
-0.4320307931707043,33.779544,99.087497,0.2056606084654164,-1.076676621875285,0
0.01814408453063873,13.944366,-10.656474,1.126159114249687,-0.5008213392763199,0
0.31467554834367606,69.390467,105.742306,-1.635336403103125,-0.7887489805758024,0
-0.17196332488723223,-33.089123,-155.899771,1.2677742689857288,-0.06892987732709607,0
-1.4649147640461933,-7.915352,73.849303,0.7013136500415621,-0.6447851599260612,1
-0.496371025707549,-17.56349,-22.061939,0.2056606084654164,-0.6447851599260612,1
1.7190983985111936,-37.051059,84.486605,0.9137363821456246,0.9388168672210928,0
-0.3857573280993895,-77.126895,0.057907,1.126159114249687,-0.06892987732709607,0
0.4660466583877229,49.242394,153.37606,1.2677742689857288,1.514672149820058,0
0.5213643256033239,-53.568482,67.762123,-0.6440303199508335,-0.7887489805758024,0
0.3018246982341869,-30.740616,-158.683532,1.6926197331938535,-1.5085680838245088,0
1.569576860487732,31.302907,8.519809,-0.0775697010066669,-0.7887489805758024,0
1.24027715235322,60.158621,-24.76759,-1.2812985162630208,-1.6525319044742501,0
-0.2952908869944369,73.725475,-133.703521,0.7721212274095829,-0.7887489805758024,0
2.960895331006591,-81.977593,-131.327242,-0.006762123638646077,-0.6447851599260612,0
2.3468898006009287,-45.566464,132.327996,-0.7148378973188543,-1.2206404425250263,0
-0.929194031400108,28.399678,79.832311,-0.5732227425828126,1.0827806878708341,0
-0.704451673113126,42.627656,29.314578,0.13485303109739558,-0.7887489805758024,0
0.171500336215585,-31.011968,-2.576815,-0.856453052054896,0.9388168672210928,0
-1.240571400872346,31.370705,110.035654,-0.28999243311072936,-1.6525319044742501,0
0.24280998858323619,83.025911,26.987036,0.9137363821456246,0.36296158462212774,0
-0.08312786342902481,89.264421,72.753643,0.9845439595136454,-1.6525319044742501,0
-0.036949529027184666,8.149273,7.201135,-0.006762123638646077,-1.3646042631747675,0
1.9071984588270583,-27.32456,-117.76176,-0.7856454746868751,0.2189977639723865,1
-0.6025553137556304,-55.47588,-117.916032,-1.4229136709990624,0.506925405271869,0
0.6499873287246843,28.226456,-15.249488,1.4093894237217703,1.6586359704697993,0
1.7707691406763433,2.221077,-137.545453,-1.0688757841589585,1.3707083291703166,0
-0.8661048390654971,-72.507489,-38.630188,0.4180833405694788,1.514672149820058,0
-0.15098195601578798,12.296213,-47.13303,-1.7061439804711458,1.514672149820058,0
-0.8124883977209882,71.305793,56.0313,0.34727576320145803,-0.6447851599260612,0
0.18846878493549915,-0.200507,-111.27624,-1.210490938895,1.2267445085205755,0
0.1991649540236429,-54.49462,83.694215,1.551004578457812,-0.7887489805758024,0
0.6286912423947953,-26.878893,76.152029,1.6926197331938535,0.6508892259216102,0
-1.0849350263740987,64.120814,173.67251,0.5596984953055205,-1.076676621875285,0
0.020570205298256528,49.374596,-28.636603,-1.3521060936310416,0.36296158462212774,0
-0.5721820359717539,-1.736001,-176.540207,-1.7061439804711458,0.9388168672210928,0
-0.947051245087603,3.645655,145.117594,1.4093894237217703,-0.6447851599260612,0
0.4464884476520449,-60.751047,22.604879,-1.4229136709990624,0.9388168672210928,0
2.5353125756097743,-48.336275,51.538853,-0.5732227425828126,-1.076676621875285,0
-1.203346443231915,41.481529,-33.341066,0.13485303109739558,-1.3646042631747675,0
2.1984427464620646,36.084402,-162.495673,-0.856453052054896,1.3707083291703166,0
0.11337300304033644,47.406412,-93.61897,1.126159114249687,-1.5085680838245088,0
0.0037487468822961093,24.665749,36.749714,-0.006762123638646077,0.2189977639723865,0
-0.885150258485574,-68.683883,-32.857051,-0.14837727837468773,0.0750339433226452,1
-0.5142039578667308,83.114233,-94.941918,1.4093894237217703,-0.3568575186265786,0
-1.4311551077307894,-44.155458,66.505776,0.6305060726735413,0.36296158462212774,0
0.276771121768477,5.445211,-149.060441,-0.0775697010066669,1.3707083291703166,0
0.6241004893258224,-44.199164,-15.288515,1.0553515368816662,-0.7887489805758024,0
0.7797793789557322,-50.373156,58.524292,0.7721212274095829,-0.9327128012255437,0
0.3000763524934447,-17.300108,-64.005971,-1.4937212483670832,1.2267445085205755,0
1.292930820198184,-89.899046,80.988157,-1.635336403103125,0.2189977639723865,0
-0.18740165833948635,-44.353166,-116.535341,-0.7856454746868751,0.36296158462212774,0
0.28722745292791024,85.667116,-44.030467,1.3385818463537495,0.0750339433226452,0
-0.909117920849466,-59.409925,134.805697,-1.0688757841589585,-1.2206404425250263,0
-0.890195573066015,-81.266715,50.844681,0.9137363821456246,-0.9327128012255437,0
-0.285953423104818,44.080592,-68.189005,-0.5732227425828126,1.3707083291703166,0
0.841086065732505,32.386344,-90.314869,-0.6440303199508335,-0.5008213392763199,1
-0.03944469968730665,-74.466623,67.747179,-0.5024151652147918,1.2267445085205755,0
0.5542355765203871,74.105626,83.551268,1.4801970010897911,-0.21289369797683735,0
1.844612299864878,17.327843,142.250328,0.7721212274095829,0.0750339433226452,0
0.9277055855593066,-18.826001,114.75431,-1.1396833615269792,-0.06892987732709607,0
0.3234272112185636,6.543196,16.82306,-1.3521060936310416,0.2189977639723865,0
2.345529160029635,24.741452,-6.020118,-1.0688757841589585,-0.06892987732709607,1
1.4317068275016478,-45.272446,-73.92194,-1.4229136709990624,-0.5008213392763199,0
-1.532202393249575,-86.353828,-77.543996,-0.5024151652147918,0.0750339433226452,0
-0.6224070580502825,-34.454756,66.384022,-1.635336403103125,-1.6525319044742501,0
2.643105104474451,59.775088,-13.976979,0.7013136500415621,0.9388168672210928,0
0.1531005288702636,-17.799912,-112.278289,1.2677742689857288,1.3707083291703166,0
1.3919038647864486,-68.300631,-32.363092,1.126159114249687,-1.076676621875285,0
0.025497709553454945,17.244553,24.099822,1.126159114249687,0.2189977639723865,0
0.17798560264463792,-71.432396,43.120709,-0.5732227425828126,1.3707083291703166,0
-0.7838873717345858,5.961925,77.491035,1.4801970010897911,1.6586359704697993,0
0.17078741533672712,-20.23094,-97.445587,-0.7148378973188543,-1.5085680838245088,0
0.2706291548760013,35.251486,-20.764459,0.4180833405694788,-0.9327128012255437,0
0.9873722421761721,18.431821,-5.349282,-0.14837727837468773,-0.21289369797683735,0
0.32781845601000126,50.790779,177.218113,1.6218121558258327,0.9388168672210928,0
1.07726513574165,58.240725,64.63666,-1.4229136709990624,-0.06892987732709607,0
0.024612289659505408,-16.231261,-89.862884,0.7721212274095829,0.36296158462212774,0
-0.21232441870811233,5.99922,3.276178,1.4093894237217703,0.2189977639723865,0
-0.5759849152986751,-18.149331,93.120307,0.48889091793749967,0.6508892259216102,0
0.26942197033248655,-61.408662,-46.644161,-0.28999243311072936,-0.21289369797683735,0
0.3125844940795047,-8.7512,-41.234201,-1.4229136709990624,-0.06892987732709607,0
0.07566666504492127,21.871671,-157.067889,1.6926197331938535,1.514672149820058,0
0.09594284019635635,73.99109,83.010175,-1.4937212483670832,0.6508892259216102,0
-1.4505147021349396,-22.232656,117.605518,1.551004578457812,-1.6525319044742501,0
-0.750148326587456,77.86396,110.315166,1.0553515368816662,-0.7887489805758024,0
0.01802175917614097,-75.31757,-93.995295,0.4180833405694788,-0.7887489805758024,0
0.9998887318567604,-26.333895,111.336424,0.06404545372937474,-0.06892987732709607,0
-0.9770406134340447,-58.884718,14.627551,-1.1396833615269792,0.6508892259216102,0
0.6624466601112372,-53.802407,73.304294,-1.4937212483670832,-1.3646042631747675,0
-0.3605460101623811,72.069329,35.135004,0.6305060726735413,1.6586359704697993,0
-0.7991280774595292,-10.086491,55.491749,-1.0688757841589585,1.2267445085205755,0
-0.8982265078265473,-62.039378,-105.255775,-0.36080001047875015,-0.5008213392763199,0
0.20746644070769002,-73.252508,-152.200305,0.13485303109739558,-0.6447851599260612,1
0.2538832954890441,43.729959,-52.152068,-0.431607587846771,-1.3646042631747675,0
-0.966464349993778,19.953893,28.959963,-1.7061439804711458,0.2189977639723865,0
3.099408408421762,-15.706184,79.523386,-1.635336403103125,1.0827806878708341,0
0.17575423365392254,-25.60375,-110.151589,-0.14837727837468773,0.6508892259216102,0
-1.5435403934066787,27.093157,-157.447524,0.8429288047776038,1.0827806878708341,0
-1.196834752472384,56.494464,155.940595,-1.5645288257351042,-1.3646042631747675,0
-0.3158266312441303,-57.560816,172.643594,0.7013136500415621,-0.7887489805758024,0
0.27401105136955667,47.76445,-93.343237,-0.5024151652147918,-1.2206404425250263,0
0.9564836129996568,-33.981138,-57.024657,1.196966691617708,1.6586359704697993,0
-0.8056537522220117,0.027577,94.255285,1.4801970010897911,0.0750339433226452,0
1.04270013965875,74.766857,171.409417,0.06404545372937474,-1.5085680838245088,0
-0.04992432991539538,-1.6508,64.381925,-0.5732227425828126,0.7948530465713516,0
-0.4091330927088374,59.674768,-154.745342,1.126159114249687,1.6586359704697993,0
-1.0460103037102892,-59.155198,72.877066,-0.9980682067909376,-0.6447851599260612,0
-0.22829320271634307,43.615086,61.101889,0.6305060726735413,-1.5085680838245088,0
-0.36938337423801026,23.245975,-127.298462,-0.28999243311072936,-0.06892987732709607,0
-1.0210783872604974,83.233799,-132.771707,0.2056606084654164,-1.6525319044742501,0
-1.5292641243056335,-40.575647,-105.122047,-0.0775697010066669,-0.21289369797683735,1
0.21461755746635297,75.595239,145.113663,1.4093894237217703,1.3707083291703166,0
-1.4926670837342018,72.609077,95.755951,1.551004578457812,0.2189977639723865,0
-0.3327694913450919,35.193335,-127.356692,-0.14837727837468773,-0.5008213392763199,1
3.0943686961116845,13.143439,-122.611907,1.196966691617708,-1.3646042631747675,0
0.9943914430585183,6.17513,123.515184,0.06404545372937474,-0.3568575186265786,0
-0.2701416119817178,-3.161728,-161.511451,-0.9272606294229168,0.2189977639723865,1
1.961108344842417,62.007842,30.139018,-1.4229136709990624,-0.3568575186265786,0
-1.0080985149778614,77.267907,52.405158,-0.006762123638646077,1.0827806878708341,0
0.38890340353170494,-39.861981,-151.77304,-0.28999243311072936,1.514672149820058,0
-0.028377860798113677,65.787973,50.034487,0.7013136500415621,0.9388168672210928,0
0.8441912193876019,38.060112,-111.445172,-1.1396833615269792,0.7948530465713516,0
1.4862320119060946,87.621902,-163.166901,0.2764681858334372,1.2267445085205755,0
-0.43896135228292155,13.841212,70.624602,-0.0775697010066669,0.2189977639723865,0
-0.16341687583613296,-42.256336,156.249985,0.7013136500415621,0.7948530465713516,0
0.5802075368081152,15.170619,49.335004,-1.1396833615269792,-0.3568575186265786,1
-0.0012577578799258201,-33.818739,83.33014,-0.21918485574270855,-1.3646042631747675,0
-0.682681247291917,64.306909,-6.082738,0.2056606084654164,-0.6447851599260612,0
0.2867413706959924,-22.793562,141.178539,0.48889091793749967,0.36296158462212774,0
0.12813814531050438,-83.605902,116.131839,1.0553515368816662,0.506925405271869,0
-0.7753044812520488,-51.938917,23.156731,-0.7856454746868751,0.506925405271869,0
0.11171700904212108,52.649381,-169.405144,0.6305060726735413,-0.9327128012255437,0
-0.5800922105144531,84.564284,-102.452524,0.2764681858334372,-1.3646042631747675,0
0.15516524914597324,45.34314,128.639147,1.3385818463537495,-0.9327128012255437,0
1.0802671125654786,8.03094,-69.080624,-1.0688757841589585,-0.7887489805758024,0
0.1811524681665555,62.087468,140.506269,-0.7856454746868751,0.0750339433226452,0
3.4853326035117984,-11.765817,31.061181,1.3385818463537495,1.6586359704697993,0
1.66184954606268,14.755324,-20.034786,1.6218121558258327,-0.7887489805758024,0
-1.1823651381243376,-2.856955,-139.593133,1.196966691617708,-1.6525319044742501,0
-0.5262553845190521,-29.390753,-147.884373,-0.9980682067909376,-0.7887489805758024,0
0.30983566053390593,-64.726463,-112.214688,-0.856453052054896,1.514672149820058,0
0.5272796666773834,64.184025,123.255108,1.4801970010897911,1.0827806878708341,0
-0.46748298469175487,-39.144675,178.540988,-1.3521060936310416,0.506925405271869,0
1.3431505205859122,-85.681489,104.19743,1.196966691617708,-1.2206404425250263,0
-1.3569880370648535,87.892803,-164.754097,1.2677742689857288,-1.076676621875285,0
0.024516984981180226,-27.491293,77.588568,-0.0775697010066669,1.6586359704697993,0
1.74701098348858,12.791462,-163.198696,-1.4937212483670832,1.514672149820058,0
0.30850274174012376,29.261773,129.105515,1.3385818463537495,-0.21289369797683735,0
2.961524829951218,9.788267,-153.961003,-1.4229136709990624,-0.9327128012255437,0
-0.8933344838772752,62.998394,101.293108,-0.9272606294229168,1.3707083291703166,0
-0.6831992906284146,21.885662,-113.693869,0.13485303109739558,-0.5008213392763199,0
-0.660894317879696,-77.550963,86.773725,1.196966691617708,-0.06892987732709607,0
-0.9261536953153069,19.26861,144.025165,-1.3521060936310416,0.9388168672210928,0
-0.4350135375110644,-2.881181,-21.121811,-0.7856454746868751,-1.6525319044742501,1
1.1972399651525005,6.404113,-0.198896,-0.9272606294229168,1.6586359704697993,0
-0.41478249403842593,-22.530679,154.971068,0.7013136500415621,-0.21289369797683735,0
-1.5447919228106974,-62.406626,75.769653,0.2056606084654164,-1.076676621875285,0
-1.100797434065807,28.210066,-34.083332,1.6218121558258327,-1.5085680838245088,0
0.9886896972235988,40.901885,-120.820863,-0.7856454746868751,1.3707083291703166,0
2.9322471892948734,-86.584675,-16.434146,-0.431607587846771,0.2189977639723865,0
0.03778828385597047,-42.762453,56.546294,-1.635336403103125,-0.9327128012255437,0
0.750768450185894,-10.876122,91.942801,1.0553515368816662,0.2189977639723865,0
-1.2381504393131448,20.277292,68.583626,1.2677742689857288,0.2189977639723865,1
0.6563306213587404,28.432105,91.948259,1.0553515368816662,0.0750339433226452,0
-1.524506838074141,62.217681,28.946063,0.4180833405694788,-0.5008213392763199,0
-1.2257692349206835,57.41811,119.301215,1.4801970010897911,-1.6525319044742501,1
0.9988813706666415,5.586809,32.502234,1.4093894237217703,-0.6447851599260612,0
1.9021456333414286,-27.903973,-150.548727,0.48889091793749967,0.2189977639723865,1
-0.3523504099241359,-76.140048,37.938331,0.06404545372937474,1.3707083291703166,0
0.1327517545610531,67.042233,45.699956,1.126159114249687,0.7948530465713516,0
-0.7543269583118137,23.336087,169.917771,-1.3521060936310416,-0.06892987732709607,0
0.11971171302823155,49.86497,-7.590823,1.2677742689857288,0.9388168672210928,1
2.016609164999571,76.282572,-36.013942,0.7721212274095829,-0.6447851599260612,0
-0.944879746285402,-52.095484,-168.560801,1.6218121558258327,0.9388168672210928,0
-1.3746199212894707,81.25067,34.958361,0.5596984953055205,-0.21289369797683735,1
1.663315279434271,-41.863564,-20.92122,-1.0688757841589585,-0.5008213392763199,0
0.7608929123321471,33.700234,-21.429342,0.8429288047776038,0.7948530465713516,0
-0.73263318399051,-75.624422,125.978256,1.196966691617708,-0.5008213392763199,1
-1.006734113579711,-18.369039,-34.053919,0.2056606084654164,-0.7887489805758024,0
-0.08814112759445511,70.700746,-70.427435,0.4180833405694788,-0.5008213392763199,0
-1.1595339731162007,-4.018889,158.725125,-1.2812985162630208,1.3707083291703166,0
-0.023617840982017826,17.708421,-71.693843,-1.635336403103125,0.0750339433226452,0
-0.38559333621514663,-78.438788,-136.992386,-1.0688757841589585,-0.21289369797683735,0
0.5766936782189594,60.285602,49.351507,-0.21918485574270855,-1.6525319044742501,0
-1.262473556992386,-87.905546,168.744052,-0.28999243311072936,1.3707083291703166,0
-1.2723627294196245,37.071517,87.459121,-0.14837727837468773,0.2189977639723865,0
1.0717840589179375,-88.362531,-17.009803,0.5596984953055205,0.9388168672210928,0
0.32447905577550984,-3.349277,127.903585,-0.21918485574270855,-1.6525319044742501,0
1.0669540059513152,-32.7375,-72.57496,0.4180833405694788,0.506925405271869,0
-0.2636489407043738,2.351121,-173.787122,-1.635336403103125,-0.21289369797683735,0
-0.9529658132527633,-89.029858,6.190728,0.2764681858334372,-1.3646042631747675,0
-0.6261818080582493,-79.68107,-121.128034,0.48889091793749967,-0.5008213392763199,0
0.9973292809031132,-34.879117,-29.369836,0.34727576320145803,-0.9327128012255437,0
0.45207578284795086,-35.486262,-72.921072,-1.1396833615269792,-1.2206404425250263,0
0.40172312161750423,-23.484919,-170.273066,-1.5645288257351042,-1.5085680838245088,0
0.12211367358736899,53.188832,-76.824588,-0.28999243311072936,1.0827806878708341,0
0.709584942770318,48.835143,-4.796872,0.4180833405694788,-1.6525319044742501,0
0.06938856636339634,-71.637522,-75.296273,-0.9272606294229168,1.3707083291703166,0
0.04971078016483521,84.046823,84.414737,0.9845439595136454,0.0750339433226452,0
0.6114416914593662,11.947768,-78.647863,0.9137363821456246,-1.076676621875285,0
1.196289508431538,15.628947,-168.819069,1.196966691617708,0.7948530465713516,0
-0.7378659727599579,-9.861103,-71.469015,0.8429288047776038,1.6586359704697993,0
0.8681077496273178,81.729493,31.212921,-0.7856454746868751,-0.9327128012255437,0
-0.6724400004477322,-76.441314,101.944135,1.6218121558258327,-1.3646042631747675,0
1.0895825618473673,-46.059928,104.377355,1.3385818463537495,0.9388168672210928,0
-0.08031651403124906,-52.102918,5.051983,0.5596984953055205,-0.3568575186265786,0
1.7883241984053155,24.361314,-157.348479,1.4093894237217703,-0.7887489805758024,0
-0.002215601847624593,36.338344,44.478451,-1.1396833615269792,0.0750339433226452,0
0.959592244383652,-49.286005,146.620723,-0.431607587846771,-0.7887489805758024,0
-1.5483104695829706,81.795546,127.186748,-1.1396833615269792,1.2267445085205755,0
0.7812561808768665,-88.331315,-143.567527,0.9845439595136454,-0.3568575186265786,0
0.7759531974968777,25.182432,1.421475,0.06404545372937474,-0.6447851599260612,0
0.611170179099362,41.898298,-62.631443,-0.21918485574270855,-1.076676621875285,0
0.6183405867666426,79.042354,173.082486,1.4093894237217703,0.0750339433226452,0
2.245305705282955,18.688726,-124.422567,-0.856453052054896,1.514672149820058,0
1.1241508192938634,51.914029,37.526102,0.13485303109739558,-0.7887489805758024,0
-0.11368713869184716,43.355544,-45.542958,-1.4937212483670832,0.2189977639723865,0
1.5825489467671299,-49.130842,-98.777922,-1.0688757841589585,1.0827806878708341,0
-0.20300306603665885,-69.855468,82.680489,-1.4937212483670832,-0.21289369797683735,0
-0.19854564236084057,52.08899,-136.109997,1.6218121558258327,-0.7887489805758024,0
0.4353934988567839,-39.342332,-14.405673,0.34727576320145803,-1.5085680838245088,0
-0.37082520472203556,-77.870384,85.839052,-0.36080001047875015,-1.076676621875285,0
-0.2647963148240955,-89.371059,87.824476,0.34727576320145803,-1.5085680838245088,0
-1.1555457105526308,-36.826278,-46.852015,-1.635336403103125,-0.6447851599260612,0
0.0017969507785235703,60.498293,-4.239731,1.6926197331938535,0.506925405271869,0
-1.0480595731931668,-13.806791,69.39839,1.3385818463537495,-1.076676621875285,0
-0.7945946744220062,-15.4159,-179.838478,-0.9272606294229168,1.0827806878708341,0
-0.05932920269106361,-32.083489,-80.06641,-0.9980682067909376,-0.21289369797683735,0
1.7959583964327013,-58.474473,-137.721897,-0.9980682067909376,-0.21289369797683735,0
0.4238314002662607,66.176485,153.812792,0.2056606084654164,0.506925405271869,0
0.8721504224655167,-0.337221,175.569144,-1.4937212483670832,-0.21289369797683735,0
-0.371534823709512,84.879474,-95.215166,-1.4229136709990624,0.6508892259216102,0
0.32731600111204007,36.50128,-158.563649,-0.006762123638646077,0.0750339433226452,0
-0.8710321035421529,-82.595672,142.560729,-0.6440303199508335,0.506925405271869,0
3.0983972781552755,27.280662,-79.305097,0.5596984953055205,1.3707083291703166,0
-0.05771632308542416,72.54717,-131.888353,-1.7061439804711458,-0.21289369797683735,0
0.849093383104596,43.828799,-102.337956,1.0553515368816662,0.6508892259216102,0
-1.3974425172546139,-34.884052,-8.780339,-1.635336403103125,1.514672149820058,0
0.41950377928704097,65.478829,-154.783968,1.6218121558258327,-0.21289369797683735,0
-1.0603852407654257,-83.608341,146.912349,0.5596984953055205,1.2267445085205755,0
-0.8825502310025827,-89.205394,143.25384,0.2056606084654164,-1.6525319044742501,0
1.9495679008943037,-21.968681,117.711848,0.2056606084654164,0.7948530465713516,0
-0.4700133546221547,41.185706,-82.099676,0.6305060726735413,-1.2206404425250263,0
1.2927267820410053,74.208999,107.200965,-0.9980682067909376,-1.2206404425250263,0
-0.35217268879347335,-68.743698,107.124073,-1.2812985162630208,0.7948530465713516,0
2.3265458989231202,25.164558,145.618766,0.2056606084654164,0.9388168672210928,1
-0.3095779230930595,40.102389,-21.038091,0.9137363821456246,0.9388168672210928,0
0.3323934506601674,4.089519,54.918432,0.06404545372937474,-1.2206404425250263,0
-0.8560391341586111,-5.524857,47.397708,-0.7856454746868751,-1.076676621875285,0
0.3315114027236145,-22.896351,-151.636313,0.9137363821456246,-1.2206404425250263,0
-0.14331095187141296,53.169901,-97.444994,-0.431607587846771,1.0827806878708341,0
-0.9945910850917404,71.760262,-2.431103,-0.36080001047875015,0.7948530465713516,0
0.6542147744373631,0.323513,-149.293944,0.5596984953055205,-0.21289369797683735,0
-0.7472275721684325,66.788621,-169.551047,-0.7148378973188543,0.7948530465713516,0
-0.5879031554613446,85.670236,-82.442722,1.0553515368816662,-1.2206404425250263,0
0.35716206893630686,-66.712764,62.726902,0.06404545372937474,-1.3646042631747675,0
0.9408922765633403,77.289493,-26.418117,1.6926197331938535,-0.21289369797683735,0
0.8147830492399146,-47.629381,-122.355222,1.2677742689857288,1.3707083291703166,0
0.8666458599303929,46.256647,94.815276,-0.14837727837468773,-0.3568575186265786,0
-1.2455661942551097,12.428571,-138.734766,1.3385818463537495,0.9388168672210928,0
0.7788897801382135,-85.635892,73.737426,1.4093894237217703,0.506925405271869,0
0.2076408486340037,-89.405024,-131.334594,-0.9272606294229168,-0.6447851599260612,0
-0.3416161822350304,69.289671,172.114748,1.196966691617708,-0.06892987732709607,0
2.594770466535511,-63.718511,109.637727,-1.4229136709990624,-0.21289369797683735,0
-0.9751457902322763,85.496374,-78.28598,-1.4937212483670832,1.6586359704697993,1
0.5289386906845615,73.482024,-157.577869,-1.5645288257351042,-0.6447851599260612,0
-0.6086877643942347,86.773513,-129.522041,-0.9272606294229168,0.6508892259216102,0
-0.08086317486023548,58.029576,178.522369,1.2677742689857288,-0.6447851599260612,0
3.781158841319575,21.446591,-93.994138,-0.7856454746868751,0.7948530465713516,0
-0.3007138383092608,3.791813,-117.532521,-1.2812985162630208,-1.2206404425250263,0
0.5673003485236593,45.125354,171.127508,-1.4229136709990624,0.36296158462212774,0
2.324330061341722,14.373412,-78.710954,1.126159114249687,-0.5008213392763199,0
0.6077241879019001,-0.330905,-69.033168,-0.21918485574270855,0.0750339433226452,0
1.657109832037509,34.370603,70.986303,-1.210490938895,0.7948530465713516,0
0.6183761758583254,39.477824,90.097557,-1.5645288257351042,0.2189977639723865,0
1.2899433525917858,-9.736849,34.16226,-1.0688757841589585,0.9388168672210928,0
0.8642644608108433,65.724252,-28.469168,1.551004578457812,1.3707083291703166,0
1.7748635756118893,16.34947,-40.928423,0.13485303109739558,0.36296158462212774,0
0.5775120255509156,-6.200292,-112.475715,-1.2812985162630208,1.6586359704697993,0
0.24540914445762246,87.191463,110.925,-0.7148378973188543,1.2267445085205755,0
1.2826199008829975,61.260367,107.979478,1.2677742689857288,1.514672149820058,0
-0.6708358259945641,29.712371,-15.25584,-0.7856454746868751,-1.5085680838245088,1
0.5001621663472438,-23.08469,-164.008046,1.6218121558258327,0.36296158462212774,0
0.41044370767173277,45.196545,63.58939,-0.7856454746868751,-0.7887489805758024,0
-0.16461565544936685,22.769591,-173.101895,0.06404545372937474,-0.7887489805758024,0
3.7066249596993606,-75.471619,57.72689,1.3385818463537495,-0.6447851599260612,0
-1.1461708370557289,5.716857,-179.221535,0.34727576320145803,-1.6525319044742501,0
-0.14252000424501246,-46.040929,146.784434,1.196966691617708,-1.5085680838245088,0
2.4122862381092802,36.726339,-92.099373,-1.2812985162630208,-0.21289369797683735,0
0.9637640315634561,-13.693675,-15.896592,-0.006762123638646077,-0.3568575186265786,0
-1.2207106814227282,-88.984882,15.751393,1.6218121558258327,1.514672149820058,0
-0.15075664634512356,-12.444613,-102.367122,0.48889091793749967,0.6508892259216102,1
-0.6098464043964882,-37.848535,-123.272117,0.9845439595136454,-0.5008213392763199,0
-0.8930525302811572,70.073849,75.521473,-0.36080001047875015,-1.5085680838245088,0
0.10177817041135631,-51.454846,-22.807506,-0.9272606294229168,-0.7887489805758024,0
0.13936587394190142,-82.396727,-108.027218,0.5596984953055205,-1.076676621875285,0
0.30206224896544304,78.758122,76.562468,1.3385818463537495,1.0827806878708341,0
0.9052835230416555,50.995533,-89.810576,-1.5645288257351042,0.7948530465713516,1
0.12104422035770283,-11.679349,-36.71045,0.13485303109739558,1.0827806878708341,0
-1.1101087063620754,16.449788,30.89924,0.34727576320145803,-1.6525319044742501,0
-0.9311702796330777,-69.034188,89.417537,1.0553515368816662,0.7948530465713516,1
-0.9415131282092768,30.422975,-116.879028,0.13485303109739558,1.6586359704697993,0
-0.4311885467203605,-75.955601,-10.98214,-0.9272606294229168,-1.6525319044742501,0
0.1328155972187015,-11.332464,82.629404,0.9845439595136454,-1.2206404425250263,0
-0.3401785156153733,23.569796,-135.440376,1.4801970010897911,0.36296158462212774,0
-0.893061355861558,-73.657739,-53.207445,-0.9272606294229168,-0.5008213392763199,0
0.05323803780189239,30.488683,142.630527,0.7013136500415621,1.3707083291703166,0
0.21691312132970858,20.428205,31.238812,1.3385818463537495,-1.5085680838245088,0
0.3587211127514578,80.213981,-98.415941,-0.7148378973188543,0.506925405271869,0
0.15756266395229812,60.47926,84.146597,-0.5024151652147918,-1.2206404425250263,0
-0.804283395493081,56.21785,102.995937,-0.14837727837468773,-0.21289369797683735,0
-1.351958664839764,-54.726911,-20.277779,-0.7856454746868751,-0.9327128012255437,0
1.3247930445491392,-12.357401,134.522894,0.7013136500415621,0.2189977639723865,0
0.8378761595664974,79.649739,120.564551,0.5596984953055205,0.7948530465713516,0
-0.1312017284376753,-60.230336,-155.767711,-0.856453052054896,1.514672149820058,0
0.06064233262716892,-85.873441,48.314456,1.0553515368816662,0.0750339433226452,0
-0.3980653224682684,37.254218,86.496631,1.4093894237217703,-0.9327128012255437,0
-0.5389720502977376,47.344882,-35.085933,1.551004578457812,1.2267445085205755,0
0.026388613228732486,-63.692947,105.474735,1.6926197331938535,0.6508892259216102,0
-1.0704663841143078,-41.323258,33.79294,-1.210490938895,1.514672149820058,0
-0.5871653397381578,-35.474585,-8.677138,-0.856453052054896,-1.3646042631747675,0
0.5590694913497055,47.404207,152.325073,-1.7061439804711458,-0.06892987732709607,0
-1.5350327854834676,-23.241657,64.014672,1.2677742689857288,-0.9327128012255437,0
-0.47937848108329795,-12.208827,154.852894,-1.2812985162630208,-1.076676621875285,0
1.0562314845012708,-83.967055,-123.407799,-1.635336403103125,0.506925405271869,0
-0.8371662896445313,3.706343,-57.513022,1.196966691617708,-1.6525319044742501,0
-1.2011582545592037,-4.595099,-66.501025,-0.9272606294229168,0.6508892259216102,0
-0.24868651704084427,-5.483555,137.617486,-0.6440303199508335,1.6586359704697993,0
-0.2474508555574204,-11.138218,-30.998003,0.5596984953055205,0.36296158462212774,0
1.2611775683371238,10.618724,-157.058566,-0.9272606294229168,0.36296158462212774,0
-0.1105141199793486,-18.933347,-106.128743,1.196966691617708,0.2189977639723865,0
-0.6451941259191701,-2.272591,7.29084,-1.4229136709990624,0.506925405271869,0
-0.015984227700332358,-28.610159,15.352332,-0.856453052054896,0.506925405271869,0
-0.31216180855836867,35.005686,71.468161,-0.5024151652147918,1.6586359704697993,0
0.644443852499361,-53.551416,-56.043618,-0.856453052054896,-1.3646042631747675,0
-1.2093981680719448,9.182515,-52.311941,1.6926197331938535,-1.5085680838245088,0
0.7902299704257527,50.018101,60.726346,-1.1396833615269792,-0.6447851599260612,0
0.11231257022559778,45.222807,-126.421235,-1.5645288257351042,-1.2206404425250263,0
0.49549448300367477,-66.822577,-108.529584,0.5596984953055205,-1.3646042631747675,0
-0.047126699466088655,-55.799488,-63.516026,-1.4229136709990624,-0.06892987732709607,0
-0.2686676742287679,76.473482,-160.643383,-1.5645288257351042,0.36296158462212774,0
1.0520557913113397,-18.310073,177.337217,0.9845439595136454,1.3707083291703166,0
0.09683622126697797,-29.99721,63.832007,1.2677742689857288,-0.06892987732709607,0
-0.4152777307450131,-67.040112,45.167959,-1.1396833615269792,0.0750339433226452,0
1.5329863384282851,31.302048,-20.570281,0.8429288047776038,-1.5085680838245088,0
-0.16535727259303587,-27.676917,-174.92827,1.196966691617708,-1.3646042631747675,0
-1.323800158673525,64.622761,129.462994,-1.635336403103125,-0.5008213392763199,0
0.8303172812263198,31.026077,78.408256,-0.14837727837468773,0.7948530465713516,0
0.5562700581070947,55.467683,131.411518,1.6926197331938535,-0.5008213392763199,0
1.2698426544373826,-81.275677,-42.474589,-1.4229136709990624,0.0750339433226452,0
-0.8726663658174748,-5.671663,-169.503266,1.2677742689857288,0.506925405271869,0
0.5747498972426519,8.15658,-64.878689,-0.7856454746868751,0.2189977639723865,1
-0.6632440029817647,-33.973236,-96.489985,0.6305060726735413,1.6586359704697993,0
-0.6850220201208608,13.597228,119.32958,-0.28999243311072936,1.2267445085205755,0
0.5895543097584356,-25.476578,137.641094,-0.5732227425828126,0.2189977639723865,0
0.47738759387289564,-5.765287,-16.683503,0.2056606084654164,1.0827806878708341,0
0.005340317210478247,53.381244,-159.047123,-0.0775697010066669,-0.3568575186265786,0
-0.4835079883961823,85.45747,129.315407,0.2056606084654164,-0.3568575186265786,0
-1.1913774682408653,58.017539,-59.484486,-1.635336403103125,-0.21289369797683735,0
-0.49110660720072546,68.752097,53.736542,-1.7061439804711458,-1.2206404425250263,0
0.5900830551280575,-59.186089,-80.574303,-0.5732227425828126,-0.06892987732709607,0
-0.8706241311839393,-57.774253,51.72523,-0.14837727837468773,0.7948530465713516,0
1.4963988134093928,-50.790201,-93.439184,1.2677742689857288,1.3707083291703166,0
-0.8022632536406216,-79.999813,-146.984281,-0.0775697010066669,0.7948530465713516,0
-1.2790336687007375,82.910671,38.817824,-1.0688757841589585,0.36296158462212774,0
-0.9111970081104901,-89.835231,134.95623,1.4093894237217703,-0.7887489805758024,0
-1.0694756424324532,-43.524719,-51.835685,0.7013136500415621,1.6586359704697993,0
-1.2226057085134234,-18.72087,172.618098,-1.7061439804711458,-0.21289369797683735,0
3.495437485903193,16.377414,7.91763,-1.3521060936310416,-0.5008213392763199,0
0.6413696227488965,-31.26495,113.733251,-1.210490938895,-0.9327128012255437,0
-0.535693732698799,-72.581959,-114.949592,-1.4229136709990624,1.514672149820058,0
-0.21417791346069057,29.20089,169.552051,1.6218121558258327,0.0750339433226452,0
-0.285885527082339,42.738987,-27.356275,-1.4229136709990624,-0.21289369797683735,0
0.4395797527273716,53.445097,-94.920992,0.7013136500415621,0.36296158462212774,0
-0.40075000879331707,54.278456,-158.745073,-1.7061439804711458,-0.5008213392763199,0
-0.07713392069591471,4.336471,-139.575853,0.2056606084654164,-0.21289369797683735,0
0.806423002622941,57.963601,-157.133397,1.4801970010897911,-1.3646042631747675,0
-0.109533948734401,-21.930523,-103.362652,0.48889091793749967,-1.5085680838245088,0
0.6211131327514037,-73.054529,69.958995,-1.3521060936310416,-0.7887489805758024,0
-0.46708584252758784,52.157232,-32.661745,1.4801970010897911,1.2267445085205755,0
-0.0199098309444888,-51.51984,9.522918,-0.6440303199508335,-0.9327128012255437,0
0.02047054250237403,40.436758,-16.040464,-0.21918485574270855,1.514672149820058,0
-0.04780303304360929,34.266365,155.245606,0.9137363821456246,-0.9327128012255437,0
0.9130680911751075,-57.331975,100.862535,0.6305060726735413,0.9388168672210928,0
-0.056517202410515846,-54.481791,-113.498015,1.0553515368816662,1.2267445085205755,0
-0.9279858870759036,27.182771,-130.334695,-0.7856454746868751,1.0827806878708341,0
-0.020290115008465524,1.789893,28.08621,-0.0775697010066669,1.2267445085205755,0
0.36193246469441115,26.366274,82.355056,0.13485303109739558,-1.6525319044742501,0
1.0496344392834531,-70.766747,132.566146,1.126159114249687,-1.2206404425250263,0
-1.1816624320694302,82.307627,49.401493,-1.210490938895,-1.3646042631747675,0
-0.7485323165834334,-35.56074,18.216359,-0.5732227425828126,-0.3568575186265786,0
1.9564664381321857,-13.613665,177.45592,0.13485303109739558,1.514672149820058,1
-1.4846419256786205,-40.243732,-133.456427,0.9137363821456246,-0.6447851599260612,0
-0.17546087435902175,83.026339,70.348482,-1.5645288257351042,0.7948530465713516,0
-0.4711755362861496,43.627808,-178.781952,-0.5024151652147918,-0.9327128012255437,0
-0.7753753926584932,73.509197,19.14673,0.34727576320145803,0.2189977639723865,1
-0.791114586620523,67.979788,-173.315347,-0.36080001047875015,-1.5085680838245088,0
-0.6372550080385933,-67.372655,-72.484528,-1.2812985162630208,1.2267445085205755,0
-0.976160921820921,-32.41163,124.661497,1.551004578457812,-0.6447851599260612,0
-0.6989543224643248,6.464762,-137.582208,-0.5732227425828126,-0.9327128012255437,0
-1.4912394496290269,85.886623,-90.438092,-0.856453052054896,-0.06892987732709607,0
1.2045571368914068,20.634409,-165.2229,-0.9272606294229168,0.36296158462212774,0
-0.4598689182562239,-37.699068,-118.147945,1.3385818463537495,0.7948530465713516,0
-1.4130374730712676,-88.244951,-161.842203,-0.28999243311072936,1.6586359704697993,0
-1.1383024631615588,65.880604,-71.961505,0.48889091793749967,1.3707083291703166,0
-0.03561143687339882,24.086934,106.086393,-0.431607587846771,1.514672149820058,0
0.35911540944480613,84.140471,169.11601,0.48889091793749967,-0.5008213392763199,0
0.045941755681243965,-35.571436,19.358247,-0.7148378973188543,-1.2206404425250263,0
0.9054782362847293,-53.718145,163.472987,-1.635336403103125,0.2189977639723865,0
-0.15767281153372256,48.399248,-95.129715,1.6926197331938535,0.7948530465713516,0
-0.6318113346470279,-45.460133,-64.910644,-1.4937212483670832,0.2189977639723865,0
-0.3882024871306565,-28.136278,47.065544,0.34727576320145803,-1.3646042631747675,0
-0.10399014410727478,-33.566111,59.954405,0.6305060726735413,0.36296158462212774,0
-1.2856029113266885,-71.619368,-73.254174,0.5596984953055205,-1.2206404425250263,0
-0.26014519174484807,-50.477172,175.072285,-0.006762123638646077,0.36296158462212774,0
0.04162639576394322,-53.132699,-113.581331,-1.4229136709990624,0.2189977639723865,0
0.7811934295774601,8.81046,-67.658299,-0.5732227425828126,0.2189977639723865,0
-0.636311608800745,-41.539514,-76.481135,0.6305060726735413,1.6586359704697993,0
0.6734670495887887,-78.556623,95.97716,-1.210490938895,1.3707083291703166,0
1.0367262797686965,26.415007,37.08496,-1.3521060936310416,-1.3646042631747675,0
1.3080578819077264,-4.493468,-83.205151,-0.6440303199508335,0.2189977639723865,0
1.7860601421946252,39.538792,142.098717,0.7721212274095829,0.6508892259216102,0
2.036683740145473,-53.931296,19.143811,0.5596984953055205,-1.3646042631747675,0
-0.4886914766665519,40.405503,-119.620006,0.9137363821456246,1.514672149820058,0
0.2011529942053021,0.336337,12.946421,0.9845439595136454,1.2267445085205755,0
0.1888613000619991,9.220567,-89.822927,-0.6440303199508335,-0.5008213392763199,0
0.1352121304324287,-38.50342,-124.448182,0.2056606084654164,-1.6525319044742501,0
-0.360051738392119,-57.658004,-37.695628,0.7721212274095829,1.2267445085205755,1
1.4626447179460402,-71.778612,103.612797,1.126159114249687,-1.2206404425250263,0
0.7566195089298635,-61.556966,72.757472,-0.856453052054896,0.7948530465713516,0
-0.6278408795086857,-87.950752,118.434776,-0.6440303199508335,0.506925405271869,0
0.07342787096450636,64.56518,116.056218,0.5596984953055205,0.9388168672210928,0
-0.5129945918786181,-6.953025,143.886363,0.7013136500415621,0.2189977639723865,0
-0.5189008347988486,12.381782,112.946685,0.5596984953055205,0.7948530465713516,0
0.3433810215784158,30.628238,164.67248,1.196966691617708,0.9388168672210928,0
0.5684309257531387,-53.218424,75.017649,-0.36080001047875015,1.0827806878708341,0
0.4242560328476496,-83.739225,106.107927,1.551004578457812,-0.21289369797683735,0
-0.6719957553063783,9.433034,173.460966,-0.9272606294229168,0.7948530465713516,0
-0.576605801129439,37.568671,14.565474,-1.1396833615269792,0.506925405271869,0
0.2745399431585651,-61.504103,-38.344478,-1.4229136709990624,-0.3568575186265786,0
-0.6811190253708441,-11.182194,-108.657747,1.126159114249687,1.2267445085205755,0
0.7288185636037251,-18.049842,-105.437551,-0.14837727837468773,0.506925405271869,0
-0.988972368883824,18.276858,22.295788,-0.006762123638646077,-1.2206404425250263,0
0.6104540501242172,-8.683901,-99.490402,0.2764681858334372,0.2189977639723865,0
-1.291150207437763,28.345385,-153.704986,-1.7061439804711458,1.3707083291703166,0
2.9812488295142945,-33.199092,16.003178,0.06404545372937474,1.6586359704697993,0
1.676939060201142,3.41204,-41.30903,-1.0688757841589585,-1.076676621875285,0
2.480596395697064,53.427429,-171.925225,-0.6440303199508335,0.7948530465713516,0
-0.07450168324184112,14.257743,-176.907917,0.9845439595136454,0.506925405271869,0
-0.29278682530066064,-12.814595,-165.144607,-0.5024151652147918,-0.3568575186265786,0
0.01564999391479143,-18.803598,86.503279,-0.5732227425828126,0.9388168672210928,0
-0.851263491146505,33.087837,41.985541,-1.0688757841589585,-0.21289369797683735,0
-0.9012102388594351,-81.323608,-64.878883,-0.5024151652147918,-0.6447851599260612,0
-0.19503834380330728,7.801136,-126.215933,1.3385818463537495,1.6586359704697993,0
0.037223880695759735,26.995491,-168.970856,-0.36080001047875015,1.6586359704697993,0
3.570011066608176,78.401107,169.911279,-0.9980682067909376,-0.6447851599260612,0
-0.49697143405735067,-47.230298,-4.817598,-1.210490938895,0.6508892259216102,0
-0.7229629021555269,60.41089,-143.912862,-1.2812985162630208,-0.3568575186265786,0
1.1950123573022513,69.593585,161.384486,-1.210490938895,-1.2206404425250263,0
1.1934411015972224,-35.984949,-42.482725,-0.9980682067909376,1.2267445085205755,0
0.5617143613345991,-13.844242,141.270189,-0.21918485574270855,-0.7887489805758024,0
1.1939562606870309,7.891425,108.538813,-0.7148378973188543,-0.21289369797683735,0
-0.4941861298336323,-25.966602,-136.86131,1.126159114249687,-1.076676621875285,0
-1.499525446815611,-66.611467,34.239396,0.48889091793749967,0.0750339433226452,0
2.3630701664406217,-23.599157,146.745129,0.5596984953055205,0.0750339433226452,0
-1.3228391844684007,-24.644078,-125.337602,1.6218121558258327,1.6586359704697993,0
1.2882292735219518,89.164963,25.998767,0.6305060726735413,-0.6447851599260612,0
-0.4554436182174917,83.393675,-12.393086,-0.006762123638646077,1.2267445085205755,0
1.6183093322288602,-12.160478,-7.013482,1.6926197331938535,1.0827806878708341,1
-0.8966760263745777,-37.636654,-29.373592,-0.36080001047875015,-1.2206404425250263,1
-0.5644696894855165,46.943244,11.376731,0.8429288047776038,-0.6447851599260612,0
0.8830746389287025,73.341462,-14.659228,0.13485303109739558,0.7948530465713516,0
-0.8405538705182078,5.572565,69.919088,-1.635336403103125,1.6586359704697993,0
0.9022057050805391,-76.3455,135.958122,-1.2812985162630208,-0.3568575186265786,0
1.2062753817545693,24.909095,37.845049,0.5596984953055205,-0.3568575186265786,0
1.3425508154107646,38.262035,-116.84542,0.2056606084654164,0.2189977639723865,0
0.5081162288618739,21.334569,-43.144039,-0.9272606294229168,-1.3646042631747675,0
-0.48816951181816437,85.631224,-119.735548,1.2677742689857288,-1.5085680838245088,0
-0.4997792974585812,-21.582252,49.779669,1.6218121558258327,1.3707083291703166,0
-0.13868592979452535,84.603234,-62.591738,-0.7148378973188543,-0.7887489805758024,0
-0.4983997393027592,8.067497,128.488579,0.06404545372937474,-0.06892987732709607,0
-0.07330663668637065,28.079081,-94.706187,-0.6440303199508335,-1.3646042631747675,0
-0.4633622687073615,16.336661,-75.661682,0.9137363821456246,0.36296158462212774,0
-0.45096065073854497,-83.207601,22.4681,-0.9272606294229168,1.2267445085205755,0
-1.2699156841617534,-65.778671,84.924351,-0.0775697010066669,1.3707083291703166,0
0.01688049856659019,23.987863,83.966529,0.13485303109739558,-0.06892987732709607,0
-1.4774552042060949,-14.737618,-144.153912,0.34727576320145803,-0.6447851599260612,1
-0.33333944739187166,71.335211,-56.411981,1.126159114249687,1.6586359704697993,0
1.261148130757891,-14.10848,84.987578,-1.210490938895,-0.21289369797683735,0
0.24980860865593496,22.991864,-47.164382,1.126159114249687,-0.6447851599260612,0
-0.48787744415030876,-26.169991,-25.206943,-1.635336403103125,0.9388168672210928,0
-0.017836579613149967,15.07237,131.326227,0.06404545372937474,-1.6525319044742501,0
-0.8757220832195142,-61.541596,-147.153814,-0.856453052054896,-0.5008213392763199,0
-0.5613412392879386,-44.929255,-104.691788,-0.14837727837468773,0.0750339433226452,0
-0.006794011054832372,-15.191646,31.399033,0.6305060726735413,0.2189977639723865,0
-0.638535082961144,-48.978695,173.5678,-1.210490938895,-1.3646042631747675,0
0.44271586819374975,-80.574264,170.984241,-0.0775697010066669,-0.7887489805758024,0
-0.26754155359238735,66.409573,26.344167,-1.4937212483670832,0.2189977639723865,0
-0.6825787056440399,-5.823052,-113.936963,-1.7061439804711458,0.7948530465713516,0
-0.4195030179603143,-79.208084,-171.38181,0.8429288047776038,-0.21289369797683735,0
1.1353614067611577,-73.425455,160.740813,0.9845439595136454,0.2189977639723865,0
-0.5868909832655573,47.990314,55.756267,0.5596984953055205,-1.5085680838245088,0
-0.7962895328235514,32.198795,22.313848,0.7013136500415621,-0.21289369797683735,0
-0.03565347810671659,55.90776,160.091941,-1.635336403103125,0.506925405271869,1
1.246809140582532,61.543939,112.175549,0.7013136500415621,0.506925405271869,0
-0.15271318094498726,-66.64135,40.62114,-1.4937212483670832,-0.9327128012255437,0
1.0812112063320196,69.470427,-38.312756,-0.0775697010066669,-0.3568575186265786,0
-1.3036693019445322,8.371847,160.152797,-1.7061439804711458,-1.3646042631747675,0
0.13129642832494842,52.950677,-49.11506,-1.4229136709990624,1.6586359704697993,0
-0.9549692798916615,-0.682461,35.616381,0.6305060726735413,1.0827806878708341,0
0.41740112506538896,18.452092,136.245209,0.34727576320145803,-1.3646042631747675,0
0.7076170116963951,64.446704,-45.89983,1.0553515368816662,0.0750339433226452,0
-0.15558646607661375,-57.840236,-117.979211,-1.1396833615269792,0.7948530465713516,0
0.5122052848808502,-2.118433,-17.159792,-1.0688757841589585,-1.2206404425250263,0
-0.12298627734805015,84.503529,76.737223,0.7721212274095829,0.9388168672210928,0
-1.234005577939058,-20.881177,104.612316,1.6926197331938535,1.514672149820058,0
0.22819212085369334,33.779413,48.853347,-0.431607587846771,-1.076676621875285,1
-0.2669936699746198,-71.969436,-10.758654,1.126159114249687,-0.06892987732709607,0
-0.09189625862624881,-55.178922,38.90501,-1.7061439804711458,1.2267445085205755,0
-0.6179763923985676,-14.282037,146.101569,0.48889091793749967,1.6586359704697993,0
-0.5096612670088421,88.176558,74.773275,0.7013136500415621,-0.3568575186265786,0
-1.142344955310239,-72.319823,53.985412,1.6926197331938535,1.514672149820058,0
1.5071692646851018,83.916122,-175.824866,-1.2812985162630208,-0.06892987732709607,0
-0.797254004731086,10.558924,55.314997,1.2677742689857288,0.506925405271869,0
0.03314764758681627,14.750473,4.888952,1.4093894237217703,-0.06892987732709607,1
-1.5043701731117654,87.159793,51.783511,0.7013136500415621,-1.3646042631747675,1
0.10046673089010096,-61.586959,-49.726799,-0.7856454746868751,0.506925405271869,0
0.08774644281161069,-18.38729,-42.296747,0.13485303109739558,-0.7887489805758024,0
-0.880590950124143,-73.848887,124.000579,0.9137363821456246,1.6586359704697993,0
-0.08837872669942899,-38.553874,101.519291,0.2056606084654164,1.2267445085205755,1
0.4772155584741761,69.784545,-121.64467,-0.7148378973188543,0.7948530465713516,0
-1.1457575692956974,-2.430895,-53.396906,1.126159114249687,0.506925405271869,1
0.6113231706938558,2.349343,96.363507,-0.7856454746868751,-1.2206404425250263,0
-0.4457170182703786,47.853727,132.188229,1.4093894237217703,-0.7887489805758024,0
-0.12543989327730207,75.016736,172.138074,-1.5645288257351042,-0.3568575186265786,0
-1.4143151516619865,81.701807,-20.797826,0.2056606084654164,1.514672149820058,0
1.235322300467521,22.334032,-88.948625,1.4801970010897911,-1.2206404425250263,0
0.551769758910286,-15.072575,76.10597,-0.7856454746868751,-1.2206404425250263,0
0.07826743840014824,25.44244,169.774989,1.4801970010897911,0.6508892259216102,0
-0.6086440757730786,-22.408069,175.990167,-1.635336403103125,-0.6447851599260612,0
-0.7894169641483606,-89.162216,171.522199,0.13485303109739558,1.6586359704697993,0
0.27357862382826026,-66.567971,-42.745079,1.2677742689857288,-0.3568575186265786,0
-0.4937904201880389,23.41022,-121.225394,-0.9272606294229168,-0.06892987732709607,0
1.0939484714299157,-72.365981,-64.734433,1.0553515368816662,0.0750339433226452,0
-0.04956648505722443,-30.295841,127.972715,-1.7061439804711458,0.0750339433226452,0
-0.16254008485610974,-48.166818,-17.715546,-0.856453052054896,0.6508892259216102,0
0.5233118522911211,-12.16527,-139.95896,1.4801970010897911,-1.076676621875285,0
2.0119890096097053,-43.185883,-31.337579,-0.856453052054896,-0.7887489805758024,0
0.6159063536825823,-21.730984,-53.525875,1.196966691617708,1.514672149820058,0
0.16930661768995617,52.77993,-179.438527,-0.36080001047875015,-0.21289369797683735,0
0.09937773702721923,-63.389779,62.350516,-0.21918485574270855,0.7948530465713516,0
-0.7149406079944702,-2.968586,-36.776243,-0.7856454746868751,1.514672149820058,0
-0.5859369325844208,-52.639264,61.575167,-0.0775697010066669,-0.06892987732709607,0
0.282563628719681,86.714686,-156.015804,-0.7856454746868751,-1.6525319044742501,0
-1.5139636820072055,-82.548794,-65.017008,-1.7061439804711458,-0.6447851599260612,0
-0.9732479324046382,9.140073,114.131751,0.2764681858334372,1.3707083291703166,0
-0.021496762792745486,-86.897835,-38.163484,-0.7856454746868751,0.2189977639723865,0
1.5723617737959692,32.659423,174.69433,0.7013136500415621,1.6586359704697993,0
-0.3682238253840611,-45.561388,21.251644,0.6305060726735413,-0.9327128012255437,0
-1.2498198821202875,61.85313,-164.577558,-0.006762123638646077,-1.6525319044742501,0
-0.14835704891799478,-21.747584,-48.520486,-1.5645288257351042,-0.5008213392763199,0
-0.4145318291388029,10.713251,-51.728064,-1.3521060936310416,-0.6447851599260612,0
2.1219720633499572,-60.487317,152.562993,-0.5732227425828126,-0.06892987732709607,0
0.9571828991453242,-74.215965,11.879628,-1.2812985162630208,1.514672149820058,0
0.4016023495345116,-57.070662,147.564869,1.6218121558258327,-1.6525319044742501,0
0.07426257951008852,29.138389,10.877836,-0.21918485574270855,0.7948530465713516,0
1.5279901118535386,-4.21899,87.056497,0.9137363821456246,1.0827806878708341,0
-1.11560598541296,-66.861175,-164.622014,1.2677742689857288,1.2267445085205755,0
-0.748113672505347,1.483704,72.785104,-1.210490938895,1.2267445085205755,0
0.9457785323053972,25.517752,107.51419,0.4180833405694788,1.3707083291703166,0
0.32020337976700464,-33.226429,-178.492048,1.0553515368816662,-0.9327128012255437,0
-0.7872507060743202,64.581494,36.859961,-0.5024151652147918,1.0827806878708341,0
-1.5100659088293507,-8.710225,-7.817295,-0.006762123638646077,-0.7887489805758024,0
0.5299399802565776,77.021477,-139.685451,-1.635336403103125,-1.076676621875285,0
-0.4769583671356736,12.291282,149.830478,-1.1396833615269792,0.6508892259216102,0
0.06375034555380277,61.574476,45.322162,-0.9980682067909376,-0.7887489805758024,0
0.6175568310188098,-22.872393,71.151768,-1.2812985162630208,-0.21289369797683735,0
0.16642823755663924,69.067691,-73.671417,-1.7061439804711458,-1.076676621875285,0
0.9889255662045148,-86.030777,-157.032007,-0.856453052054896,-1.6525319044742501,0
-0.9641253043057707,48.108003,99.475902,-0.14837727837468773,-0.06892987732709607,0
-0.0655674772996778,-54.75099,-81.461282,-0.14837727837468773,1.6586359704697993,0
0.3981274089514421,15.48286,-29.497519,1.196966691617708,-1.5085680838245088,0
0.514964856735164,62.462135,-13.842124,1.551004578457812,0.2189977639723865,0
-0.4614714515004622,-23.404012,61.094165,-1.1396833615269792,0.2189977639723865,0
-0.8450559077999173,-1.910398,-29.580776,0.9845439595136454,-1.3646042631747675,0
-0.25594637552933175,19.191459,-36.191343,0.2056606084654164,0.506925405271869,0
0.9980711291532252,1.050015,51.030652,-0.5024151652147918,-1.076676621875285,0
-0.5656983189124987,-23.215062,-125.014956,-0.7148378973188543,1.0827806878708341,0
-0.799820280995034,40.468413,-158.030479,1.551004578457812,0.7948530465713516,0
0.3400537049621784,-27.061661,138.771428,-1.4229136709990624,0.2189977639723865,0
0.6656505331161018,-54.594943,108.329602,-1.4937212483670832,0.506925405271869,0
-0.21997848990467025,-77.653995,120.51306,-1.2812985162630208,-0.5008213392763199,0
0.6925750013793023,76.189329,16.087141,-0.5024151652147918,1.514672149820058,0
-1.491511205440381,-9.437878,37.436747,-0.5732227425828126,0.0750339433226452,0
2.4471108246293785,20.082146,164.863651,-0.14837727837468773,0.506925405271869,0
0.2606251780613226,87.916608,-78.757302,-0.36080001047875015,-0.7887489805758024,0
-0.22702109144279994,49.785214,116.693183,-0.9272606294229168,-0.7887489805758024,0
0.820525457615575,-1.036912,43.591276,-1.5645288257351042,0.7948530465713516,0
1.3212476963933046,-21.553988,-148.010603,-0.7148378973188543,-0.7887489805758024,0
1.2741007602918657,23.295319,-7.366919,-0.5732227425828126,-1.6525319044742501,0
0.48639576963133635,71.416382,-76.188658,1.6926197331938535,-0.21289369797683735,0
-1.5238829825902716,14.695488,-31.285731,-0.5024151652147918,-0.5008213392763199,0
1.1267681114659946,-24.435398,21.142704,-0.431607587846771,-0.9327128012255437,1
-0.45424402515965884,82.271542,165.096461,1.126159114249687,-0.21289369797683735,1
0.316867330485746,-45.855746,130.352469,1.3385818463537495,0.36296158462212774,0
-0.8608198921800694,3.982558,-19.348938,-0.9272606294229168,0.9388168672210928,0
-1.4714183799497245,77.942291,57.476224,-0.856453052054896,0.0750339433226452,0
0.4208549387252347,-53.273734,78.246447,-0.431607587846771,-1.076676621875285,0
-0.6731452936728389,87.338654,-153.669364,0.9845439595136454,-1.2206404425250263,0
-0.4521308805949793,-46.492667,-99.561714,0.48889091793749967,0.36296158462212774,0
0.14752171125225316,-75.34366,-4.853424,-0.28999243311072936,0.36296158462212774,0
-1.4572039134791444,-60.813365,-49.033279,-0.7856454746868751,-0.6447851599260612,1
0.06039585643622928,-29.958035,-94.973168,-1.4937212483670832,-0.21289369797683735,0
-1.096174230983333,54.010514,-67.650539,0.6305060726735413,-0.7887489805758024,0
0.8460763835428682,28.962796,-173.922001,-1.3521060936310416,-1.3646042631747675,1
-0.37625004796310946,-79.399363,-58.911941,1.551004578457812,0.2189977639723865,1
-1.1067678523285278,-77.213629,-147.7083,0.6305060726735413,1.2267445085205755,0
0.432480656076634,39.613018,71.982431,-1.210490938895,-1.076676621875285,0
-0.014683703659560421,-78.605977,-39.857193,1.551004578457812,-0.06892987732709607,0
0.8404627236946273,-53.466123,-20.802393,0.48889091793749967,1.6586359704697993,0
0.5315870693885958,-67.132275,-133.44169,-0.36080001047875015,0.36296158462212774,0
1.4572678301876636,-39.249157,133.751488,-0.9980682067909376,1.2267445085205755,0
0.05805264898561181,-73.697812,23.974218,1.196966691617708,0.506925405271869,0
0.15143399074354902,-50.857258,31.735538,1.3385818463537495,-1.5085680838245088,0
-0.8503367788497195,42.933716,-70.557504,0.4180833405694788,-0.21289369797683735,1
-0.06034108823089246,-33.853898,-10.353024,0.13485303109739558,-0.6447851599260612,0
0.15659814373189526,-7.496545,70.008638,0.48889091793749967,-1.076676621875285,0
1.0150298504896595,22.494759,-149.601848,-0.7856454746868751,0.2189977639723865,0
-0.7219409683555076,47.124737,-98.806741,0.5596984953055205,0.0750339433226452,0
0.152498213251835,-68.343191,160.672747,0.2764681858334372,0.7948530465713516,0
-1.0750691305271631,-69.771113,97.937161,-0.28999243311072936,-0.9327128012255437,0
-0.42575361325193667,64.52662,118.053598,0.2056606084654164,0.36296158462212774,0
1.6194698461210078,8.574509,-67.536284,-1.210490938895,0.36296158462212774,0
0.05309887651993759,-42.829702,146.820113,0.5596984953055205,0.9388168672210928,1
-1.2796939129930223,-2.859801,-118.144426,0.9137363821456246,0.6508892259216102,0
-0.24182686669880177,27.955523,-92.147026,-0.856453052054896,-0.21289369797683735,0
-0.3317971662640759,-66.975033,-167.11116,-1.5645288257351042,-1.2206404425250263,0
-1.1290790138148157,-17.058002,65.779149,0.9137363821456246,-1.2206404425250263,0
-1.2881825845337842,-83.534187,145.230301,0.7721212274095829,-0.3568575186265786,0
1.0508310802009844,21.045151,-21.348616,0.2056606084654164,-1.076676621875285,0
1.1419364400144476,-23.021577,-133.407785,0.06404545372937474,-0.5008213392763199,1
0.3548009458509137,4.545076,91.452706,1.6926197331938535,0.2189977639723865,0
-0.004436213908824818,-18.932557,-135.709431,0.4180833405694788,0.9388168672210928,0
0.49285488472056477,-3.626204,109.448644,-0.5732227425828126,-1.076676621875285,0
1.0792278685581096,-6.026981,83.136385,-0.14837727837468773,1.514672149820058,0
-1.2964416065067341,85.035138,152.067545,-1.1396833615269792,-0.3568575186265786,0
1.8137385588774801,7.251199,-57.898601,1.0553515368816662,-1.5085680838245088,0
-1.3078536679616166,1.632685,40.743634,0.06404545372937474,-1.3646042631747675,1
-0.5699468121027692,52.205835,-40.721676,-1.3521060936310416,1.6586359704697993,1
-0.2575338679624395,-27.440117,-72.550522,-1.4937212483670832,1.0827806878708341,0
0.18650566634674723,-65.901497,138.616198,-0.6440303199508335,-1.3646042631747675,1
0.24163896081680566,8.787809,91.745793,0.6305060726735413,1.514672149820058,0
-0.26595118056878186,65.8485,11.286767,-1.210490938895,-1.5085680838245088,0
-1.3965855935204428,-16.607741,142.862611,-1.4229136709990624,-1.5085680838245088,0
0.09158126396119136,12.170962,117.122726,-0.5024151652147918,-0.06892987732709607,0
0.06781990607784144,-19.020608,71.08117,-0.7856454746868751,0.7948530465713516,0
-0.06639085859446393,52.117205,-176.573037,1.126159114249687,0.36296158462212774,0
1.3663354637998115,-2.899834,48.665585,1.6926197331938535,-1.076676621875285,1
0.15899165024455256,38.96837,-142.999433,-0.21918485574270855,-1.3646042631747675,0
2.91218519621107,79.646759,-124.120687,0.4180833405694788,-1.3646042631747675,0
-0.9457964127417445,76.08041,24.258414,-1.0688757841589585,0.9388168672210928,0
0.054260810136501365,14.454081,-38.244655,0.13485303109739558,0.36296158462212774,0
2.4384460411352604,55.647964,114.591268,-0.14837727837468773,0.7948530465713516,0
-1.4662798468617149,-71.351579,-51.813059,-0.7856454746868751,-1.6525319044742501,0
-0.4299356959618272,-71.632552,-168.919498,1.126159114249687,-0.5008213392763199,0
-1.0469176253984906,-32.861958,155.930182,0.8429288047776038,-0.21289369797683735,0
-1.2482844985955168,-3.366799,-18.044427,1.4093894237217703,-1.076676621875285,0
-0.2704445162945336,-13.0706,120.310071,-0.006762123638646077,1.6586359704697993,0
1.3330536023374426,-2.632087,150.264664,0.2764681858334372,1.514672149820058,0
0.3738961585959671,83.327374,24.765723,1.3385818463537495,-0.5008213392763199,0
-1.335745036748127,-22.07242,-171.504794,-0.5732227425828126,1.6586359704697993,1
-1.2583447818658873,-33.600909,-100.715481,1.2677742689857288,-1.076676621875285,0
-0.9415623066184324,-62.302279,-154.860707,0.6305060726735413,-1.6525319044742501,0
-0.9623319271533073,-5.899335,116.761697,0.5596984953055205,1.2267445085205755,0
-0.8378083821442164,-16.32532,-64.335225,-0.9272606294229168,0.7948530465713516,0
0.13531521268677782,35.129215,-65.466115,-0.28999243311072936,1.2267445085205755,0
-0.03469868418872546,-6.268623,81.794871,-0.431607587846771,0.6508892259216102,0
-0.27575087361406986,60.023514,-25.771648,-0.006762123638646077,0.36296158462212774,0
-1.0144537834700096,-38.681792,10.871149,1.6926197331938535,0.6508892259216102,0
-0.5053612663897881,19.648352,-9.68001,0.06404545372937474,-1.3646042631747675,0
-1.0486620247230296,55.217604,-35.088415,1.6926197331938535,0.7948530465713516,0
-1.3721932536007624,-40.955569,55.809677,1.6218121558258327,-1.2206404425250263,0
0.7858584597598337,-80.279936,-143.272309,0.06404545372937474,0.506925405271869,0
-0.7397820794454001,9.372982,-146.539153,1.0553515368816662,0.0750339433226452,0
0.0441344628652047,58.425216,-4.625454,0.13485303109739558,1.514672149820058,0
-0.633644554808038,31.509273,-167.758999,-1.3521060936310416,-0.7887489805758024,0
-0.2225005316444575,54.905637,-90.710568,0.7013136500415621,0.506925405271869,0
1.4038223513474835,-48.838587,-49.973242,-0.9980682067909376,-1.076676621875285,0
-0.4005167407376074,83.797486,-172.075219,0.48889091793749967,-1.076676621875285,0
-0.63537951409302,80.83229,-108.256938,-0.9272606294229168,-1.3646042631747675,0
-0.2812401935044893,84.87326,-60.344299,0.06404545372937474,-0.7887489805758024,0
0.5155921377034629,52.510659,-40.224862,0.2056606084654164,-0.7887489805758024,0
3.33154805956,-18.599718,151.411755,-1.4229136709990624,1.0827806878708341,0
-0.611995557325193,45.484787,-77.353997,-0.7148378973188543,0.6508892259216102,1
-1.42992820103186,87.705151,70.940887,-0.21918485574270855,-0.7887489805758024,0
-0.7081268212487233,61.403499,-111.557443,-1.3521060936310416,-1.6525319044742501,0
-0.11914431337869058,-53.775145,-161.699716,-0.006762123638646077,1.2267445085205755,0
-0.06315586101332492,-81.68901,-32.447804,0.06404545372937474,0.6508892259216102,0
1.67921158291545,-13.244623,-19.448751,0.06404545372937474,1.6586359704697993,0
-0.3371665711654365,13.601485,-148.203289,-1.7061439804711458,0.6508892259216102,0
-0.35673546534356937,72.725689,-164.544936,-0.28999243311072936,-0.9327128012255437,0
0.6033079996361443,64.976648,-115.469829,0.34727576320145803,-0.6447851599260612,0
-0.29986742965760205,3.127472,-132.769715,0.5596984953055205,1.3707083291703166,1
-0.41976926434992723,-19.634171,-100.92337,-0.14837727837468773,0.506925405271869,0
-1.5471120251001902,25.032345,-158.081098,-0.21918485574270855,-0.7887489805758024,0
0.20176912528311122,73.687007,54.08832,-0.5024151652147918,1.6586359704697993,0
-0.8880534916139465,76.304411,-51.419788,-0.36080001047875015,1.2267445085205755,0
-0.3017131056031713,-59.234355,65.656899,-1.1396833615269792,1.0827806878708341,0
0.7538359363920507,43.577151,120.437737,-0.431607587846771,-0.9327128012255437,0
0.12460558987343,9.421407,-150.088377,0.6305060726735413,1.6586359704697993,0
-0.861514658170543,55.442035,-56.558008,1.6926197331938535,0.0750339433226452,0
0.5532278265961857,5.786525,146.414384,-0.6440303199508335,-1.2206404425250263,0
-0.5133592739598802,-20.894034,-52.610745,0.6305060726735413,0.36296158462212774,0
-0.8827647095733056,3.18739,132.432371,-0.36080001047875015,0.6508892259216102,0
-0.05292394771983861,89.612748,-119.803339,-1.1396833615269792,-1.3646042631747675,0
0.2012509348790009,-54.755901,44.031541,0.9137363821456246,0.0750339433226452,0
2.047536390953904,49.242662,-56.899816,1.6926197331938535,-1.2206404425250263,1
3.8271603856364718,13.697253,-77.536253,-0.0775697010066669,-1.3646042631747675,0
-0.766649943287289,-9.679202,76.149284,-0.5024151652147918,-0.9327128012255437,0
0.32990700208451496,-61.364107,-3.208797,1.126159114249687,0.506925405271869,0
-0.897674328248539,30.304173,-10.734949,0.4180833405694788,0.36296158462212774,0
0.21652390100655194,-58.491469,108.233204,0.9845439595136454,-1.3646042631747675,0
-0.2502360066995748,83.024193,152.867538,0.9137363821456246,0.506925405271869,0
0.795920886884526,-51.691406,-162.686298,-0.856453052054896,-0.21289369797683735,0
0.18156067550975735,79.384786,-90.68229,0.8429288047776038,0.9388168672210928,0
-0.4397127161253306,-16.849166,120.099226,-1.3521060936310416,1.6586359704697993,0
0.20981318915472122,40.0038,35.589503,1.4801970010897911,1.6586359704697993,0
0.2980968902833389,70.169793,-96.794961,-0.36080001047875015,0.36296158462212774,0
2.0192166790834247,-23.468958,78.870083,0.48889091793749967,1.514672149820058,0
-0.4999122579911095,-74.228898,-119.100774,0.4180833405694788,0.2189977639723865,0
-0.8313825341788829,48.87302,144.169646,-0.006762123638646077,-0.06892987732709607,0
0.012804481493205733,-32.114487,-142.387862,0.6305060726735413,-1.2206404425250263,0
0.18019283635589695,20.731259,-60.973805,0.9137363821456246,-1.6525319044742501,0
-1.2268367374474118,7.198387,143.920175,-1.3521060936310416,1.2267445085205755,0
-1.0550496617232565,67.226963,142.723235,0.2056606084654164,-0.3568575186265786,0
1.9445965436491108,77.56439,126.179141,0.7013136500415621,0.506925405271869,0
0.5906029998525714,-87.512539,150.723192,0.06404545372937474,-1.5085680838245088,0
-1.4917211205925696,-10.155895,-141.598579,-0.36080001047875015,1.2267445085205755,0
-0.9770034132003355,50.426186,0.177741,-1.210490938895,-0.21289369797683735,0
0.011653191761584334,-4.470204,-85.04793,-0.9980682067909376,0.36296158462212774,0
-1.01984239426072,55.888259,47.305179,-0.431607587846771,1.6586359704697993,0
-0.910889692154857,-27.795026,108.722428,1.2677742689857288,1.0827806878708341,0
-0.38206165902232814,-77.329894,-159.552849,1.2677742689857288,-1.6525319044742501,0
0.5066376576840407,-8.93962,-50.80778,1.551004578457812,1.0827806878708341,0
-1.0043550348485515,56.549488,43.60625,1.196966691617708,0.9388168672210928,0
-0.5188567734064768,24.921818,2.630833,1.4801970010897911,-1.6525319044742501,0
-0.5155453907506398,15.934974,140.078603,-0.14837727837468773,-0.6447851599260612,0
-0.5114483880764272,80.583939,-142.667171,-0.006762123638646077,-0.21289369797683735,0
-1.4369308866168329,-71.587829,169.013165,-0.006762123638646077,0.6508892259216102,0
1.5597106746209113,71.260862,-175.578142,-1.4937212483670832,-1.6525319044742501,0
-0.7263695377613938,3.934417,33.070148,-0.21918485574270855,1.6586359704697993,0
-0.13363491183006604,-39.071276,-88.237549,0.5596984953055205,1.2267445085205755,0
0.9736041307676206,-82.033996,-160.990764,-1.3521060936310416,-0.5008213392763199,0
0.5132197664734611,-36.067766,51.799742,-1.210490938895,-1.3646042631747675,0
0.6061905705257102,-40.985968,131.639687,-0.28999243311072936,-1.5085680838245088,0
-1.1556084461714033,27.538592,27.248084,-0.856453052054896,-1.076676621875285,0
-0.044583838909902015,30.764825,-150.808552,-1.0688757841589585,0.36296158462212774,1
1.2024148134980004,-81.348773,-3.589511,-0.14837727837468773,-0.5008213392763199,0
0.12744841517114033,61.590768,-172.540711,0.8429288047776038,-1.3646042631747675,0
0.18033929821737144,-53.510472,58.66044,-0.7856454746868751,0.0750339433226452,0
-1.10930320501058,51.753286,-135.206588,-0.0775697010066669,0.9388168672210928,0
0.14243104372766163,-36.870548,-67.204284,0.2764681858334372,-1.3646042631747675,0
-0.8105760802151104,-55.04073,133.502678,-0.21918485574270855,1.0827806878708341,0
0.7645331268249863,14.185383,153.052721,-0.5732227425828126,-0.7887489805758024,0
-1.3169602235468265,-45.625227,96.802232,-1.2812985162630208,-0.06892987732709607,0
1.1292931940289839,-37.45905,109.766348,-0.0775697010066669,0.36296158462212774,0
-0.5860859249126559,-64.757696,-16.185566,-0.856453052054896,-1.2206404425250263,0
-0.18580531385502996,-56.793956,88.686768,-0.7148378973188543,1.6586359704697993,0
0.5963814990555247,50.493894,23.223307,-1.0688757841589585,0.2189977639723865,0
-0.6181875871164061,24.380422,130.833778,-0.36080001047875015,0.7948530465713516,1
1.6605113499600495,49.800459,57.66155,-0.431607587846771,-0.9327128012255437,0
-0.9346537552372748,-71.826187,-62.087608,-0.9272606294229168,0.506925405271869,0
-1.315627186567326,-62.384604,-40.745174,-0.36080001047875015,-1.2206404425250263,0
-0.33274553986935473,29.415106,100.692273,-1.7061439804711458,-1.3646042631747675,1
-0.016023874686352465,70.661894,98.909512,0.7013136500415621,-1.5085680838245088,0
0.3266034269419347,52.048029,73.739606,-0.36080001047875015,1.2267445085205755,0
0.48278813050814057,79.087529,-11.500831,1.0553515368816662,-1.6525319044742501,0
-0.6856377448057674,27.822741,-72.885387,-0.6440303199508335,0.506925405271869,0
-0.10171291394860824,50.840305,88.354917,1.196966691617708,-0.21289369797683735,0
-0.9235069705282215,-56.512619,-71.750131,-1.635336403103125,1.3707083291703166,0
-0.6201134852468666,-75.712242,64.941598,-1.0688757841589585,0.506925405271869,0
1.0138306330657956,49.462948,-148.225972,-0.5024151652147918,0.0750339433226452,0
0.1256076980679594,73.522617,-94.56246,0.9845439595136454,-0.9327128012255437,0
-0.4141373913571648,-3.273825,-55.403095,0.9845439595136454,-1.6525319044742501,1
1.3249987191394414,43.970578,-172.925425,-1.4229136709990624,1.0827806878708341,0
-1.2406141814409,34.832338,-13.567595,-1.5645288257351042,-0.21289369797683735,0
-0.9285488659090817,-68.588205,-108.748836,-0.431607587846771,1.2267445085205755,0
-1.25686123415809,-54.617024,92.652592,-0.9980682067909376,-1.3646042631747675,0
0.10155949514275704,80.374795,168.865768,-0.5732227425828126,1.6586359704697993,0
0.16872908447174476,79.455298,129.120037,-0.7148378973188543,1.514672149820058,0
0.23563485550274796,18.405315,-74.188385,-0.21918485574270855,1.0827806878708341,0
-1.0376212926110342,-85.847276,101.209062,-0.5024151652147918,0.36296158462212774,0
-0.6226117128547938,72.15941,-51.938967,-1.1396833615269792,-0.7887489805758024,0
-0.2871301142896929,89.948075,-108.230563,-0.0775697010066669,-1.3646042631747675,0
0.525452080539832,-55.515838,69.436776,-0.14837727837468773,-0.21289369797683735,0
0.4767071415428341,49.257541,93.145767,1.3385818463537495,-1.3646042631747675,0
1.0150090494524229,88.68265,141.379619,1.6926197331938535,0.7948530465713516,0
1.8471953475754916,-18.342395,-61.231545,-0.5732227425828126,-0.3568575186265786,0
0.5970258687426013,12.595988,87.404463,1.4093894237217703,0.36296158462212774,0
-1.4428808910261846,-11.907551,67.234546,0.5596984953055205,-0.9327128012255437,0
0.12988594645954032,-29.719496,168.74318,0.2056606084654164,-0.9327128012255437,0
1.7456377256444968,78.930609,123.892691,1.126159114249687,-0.3568575186265786,0
0.2924758144433278,-86.041589,145.506795,0.8429288047776038,1.3707083291703166,0
1.6281781275727385,-12.627774,124.436739,1.196966691617708,1.3707083291703166,0
-0.46762385728144396,76.482871,-14.577906,0.34727576320145803,-0.9327128012255437,0
0.09179253451635727,-66.338433,56.216211,-1.5645288257351042,1.2267445085205755,0
1.5006147865923394,85.758824,121.506598,-0.14837727837468773,0.0750339433226452,0
0.21925647678736374,-42.179551,174.131324,-0.7148378973188543,0.0750339433226452,0
-0.4828736406107433,66.98427,134.63201,0.48889091793749967,-0.3568575186265786,0
0.14633662305107967,82.482732,-126.442656,0.9137363821456246,-0.21289369797683735,0
-1.133136174525988,58.60321,51.005795,-1.3521060936310416,-1.3646042631747675,0
-0.7545221420239622,32.532439,84.529329,1.6926197331938535,1.514672149820058,0
-1.249036600402148,5.061684,-74.437811,-0.0775697010066669,1.3707083291703166,1
-0.5243496401285865,-56.563382,-137.290336,0.2056606084654164,1.0827806878708341,0
0.7394928834620571,60.755291,-56.884731,-1.210490938895,-1.076676621875285,0
-0.7029093218747822,69.777439,51.46184,-1.210490938895,0.36296158462212774,0
0.32740019602293796,57.970641,-144.896124,-0.0775697010066669,0.7948530465713516,0
0.7551699994533514,50.146233,5.760473,0.7721212274095829,0.6508892259216102,0
-0.06695213367874771,-63.54188,-75.756586,-0.5024151652147918,-0.06892987732709607,0
0.6235778739604593,-60.912194,-141.069381,0.4180833405694788,1.6586359704697993,0
-0.4361298244371114,3.764287,119.42161,0.5596984953055205,-1.076676621875285,1
-0.7264723079708567,25.877146,-167.393404,-0.36080001047875015,1.2267445085205755,0
1.4202053630006037,-12.30398,51.61784,-0.0775697010066669,0.9388168672210928,0
1.8908505400720057,-81.069361,43.479921,1.551004578457812,0.6508892259216102,0
-0.499003969369222,-44.630285,-4.04456,0.5596984953055205,-0.5008213392763199,0
0.14520157542713993,-36.067291,151.069378,-0.431607587846771,-0.9327128012255437,1
0.46288878214589757,21.44039,-71.860742,-0.7148378973188543,0.9388168672210928,0
0.8616452617162158,-0.108158,128.310502,-0.0775697010066669,-0.5008213392763199,0
-1.0506408577393396,2.884007,107.251932,-1.210490938895,0.7948530465713516,0
-0.06658275353642769,-13.006502,18.633107,0.7721212274095829,-1.6525319044742501,0
0.6938719474887832,56.937749,-133.52618,-0.36080001047875015,0.7948530465713516,0
-1.4805271740114236,-80.263764,-145.517913,0.34727576320145803,1.0827806878708341,0
-1.3055650380842558,72.061746,18.160157,-0.7856454746868751,-0.06892987732709607,0
0.1352423732652614,12.576124,11.701346,0.4180833405694788,1.6586359704697993,0
-0.07742076804116597,-60.647837,-179.420151,-1.635336403103125,0.7948530465713516,0
0.6248650117096933,-4.72948,164.66147,-0.7856454746868751,1.2267445085205755,0
0.4376994180127342,24.890739,-3.329452,-0.006762123638646077,1.0827806878708341,0
-0.270061974775219,5.514719,-26.211709,-1.7061439804711458,0.36296158462212774,0
0.45782171690455237,-26.526274,71.516385,1.551004578457812,-1.2206404425250263,0
-0.37511669367271055,-24.246711,135.783192,0.13485303109739558,-1.5085680838245088,0
0.013595047897498108,35.236988,-108.403065,-1.210490938895,0.6508892259216102,0
0.5352792121103214,-78.289485,-155.372463,1.196966691617708,-0.06892987732709607,0
0.169232003848739,-56.358929,135.277104,-1.7061439804711458,-1.3646042631747675,0
-1.1975424781066264,62.010859,-132.80563,1.2677742689857288,1.6586359704697993,0
-1.403225115253387,79.848378,-128.613684,-0.0775697010066669,-0.7887489805758024,0
-1.0818553491894978,-89.412786,36.810575,-1.4229136709990624,-0.06892987732709607,1
-0.33514791816418915,-33.25181,-79.303647,-1.7061439804711458,-0.21289369797683735,0
0.3938965543788359,-68.587997,158.573047,-1.7061439804711458,-0.7887489805758024,0
1.2199748751176849,59.947484,4.011936,0.7721212274095829,0.506925405271869,0
0.1311909814334433,-2.32929,-126.303286,1.4093894237217703,0.0750339433226452,0
-0.1890209399978506,59.871057,-157.353404,1.4093894237217703,1.514672149820058,0
0.7140702142034362,-46.687522,111.788924,1.4801970010897911,-0.21289369797683735,0
0.8959690027337495,76.601513,31.885361,-0.6440303199508335,-0.5008213392763199,0
-0.9362004586278577,82.304592,21.645667,-1.0688757841589585,0.9388168672210928,0
0.07892859799289044,-16.887897,164.762027,-0.21918485574270855,-0.7887489805758024,0
-0.11204343061507134,-36.37199,82.767795,-1.635336403103125,-0.21289369797683735,0
0.5343385651927673,-22.748714,155.216882,1.126159114249687,0.506925405271869,0
-0.18858968178706229,-23.327526,-132.163073,0.4180833405694788,0.36296158462212774,1
-0.3465833795065904,8.133511,98.142834,0.7721212274095829,-0.6447851599260612,0
0.4427457676830978,88.887024,119.830099,0.5596984953055205,1.6586359704697993,0
-1.486450956846059,38.129746,31.998631,-0.9980682067909376,1.514672149820058,0
1.0990914846220123,-16.507467,58.512484,1.126159114249687,-1.2206404425250263,0
-0.5099059345494664,71.105224,-11.194837,0.48889091793749967,-0.6447851599260612,0
-1.0143957398926937,9.608932,-138.764368,0.2056606084654164,-1.5085680838245088,0
0.11663136663927075,10.239645,-146.683163,-0.0775697010066669,-0.9327128012255437,0
-1.2167658384757554,-49.920689,72.306965,0.13485303109739558,0.7948530465713516,0
2.071214939121473,-39.427819,178.946261,0.48889091793749967,1.0827806878708341,0
-0.4640009853208811,-37.873837,96.877237,-0.5024151652147918,-1.076676621875285,0
-0.16335313649197802,-9.028929,-164.812742,-1.1396833615269792,-0.21289369797683735,0
-1.5393847565418075,-17.293471,-52.698517,-0.7856454746868751,1.514672149820058,0
-1.0510174088194915,-13.012398,103.386386,0.9137363821456246,-0.6447851599260612,0
1.1995451752243969,11.932842,-115.27057,-1.2812985162630208,1.0827806878708341,0
-0.8476285712912326,88.911437,-84.213107,-1.635336403103125,-1.3646042631747675,0
0.047983939278448774,-82.621257,107.491508,-0.006762123638646077,0.506925405271869,0
-0.3071925822412997,74.415715,-32.445012,-0.7856454746868751,1.2267445085205755,0
-0.2969317373393385,-8.944126,135.001686,1.0553515368816662,-0.21289369797683735,0
-0.33625541246262336,32.517493,105.020753,-0.36080001047875015,0.0750339433226452,0
-1.355818059492735,71.515962,149.463127,-0.14837727837468773,1.3707083291703166,0
-1.3961381752373099,-53.032834,144.334878,-0.7148378973188543,1.514672149820058,0
0.6506467368768922,-17.639636,-70.21553,0.48889091793749967,-0.6447851599260612,0
-0.1229778645539933,-80.546497,-105.994236,1.2677742689857288,-0.3568575186265786,0
0.20401042252146484,58.754583,-16.979,-0.28999243311072936,1.6586359704697993,0
1.4283424287465576,5.245787,-97.64628,-1.635336403103125,-1.2206404425250263,0
-0.3108941383009936,-45.001783,79.474793,-1.5645288257351042,-0.21289369797683735,0
-1.2663739963544818,-58.864456,69.14796,1.551004578457812,1.3707083291703166,0
-0.8130763305413454,13.603339,170.438822,0.13485303109739558,0.6508892259216102,0
0.665987710323653,-55.914218,-149.275546,-1.3521060936310416,0.9388168672210928,0
1.2546600317403622,-64.806513,-1.784163,-1.7061439804711458,-0.9327128012255437,0
-1.283587661170046,89.503213,173.605179,-1.4229136709990624,0.9388168672210928,0
-0.09139647045362946,-51.929691,-144.675955,-0.21918485574270855,0.6508892259216102,0
1.2434093317147197,-34.540788,-17.341923,0.7013136500415621,1.514672149820058,0
-0.8880956802166295,-22.128661,-67.382868,1.2677742689857288,-0.21289369797683735,0
2.1136103962236383,-75.630129,-159.50974,-1.3521060936310416,0.36296158462212774,0
-0.8485200530753597,-85.417855,56.475221,-0.0775697010066669,-1.2206404425250263,0
1.0247409836028505,-17.141679,141.521889,-1.635336403103125,1.0827806878708341,0
3.1027381117180193,36.922789,144.752791,1.6926197331938535,1.3707083291703166,0
-0.2520906025340313,58.433343,-177.324003,1.6218121558258327,0.36296158462212774,0
0.5253326665667858,31.189794,172.736973,-0.36080001047875015,-0.3568575186265786,0
-0.16271462979598544,13.187214,89.362235,-1.5645288257351042,-0.21289369797683735,0
-0.49690769602647944,-11.905868,25.401,1.126159114249687,1.0827806878708341,1
-0.6352011799895204,-20.400575,-110.230313,0.2764681858334372,-1.6525319044742501,1
1.377607796603151,81.577531,-79.283366,0.5596984953055205,0.2189977639723865,0
-0.14479155092538432,60.230967,132.765613,-1.635336403103125,1.3707083291703166,0
-0.7926835246877306,-48.474048,97.716602,1.126159114249687,1.514672149820058,0
-0.4839217922972899,-53.959572,158.590277,-0.5024151652147918,1.514672149820058,0
-0.22539466702862876,59.08938,-103.94335,-1.210490938895,0.6508892259216102,0
-1.1108204443621406,-27.102702,177.622453,-0.7856454746868751,0.7948530465713516,0
-0.8617533613569025,-80.245843,-102.106941,1.0553515368816662,-1.2206404425250263,0
-1.1952324874890363,22.975314,-125.537403,0.5596984953055205,1.0827806878708341,0
1.8205576890360773,-58.474074,-112.085424,-0.5024151652147918,1.0827806878708341,0
-1.063405263936397,-60.199729,38.567294,1.0553515368816662,0.36296158462212774,0
0.315612373896372,75.217476,-160.265124,0.06404545372937474,-1.5085680838245088,0
0.18528044635768198,-86.583879,131.869046,1.2677742689857288,1.2267445085205755,0
0.5959349601773074,-13.730544,-152.702334,-0.006762123638646077,0.9388168672210928,0
-1.2696440621879739,-36.942931,173.537224,-1.3521060936310416,-0.6447851599260612,0
1.9793446679874158,-78.621798,9.600591,0.34727576320145803,-0.9327128012255437,0
0.21403387017389397,51.66444,-174.283619,1.196966691617708,0.506925405271869,0
0.29436014734985283,-11.595452,178.548662,-0.5732227425828126,-1.5085680838245088,0
0.6690594328918236,3.587295,-151.7111,1.0553515368816662,-0.06892987732709607,0
-1.0788667919330115,-5.231869,170.259753,-1.7061439804711458,-0.7887489805758024,0
0.3793836705364479,36.530065,-36.730555,-1.1396833615269792,0.7948530465713516,0
-0.23016193605990282,3.138019,121.681247,0.06404545372937474,0.0750339433226452,0
0.1628977700300532,-38.933768,-148.104987,1.196966691617708,0.506925405271869,0
0.19412791970125298,-57.220772,-166.195633,0.9845439595136454,-1.076676621875285,0
3.711609006392992,1.472559,-83.637627,1.6926197331938535,-1.5085680838245088,0
0.7869608588614694,83.199127,158.650581,1.3385818463537495,-0.9327128012255437,0
2.095005136841458,-3.460825,126.362665,0.6305060726735413,-0.6447851599260612,0
-0.9272055944751372,15.197949,4.073749,0.06404545372937474,0.6508892259216102,0
0.29380128256856064,-16.402601,123.368775,1.2677742689857288,-0.5008213392763199,0
-1.1663470182354574,52.003896,-179.797566,-0.7856454746868751,0.6508892259216102,0
-0.8251541927574715,8.094029,31.336472,-1.5645288257351042,0.2189977639723865,0
-0.3010862079635992,-40.656637,64.758434,-1.210490938895,-1.076676621875285,0
-0.47632583272661405,80.73148,-125.245274,-0.28999243311072936,1.6586359704697993,0
-0.16799550983108164,73.420383,63.156845,-1.635336403103125,1.514672149820058,0
-0.45143655591294257,41.970356,36.972366,1.0553515368816662,-1.5085680838245088,0
2.410478237558296,-52.387145,-135.751504,-0.28999243311072936,1.0827806878708341,1
-0.3379663793613082,36.579721,19.250889,0.13485303109739558,1.0827806878708341,0
1.543420062319556,82.241572,-8.796232,-1.4229136709990624,1.6586359704697993,1
-1.3384521559794107,-32.160071,165.035057,-1.0688757841589585,0.9388168672210928,0
0.11368888966113257,39.740724,-88.978269,-0.5732227425828126,-1.6525319044742501,0
-0.6586916553944008,-82.911332,-86.455458,0.5596984953055205,1.3707083291703166,0
-0.6385970250725665,-44.743458,9.934953,0.7013136500415621,0.6508892259216102,0
0.2826439997432002,-35.033312,-144.809788,0.13485303109739558,0.9388168672210928,0
-1.3757361087970534,71.314989,28.047301,0.2056606084654164,1.0827806878708341,0
-1.3633282051305353,-40.545299,150.141887,1.551004578457812,0.36296158462212774,0
0.913840104635224,-3.848445,-69.217486,-0.0775697010066669,1.2267445085205755,0
3.227902148377478,-2.246293,39.285691,1.4093894237217703,-1.6525319044742501,0
1.3277871352093167,-19.564026,-56.833171,0.7013136500415621,-0.9327128012255437,0
0.21921314788906063,36.632782,151.272338,-0.5732227425828126,-1.6525319044742501,0
-1.3168041992055248,-77.479351,10.727406,0.2764681858334372,0.9388168672210928,0
1.0210113887030379,57.95729,-58.665027,-0.5732227425828126,0.36296158462212774,0
-0.8626721854621124,15.00516,69.451569,0.9845439595136454,0.506925405271869,0
-1.490752150018277,-61.982165,37.549282,-0.36080001047875015,1.0827806878708341,1
1.0114614174692456,69.535542,-52.228518,1.3385818463537495,-1.076676621875285,0
0.7135017170816625,-53.356427,63.006147,0.9845439595136454,-0.3568575186265786,0
0.8571965935416233,72.879291,148.69114,-0.5732227425828126,-0.21289369797683735,0
-0.759925115066926,50.321452,-121.531827,-1.4229136709990624,-1.3646042631747675,0
-0.6705922490845977,-82.159037,-7.610694,0.6305060726735413,-1.5085680838245088,0
-1.5154369985094032,-18.934445,-43.18201,-0.6440303199508335,0.0750339433226452,0
0.5376959498930097,69.819081,165.715623,-0.5024151652147918,0.36296158462212774,0
0.05394890102472495,45.713002,-15.243096,1.4801970010897911,-0.3568575186265786,0
-1.1767936555621816,-65.487991,86.264868,1.551004578457812,-0.21289369797683735,0
0.6062847800768429,85.996291,-103.459058,1.6218121558258327,0.36296158462212774,0
-1.0768261068893017,-48.855625,101.668531,1.6926197331938535,-0.3568575186265786,0
-1.4667984432777865,-74.643997,-165.242077,-1.210490938895,1.0827806878708341,0
-1.0806103725931866,-88.437431,170.741514,0.34727576320145803,-0.5008213392763199,0
-1.3423889644725517,-53.753486,56.493935,0.2764681858334372,0.2189977639723865,0
-0.44827779533267514,-33.912717,-93.630926,1.0553515368816662,0.0750339433226452,0
-1.189353292172357,3.448475,-70.031608,-0.9272606294229168,0.36296158462212774,0
-1.5267035466810783,-35.335276,-54.060314,1.196966691617708,-0.6447851599260612,0
1.0102481655618178,32.529928,-172.637255,-1.1396833615269792,-0.3568575186265786,0
-0.0035319527745064365,-78.708337,75.577563,-0.7148378973188543,0.506925405271869,0
0.1877407416016773,-68.37554,49.831253,0.9137363821456246,0.2189977639723865,1
0.08155364203368959,-62.149425,65.924155,0.6305060726735413,0.506925405271869,0
-0.5704487118617392,22.905294,-162.225686,-1.4937212483670832,-0.9327128012255437,0
-0.5814296804371276,-47.617975,28.880982,0.4180833405694788,-0.5008213392763199,0
0.6810254239898789,69.831158,-82.915604,-0.9272606294229168,-1.076676621875285,0
-0.4600189561436395,78.674347,173.054459,0.7721212274095829,-0.9327128012255437,0
-1.1704346619081913,-70.787818,-175.285676,-0.7148378973188543,1.2267445085205755,0
-0.12288942339928485,59.614018,9.479372,1.2677742689857288,-0.06892987732709607,0
0.7605838166627646,-18.378264,11.507068,0.8429288047776038,-1.6525319044742501,0
-0.3530908150399623,52.573572,66.21766,-0.6440303199508335,1.2267445085205755,0
-0.05287438269946697,-14.645656,42.259529,-1.5645288257351042,1.6586359704697993,0
0.005440532425033713,86.805542,104.374011,-0.36080001047875015,0.36296158462212774,0
-0.00791030949121493,24.82069,-50.557585,-0.6440303199508335,1.0827806878708341,0
0.360393964031877,82.30598,5.912733,0.7721212274095829,-0.21289369797683735,0
-0.5459133056436883,-38.32166,-88.162736,-0.7148378973188543,-0.5008213392763199,1
-0.571267014019125,44.924128,-165.295675,1.6926197331938535,0.9388168672210928,0
-0.4568157739222845,-89.579854,179.357234,-0.21918485574270855,0.9388168672210928,0
-0.3560544044703469,-81.728549,-27.70346,1.2677742689857288,1.514672149820058,0
-0.13096408215976535,47.264064,9.829919,0.5596984953055205,0.36296158462212774,0
3.848484274226481,87.599532,177.769981,-0.431607587846771,0.9388168672210928,0
0.8748234720184582,42.590113,164.157496,-0.431607587846771,0.506925405271869,0
-1.0193559622115589,85.495389,-95.329149,0.7721212274095829,0.7948530465713516,0
0.7815197112643437,26.717942,167.811572,1.196966691617708,0.506925405271869,0
0.09211979573304757,33.951548,110.753254,1.0553515368816662,0.7948530465713516,0
1.502003036195178,7.365932,-124.567218,-0.856453052054896,1.3707083291703166,0
1.6268862512275257,-7.338383,-90.485801,-0.856453052054896,-1.3646042631747675,0
1.8031695054592112,52.602937,127.811323,1.4093894237217703,-0.9327128012255437,0
0.15141381657885802,61.359292,57.626106,-0.36080001047875015,-0.5008213392763199,0
0.28810799203695286,17.755813,58.509832,-0.6440303199508335,1.3707083291703166,0
0.7777184901293266,77.979761,-2.899645,0.7013136500415621,-1.6525319044742501,0
2.1110290520288872,-23.552537,-16.921516,1.0553515368816662,-0.7887489805758024,0
-0.6574392375020427,21.337308,53.922734,0.5596984953055205,1.3707083291703166,0
-0.9025346829174269,1.848051,129.486598,0.4180833405694788,-0.7887489805758024,0
-0.10675806020528988,-63.353981,4.852998,-0.5732227425828126,-0.3568575186265786,0
1.1148140314023534,44.363511,178.717104,-0.9272606294229168,1.2267445085205755,0
-0.7725144069685532,-25.945764,127.061109,1.4801970010897911,0.7948530465713516,0
-1.2865342153010275,-78.120376,119.602372,1.6218121558258327,1.0827806878708341,0
-0.5340771284528475,-66.960767,-133.473925,1.4093894237217703,-0.06892987732709607,0
0.39921106945902196,-59.122377,29.813427,-1.2812985162630208,0.7948530465713516,0
0.9037755985675158,-67.841534,167.391537,-1.4229136709990624,-0.3568575186265786,0
-0.41580903973808087,15.26514,116.221151,-1.210490938895,-0.5008213392763199,0
-1.3605156120498363,-57.687948,-124.554784,0.34727576320145803,-1.076676621875285,0
-0.41904129562341536,-15.86281,-37.702675,-1.4229136709990624,-0.06892987732709607,0
-0.732480534761266,-60.924653,-127.797985,-1.1396833615269792,0.0750339433226452,0
-0.35048955665103204,44.487513,-3.3091,-0.5024151652147918,-0.3568575186265786,0
-0.4558992143911033,-60.949873,14.232186,-0.7856454746868751,1.6586359704697993,0
2.547096798629767,-4.638798,17.655755,1.3385818463537495,-0.21289369797683735,0
-1.473835133426341,-52.76882,-70.85499,0.13485303109739558,1.514672149820058,0
0.009977599231705938,65.653102,-73.361977,1.6218121558258327,0.9388168672210928,0
1.5368859433169275,51.578712,157.111119,-1.1396833615269792,-0.06892987732709607,0
2.094530415590123,82.916507,-18.668948,-1.210490938895,0.506925405271869,0
0.7786280623511455,-24.444013,-154.718064,-0.431607587846771,-0.06892987732709607,0
-1.4671918955942047,82.969996,125.179985,-1.1396833615269792,1.2267445085205755,1
-0.9077811720478407,49.679675,-88.154459,-1.5645288257351042,0.2189977639723865,0
0.24614999447147884,87.410827,86.877541,-0.36080001047875015,0.6508892259216102,0
-1.3511899952966955,34.243721,-166.029395,-0.9272606294229168,-0.9327128012255437,0
-0.10377601651422079,41.677048,-103.698414,0.7013136500415621,-0.5008213392763199,0
1.3591471627347071,3.068354,15.066505,1.4801970010897911,-1.6525319044742501,0
-1.0046205083696305,-36.291996,163.156972,0.48889091793749967,0.7948530465713516,0
-0.029239055088102844,-31.89664,-75.558565,1.0553515368816662,0.2189977639723865,0
1.6129561839561979,-27.876362,59.32657,-0.28999243311072936,0.9388168672210928,0
-0.3727459493992966,31.318207,30.769083,1.4093894237217703,-1.5085680838245088,0
-1.1844552386838847,55.195238,103.036587,1.3385818463537495,1.0827806878708341,0
-1.1110100293596055,-78.522729,14.48696,0.06404545372937474,-0.9327128012255437,0
0.2718523876376008,-78.201463,136.555287,-0.21918485574270855,0.9388168672210928,0
0.6547988592691139,47.236965,117.017916,1.6218121558258327,-0.06892987732709607,0
-0.3375470153731637,-57.770967,17.806191,-0.14837727837468773,0.9388168672210928,0
0.37102588943451853,77.432442,68.044898,0.7013136500415621,0.506925405271869,0
0.38705877399636657,82.67316,-103.813336,-0.9980682067909376,-0.21289369797683735,0
-0.23611720015712737,0.559119,-40.548175,-0.006762123638646077,-0.5008213392763199,0
0.013734198990869348,-27.526004,-132.242532,0.7721212274095829,1.3707083291703166,0
-0.14493592914915168,79.232236,135.366634,-0.21918485574270855,-1.3646042631747675,0
0.661229814876201,18.441516,62.866433,-0.6440303199508335,-0.21289369797683735,0
-0.010169178427603807,-86.256355,-106.003335,-0.36080001047875015,-0.21289369797683735,0
-0.31429619581777885,15.253788,71.968918,-0.7148378973188543,0.36296158462212774,0
-1.0617900350240626,-50.524095,-166.181368,-1.210490938895,-1.2206404425250263,0
0.26555649312973323,-2.939865,-131.951954,-1.1396833615269792,-0.3568575186265786,0
-0.9594758236457024,-82.792196,-22.761095,-0.28999243311072936,-0.9327128012255437,0
0.1183750791653323,12.83125,89.77707,1.2677742689857288,-1.5085680838245088,0
-0.31940228807312,21.324379,-134.624212,0.2764681858334372,-0.7887489805758024,0
0.7897987247498847,79.427829,-42.860519,1.3385818463537495,-0.7887489805758024,1
-0.7784213569211132,15.743934,-170.917169,-1.635336403103125,0.506925405271869,0
-0.2615074394226327,-51.935727,-29.764421,-1.210490938895,1.0827806878708341,0
0.2423131025193938,-73.450583,-45.232915,0.2764681858334372,0.9388168672210928,0
0.2726878568328151,70.119694,93.330339,1.2677742689857288,1.3707083291703166,0
-0.0951460714713853,33.931621,130.102097,-1.1396833615269792,0.2189977639723865,0
-0.35847767940646696,27.934346,-143.450508,-1.4937212483670832,0.9388168672210928,0
0.07358681927668473,2.182603,-2.59621,-1.1396833615269792,1.6586359704697993,0
-0.16862175273238603,62.10985,78.675043,-0.431607587846771,1.6586359704697993,0
0.3267884684676635,-64.530005,-14.681913,-1.210490938895,0.2189977639723865,0
-1.066925188156243,-72.602177,-3.937372,1.6926197331938535,1.2267445085205755,0
-1.1927694007277236,-8.966277,168.296824,1.196966691617708,1.3707083291703166,0
-0.06345329059152785,-3.280793,-54.981557,1.0553515368816662,-1.3646042631747675,0
-0.30939155929820145,15.348515,-151.936875,-1.635336403103125,-0.06892987732709607,0
-1.1824769230371466,68.415822,-78.701191,0.48889091793749967,-0.3568575186265786,0
-0.8898197289999953,69.817248,-86.103019,-1.4937212483670832,-1.5085680838245088,0
-1.4317449401522826,73.906987,-58.118906,-0.14837727837468773,0.6508892259216102,0
0.532074344507996,55.895373,-16.095049,-0.9272606294229168,0.36296158462212774,0
-0.5635965701573488,-50.975581,-15.220888,-1.3521060936310416,-0.9327128012255437,0
0.9557783820965204,7.692989,-177.172419,0.8429288047776038,0.7948530465713516,0
-0.722949278127705,17.04303,117.383016,-0.21918485574270855,0.9388168672210928,1
0.25057630493285904,62.906106,87.866139,-0.9272606294229168,1.2267445085205755,0
-0.04613350177270758,71.255369,-41.631947,1.551004578457812,1.2267445085205755,0
1.277402894519313,43.492215,-83.550183,-1.635336403103125,0.9388168672210928,0
-0.6138865647690939,-71.951704,-47.3923,-0.7148378973188543,0.2189977639723865,0
-1.203968014404712,69.669145,-161.653877,0.2764681858334372,-0.7887489805758024,0
3.225609643107149,59.019994,63.858337,1.126159114249687,0.506925405271869,0
0.9062950197167491,58.509465,-48.148569,-1.4229136709990624,-1.076676621875285,0
0.3028236049309174,-57.661189,149.85186,-0.36080001047875015,-0.6447851599260612,0
2.4784399755760336,-12.925925,-8.913203,-0.5024151652147918,-0.21289369797683735,0
-0.1546722379931437,29.128024,143.731114,0.13485303109739558,-0.6447851599260612,0
0.02157290723909202,51.127851,-11.581493,-0.5024151652147918,1.0827806878708341,0
1.9648100044747654,28.984985,-2.319334,0.2764681858334372,-1.076676621875285,0
-0.959249372147421,-51.396572,10.763939,-1.4937212483670832,-0.06892987732709607,0
0.1427803101469814,-2.943319,-64.049677,0.5596984953055205,-1.6525319044742501,0
-0.33842071304200716,34.590313,-105.663273,0.7721212274095829,-1.2206404425250263,0
0.47954693117122255,3.412576,146.49307,-1.4937212483670832,-0.7887489805758024,0
0.21187921215737604,46.469147,30.043922,0.06404545372937474,-1.6525319044742501,0
0.28224222094680157,58.576944,-162.33642,-1.635336403103125,1.0827806878708341,0
-0.07273210125256815,-45.924422,178.198787,1.2677742689857288,-0.5008213392763199,0
-1.0288553170109456,64.113439,34.356885,0.48889091793749967,-0.7887489805758024,0
0.06625570139855935,-34.397054,-141.292379,0.8429288047776038,1.514672149820058,0
-0.8391309691461755,-74.961091,-52.704093,-0.5024151652147918,0.2189977639723865,0
-0.2254011210774456,-74.950551,123.464096,-0.36080001047875015,-1.3646042631747675,0
-0.014400068944690541,-70.969689,119.432326,-0.0775697010066669,-0.6447851599260612,0
-0.39636487098378703,-71.802475,-105.019358,0.13485303109739558,-0.9327128012255437,0
0.24030644332324438,-1.418528,75.071723,-1.5645288257351042,1.6586359704697993,0
2.4297219307809583,24.000382,-130.235653,-1.4229136709990624,0.9388168672210928,0
-0.7685750417204994,-22.09126,15.154744,-0.28999243311072936,1.6586359704697993,0
-0.35300373425683174,2.170998,57.802983,-1.1396833615269792,-0.7887489805758024,0
2.1375541341147257,-7.331834,-7.636607,-0.5732227425828126,1.6586359704697993,0
-0.35200989402284905,-18.797901,33.381135,-0.431607587846771,-1.076676621875285,0
-0.04289065759363335,35.868143,80.121656,-1.3521060936310416,-0.6447851599260612,0
-0.2552844002118095,-75.870504,-45.260211,1.0553515368816662,0.9388168672210928,0
0.7341510959218981,60.510991,-0.02369,-0.9272606294229168,0.9388168672210928,0
2.5085287205824276,65.597015,-82.34759,1.4093894237217703,1.0827806878708341,0
-0.04420619419811698,-80.417292,-69.399782,-0.28999243311072936,-1.5085680838245088,0
-1.2514903044377692,-78.641487,21.077274,0.4180833405694788,1.514672149820058,0
-0.8237921220678132,64.278764,11.954556,-0.7148378973188543,1.6586359704697993,0
0.043477443815855,-5.216312,-153.890424,-1.5645288257351042,1.514672149820058,0
-0.6245345753194864,47.392575,-108.593215,-0.36080001047875015,0.7948530465713516,0
-1.4794723562925987,4.829219,43.923524,0.4180833405694788,0.7948530465713516,0
-0.4189355158739709,50.615164,-62.882021,0.6305060726735413,-1.5085680838245088,0
-1.2045308788373896,-46.882454,-54.563829,-1.4229136709990624,-0.3568575186265786,0
-0.5405340001956853,60.669167,96.244234,-0.006762123638646077,-0.6447851599260612,0
2.8847867457401732,-49.482533,58.156194,0.2056606084654164,-1.2206404425250263,0
-0.2894096024761857,-68.453369,120.980043,-0.9980682067909376,1.514672149820058,0
-0.17539105887303288,44.699683,54.314518,1.4093894237217703,-1.5085680838245088,0
0.6039519713402768,-0.207673,162.344775,-1.3521060936310416,-0.21289369797683735,0
0.1125787505581978,-86.036657,5.906628,0.2764681858334372,-0.9327128012255437,0
-0.44736342279682556,33.099523,-130.584161,0.9845439595136454,0.0750339433226452,0
-0.3061560659599151,14.919728,133.116834,1.4093894237217703,-1.2206404425250263,0
-0.6816504469526574,70.3404,-51.490471,1.2677742689857288,0.506925405271869,0
-0.005866621143192301,21.989177,-162.37346,1.6218121558258327,-0.9327128012255437,0
-1.092655624423248,65.001433,114.823415,-1.4229136709990624,-0.5008213392763199,0
0.5699791643625832,-9.526009,-94.679873,0.9845439595136454,-0.7887489805758024,0
1.4677033695752986,29.384359,-177.075658,0.7721212274095829,-0.3568575186265786,0
-0.704617011859397,-83.660735,69.083193,1.551004578457812,-0.6447851599260612,0
0.021349218017165664,-88.860225,46.935971,-0.5024151652147918,1.3707083291703166,0
0.1216951070284488,4.603752,92.109778,-0.21918485574270855,0.7948530465713516,0
-0.5126848935331472,-25.804602,18.869896,-0.9980682067909376,-0.6447851599260612,0
0.22165316026722415,-58.551734,124.728278,1.4801970010897911,0.2189977639723865,0
-0.14523177727523384,-17.647132,91.620597,-1.4937212483670832,-0.6447851599260612,0
0.060860114839895035,-42.719287,16.622828,-1.7061439804711458,-1.076676621875285,0
0.2575366278943352,-55.144406,136.382122,1.551004578457812,-1.5085680838245088,0
3.2379201207151067,27.456838,-30.124985,-0.7148378973188543,-0.7887489805758024,0
-0.3482211939329639,70.021696,-27.88023,0.9137363821456246,-1.2206404425250263,0
-0.6383504810220149,-59.015282,124.618014,-1.4937212483670832,-0.21289369797683735,0
0.6436485327491583,11.255761,131.355425,1.6926197331938535,-0.3568575186265786,0
1.9069023939976262,-89.650852,-147.018381,0.8429288047776038,-0.9327128012255437,0
-0.8879172642487276,81.020739,39.651079,0.4180833405694788,-1.5085680838245088,0
0.6290544953802667,63.050376,116.411322,1.3385818463537495,-1.3646042631747675,0
-0.2147967894723377,78.329403,141.092744,-1.2812985162630208,-0.7887489805758024,0
-0.4212874023940105,-82.015551,-25.616735,-0.7856454746868751,-1.2206404425250263,0
0.5516533700208609,16.131569,-59.099176,-1.5645288257351042,0.9388168672210928,0
2.9570087278795354,40.809235,-37.555646,-1.7061439804711458,-0.5008213392763199,0
1.9764514861341267,-48.023804,-31.938797,0.34727576320145803,0.7948530465713516,0
0.13861663725156675,60.333156,128.469093,-1.4229136709990624,-0.06892987732709607,0
0.3485953388623427,-63.11981,52.667964,1.6926197331938535,0.506925405271869,0
-0.3677861094329038,-13.329121,-37.086727,0.7721212274095829,-0.3568575186265786,0
0.46043331112366753,32.456384,95.258212,-0.431607587846771,-1.2206404425250263,0
-1.17906932453332,54.08014,-83.681811,1.126159114249687,-0.06892987732709607,0
-0.9902161023522457,86.968076,88.8718,0.13485303109739558,-0.5008213392763199,0
-1.1053639042251706,-43.093325,22.199339,-0.7148378973188543,0.0750339433226452,0
-0.41277761365526966,-67.771261,-102.646411,-1.4229136709990624,1.3707083291703166,0
0.26112721460728067,38.094422,-88.769804,-0.0775697010066669,-0.21289369797683735,0
0.055639971041228496,-24.668046,20.49371,1.4801970010897911,0.2189977639723865,0
-0.7055475776563626,-38.303273,169.730363,0.2056606084654164,1.2267445085205755,0
0.019670671980382182,-16.126879,172.430175,-0.006762123638646077,0.506925405271869,0
-0.9232877262447206,61.164104,89.462982,0.6305060726735413,0.6508892259216102,0
0.514757383934357,25.778159,-106.532027,-1.7061439804711458,-0.9327128012255437,0
-0.6653795069573035,49.336184,-89.163471,-0.7148378973188543,0.506925405271869,0
1.5931844857485837,-17.564135,8.01373,0.8429288047776038,0.0750339433226452,0
2.1810681803201395,86.936475,-125.457033,1.196966691617708,-1.5085680838245088,0
-0.5567630668584179,-0.238013,-34.999458,-0.6440303199508335,-0.06892987732709607,0
0.5877661205658778,-37.112275,98.302124,0.34727576320145803,1.2267445085205755,0
-0.46310575830332773,28.365946,166.712809,0.5596984953055205,-1.2206404425250263,0
-0.4446037373026998,21.08161,-10.822193,0.6305060726735413,0.7948530465713516,0
0.49470911502290976,15.742664,-78.599311,0.2056606084654164,-0.7887489805758024,0
-0.4635270079018787,4.573618,96.095089,-1.5645288257351042,-0.3568575186265786,0
0.9934350021912393,-8.974776,109.718996,0.34727576320145803,1.3707083291703166,0
-0.05205556833340011,43.657014,-148.475234,-0.28999243311072936,-1.3646042631747675,0
-0.0907047545837812,-58.705449,31.876529,-1.2812985162630208,0.506925405271869,0
-1.100520473250442,35.611353,-4.671103,-0.7148378973188543,-1.3646042631747675,0
-0.27311629002315024,-53.118002,154.963728,0.34727576320145803,-1.5085680838245088,0
-1.0140898587416636,-38.604386,40.923964,0.4180833405694788,-1.2206404425250263,0
-1.0001541693731735,-26.366641,-165.126321,0.5596984953055205,-1.076676621875285,0
-0.793817081185053,84.005675,30.020767,-1.4937212483670832,-0.3568575186265786,0
-0.3889419414925876,1.930654,110.759828,0.4180833405694788,0.0750339433226452,0
0.05931670633338455,42.341577,-143.021778,1.4093894237217703,-1.3646042631747675,0
3.020337917279908,53.694473,23.035673,1.4801970010897911,-0.5008213392763199,0
-1.4409107257587757,-74.339039,-156.757836,-0.006762123638646077,-1.5085680838245088,0
0.6584439500917775,13.41532,-123.641279,-0.7148378973188543,-0.3568575186265786,0
-0.7338805720571965,-23.833793,-168.022533,1.4093894237217703,-1.3646042631747675,0
1.2591822264195482,15.944949,7.655759,-0.9272606294229168,0.506925405271869,0
-0.5926735417914151,41.584267,-139.713967,-0.006762123638646077,-0.7887489805758024,0
0.11895002279197167,48.603652,30.282615,-1.3521060936310416,1.3707083291703166,0
2.3608752486012032,58.799512,-131.345252,1.0553515368816662,-0.5008213392763199,0
-0.4618436203748999,6.123965,-129.215683,-1.5645288257351042,0.0750339433226452,0
0.5201073252872123,10.744038,-20.469665,0.13485303109739558,0.0750339433226452,0
0.1001799715633809,7.465036,-112.011735,0.9845439595136454,1.6586359704697993,0
-0.7242959195598057,3.807989,93.667102,-1.0688757841589585,1.514672149820058,0
0.23922612438689278,16.343922,176.360511,-0.5732227425828126,0.36296158462212774,0
0.18755002467517595,57.726832,173.505271,-1.3521060936310416,1.514672149820058,0
1.8545862840664036,89.859534,-171.772502,-0.006762123638646077,1.3707083291703166,0
-1.3410829990617166,67.427352,-102.108815,-1.0688757841589585,-0.06892987732709607,0
-1.0015570494100727,8.424858,-152.14993,-1.4229136709990624,1.514672149820058,1
-0.770099904831368,-23.617979,-27.050907,-0.0775697010066669,1.514672149820058,0
-0.8261879103741928,-30.464509,-94.171063,1.4093894237217703,-0.5008213392763199,0
-0.3782426429056122,71.438785,170.359696,-0.7148378973188543,1.514672149820058,0
0.41038052017112625,83.925553,0.93579,1.196966691617708,0.6508892259216102,0
3.719738620992492,-57.584179,38.479775,1.3385818463537495,-1.2206404425250263,0
-0.18203812748462012,70.192907,67.876886,0.7013136500415621,0.2189977639723865,0
-0.8477680109413167,-30.659215,98.44776,0.2056606084654164,-0.3568575186265786,0
-1.2829696732399056,-18.273641,-127.238643,-1.3521060936310416,-1.2206404425250263,0
0.3319095783081532,48.272079,70.865583,0.7721212274095829,-1.6525319044742501,0
-0.8064026367086842,55.672296,93.832683,1.6926197331938535,-0.06892987732709607,0
0.23656501809348138,-45.327709,168.049532,0.9137363821456246,1.514672149820058,0
0.6462686907413168,-59.34148,87.373312,1.0553515368816662,1.6586359704697993,0
-0.39291757593260723,-61.83171,-161.328495,1.2677742689857288,-0.7887489805758024,0
-0.7525947258335292,-54.212483,92.020657,1.6926197331938535,0.2189977639723865,0
4.712159451929538,32.010902,126.542625,-0.6440303199508335,0.506925405271869,0
2.3021765423583735,-71.350616,-66.584166,-0.28999243311072936,-0.7887489805758024,0
-0.4753274342957582,-79.824348,-90.830139,-1.7061439804711458,1.6586359704697993,0
-0.22919897455222857,4.876045,-100.484217,-1.5645288257351042,1.0827806878708341,0
-0.09760455081621262,9.695362,-12.072646,-1.2812985162630208,0.0750339433226452,1
-0.16174523337544744,-33.417889,2.761026,-0.21918485574270855,0.36296158462212774,0
0.6600170431754883,-36.237862,-117.538332,0.48889091793749967,1.3707083291703166,0
1.13105447807392,-43.449499,-2.336167,-0.856453052054896,-0.21289369797683735,0
-0.7781437242226334,-89.557564,-177.943767,-1.0688757841589585,-0.06892987732709607,0
-1.277716506052356,-47.795539,-93.912424,-0.431607587846771,0.506925405271869,0
-1.3426090727286317,-7.243933,42.336374,1.6926197331938535,1.514672149820058,1
0.829443675413997,-15.378943,41.933468,1.2677742689857288,1.0827806878708341,0
-0.2851816863601942,83.787869,141.997807,0.06404545372937474,-0.9327128012255437,0
0.18043398434131894,40.295705,68.199896,0.9137363821456246,1.3707083291703166,0
-1.201594043277115,23.759154,81.384408,-0.9272606294229168,-0.6447851599260612,0
-0.7269001978276242,-18.996161,90.852588,-0.14837727837468773,0.6508892259216102,1
-0.35801042266126015,51.914744,36.018571,-0.21918485574270855,0.6508892259216102,1
-1.1561116379819254,29.895476,-158.613881,-0.006762123638646077,-0.3568575186265786,0
-1.3408378298596215,-46.456583,29.612336,0.7721212274095829,0.2189977639723865,0
0.260401961707589,-88.514296,-32.022084,-1.0688757841589585,-0.3568575186265786,0
0.09718305207635275,31.446424,140.748082,1.551004578457812,-0.7887489805758024,0
0.4869955240342857,31.82243,154.820438,-1.7061439804711458,1.514672149820058,0
-0.3856856140457852,-25.936394,-18.506995,-1.635336403103125,-0.6447851599260612,0
-0.5390974100051273,23.121533,49.04061,0.4180833405694788,1.0827806878708341,0
-0.49889878532576953,-49.350121,-38.393548,0.34727576320145803,-1.6525319044742501,0
0.6751121802100734,-86.506254,154.811084,-1.3521060936310416,-0.9327128012255437,0
-0.024426958820430535,-72.156853,45.908203,0.48889091793749967,-0.6447851599260612,0
-0.2872230586620299,-30.341302,-83.728551,1.6926197331938535,-1.5085680838245088,0
0.01305044606837206,51.204906,-44.596373,0.13485303109739558,-0.6447851599260612,1
-0.5005652959223866,47.276986,171.831117,0.7013136500415621,1.0827806878708341,0
-0.3813911645552956,-74.488052,151.828588,1.6926197331938535,0.506925405271869,0
-1.1742588005677908,-41.637744,-80.078279,0.2056606084654164,0.9388168672210928,0
-1.5280823688333895,68.360801,-60.850329,-0.6440303199508335,1.514672149820058,0
-0.7466500091932801,61.705675,-31.842633,-0.9272606294229168,0.0750339433226452,0
-1.5085299949028823,-12.79139,-110.378064,0.4180833405694788,1.6586359704697993,0
-1.1035789188557554,70.159199,2.579804,0.34727576320145803,-1.2206404425250263,0
-1.4730922511045463,-84.089504,-35.260318,-0.5024151652147918,1.0827806878708341,0
-1.223040904559407,38.705748,70.276737,0.7013136500415621,-0.6447851599260612,0
0.609887395400302,46.58291,-68.956696,-0.9272606294229168,0.506925405271869,0
-0.1302413683959082,-54.556367,-44.47401,-0.9980682067909376,-1.5085680838245088,0
-0.31885759181993517,71.456049,-65.805233,0.4180833405694788,-1.6525319044742501,0
-0.1367279261186827,18.405169,-19.873692,-1.210490938895,0.7948530465713516,0
-0.41787645862052664,0.935371,103.136572,0.7013136500415621,0.36296158462212774,0
-0.235212309272442,-85.799713,49.892518,1.4093894237217703,0.7948530465713516,0
0.7454172807324203,62.980847,-7.364205,-0.14837727837468773,-1.2206404425250263,0
-0.8328608299359213,-16.898298,93.410229,-1.7061439804711458,1.3707083291703166,0
0.07331424308188605,42.659157,-3.754919,1.2677742689857288,-0.6447851599260612,0
-0.6613486499912781,29.611742,124.13825,-0.21918485574270855,1.2267445085205755,0
-0.2505770037108672,23.853085,116.577122,0.9845439595136454,-0.21289369797683735,0
0.1068982376433078,44.4838,-85.344523,0.6305060726735413,1.2267445085205755,0
0.4557808801718372,63.069871,20.832835,-0.431607587846771,-0.21289369797683735,0
-1.313631390824402,85.063033,-17.66553,-0.9272606294229168,-1.2206404425250263,0
-1.431011440007072,57.36687,-12.919359,0.34727576320145803,0.2189977639723865,0
0.7374130007303837,20.383624,61.107619,0.2056606084654164,-1.3646042631747675,0
-0.9493013830507733,-44.981077,10.349288,0.9137363821456246,1.0827806878708341,0
0.35557867076207916,-75.428131,176.700645,0.9137363821456246,1.6586359704697993,0
-0.5695938332970464,34.297602,5.73286,-0.431607587846771,-0.5008213392763199,0
-0.9024327722910392,84.521346,134.242749,0.7013136500415621,1.3707083291703166,0
0.07615649154695059,-70.766179,71.307424,0.2764681858334372,0.7948530465713516,1
-0.7465697076416695,-7.7693,144.757103,-0.14837727837468773,1.2267445085205755,0
-1.11817519939056,-26.742227,6.677468,-1.1396833615269792,0.506925405271869,0
-1.1822301685636014,86.954506,-162.84942,0.2056606084654164,1.3707083291703166,0
-0.04118112966696794,54.658867,-0.538205,1.196966691617708,0.9388168672210928,0
-0.634972901069712,-84.608362,73.456472,-0.0775697010066669,0.0750339433226452,0
0.2628886901863311,-43.518904,168.604907,-1.4229136709990624,-1.2206404425250263,0
-0.7637032127342701,-82.837865,-167.802205,1.0553515368816662,-0.5008213392763199,0
0.9386387777700491,79.274826,-159.277028,0.34727576320145803,0.2189977639723865,0
0.3992526245860941,0.675638,48.420178,-0.5732227425828126,-1.5085680838245088,0
-0.37013549061852774,15.276034,102.428514,-0.7148378973188543,0.9388168672210928,0
-0.08469645073556786,-73.934975,83.205229,-0.856453052054896,1.0827806878708341,0
2.3359879547374987,52.636309,151.250204,-1.210490938895,1.2267445085205755,0
0.8207076484816888,-47.294281,172.706235,1.2677742689857288,-0.7887489805758024,0
-0.046602376883024314,26.764744,-58.672296,-1.4229136709990624,0.7948530465713516,0
0.8243516128541912,-1.281424,14.64765,1.6926197331938535,1.3707083291703166,0
-0.664907788801598,56.529073,-96.067671,0.34727576320145803,1.3707083291703166,0
-0.21347300417974754,44.671592,-91.543958,-1.1396833615269792,-1.2206404425250263,0
-1.1500516537060317,-75.059812,129.241042,0.7013136500415621,0.506925405271869,0
-0.26767780628017984,73.634602,-75.821902,-0.5732227425828126,-0.06892987732709607,0
-0.39212738418209003,-55.133217,27.093436,0.2056606084654164,0.2189977639723865,1
0.4510276342096379,7.432253,136.72787,1.4093894237217703,-0.06892987732709607,0
-0.5706774821289854,34.361881,-149.64156,-1.635336403103125,1.6586359704697993,0
-0.5699042850227427,-56.440804,-178.151755,-1.7061439804711458,1.0827806878708341,0
-1.0496326849807593,-17.684535,-107.848108,1.126159114249687,-0.3568575186265786,0
-1.2260204130374879,-1.922382,-13.710552,0.7013136500415621,-0.6447851599260612,0
0.8164009691271235,39.246275,-104.338478,-0.9272606294229168,1.514672149820058,0
-0.1941515676636848,64.973518,-1.104754,0.9137363821456246,1.3707083291703166,0
0.34839503091356355,35.755779,135.536352,1.0553515368816662,1.3707083291703166,0
-0.5025282768024051,-38.711799,0.288974,-0.21918485574270855,-0.9327128012255437,0
1.88240324102108,-78.682248,-11.947762,-1.2812985162630208,-1.5085680838245088,0
0.2994555293086064,58.208949,-51.33628,0.4180833405694788,0.36296158462212774,0
-0.09148325389140599,18.563778,158.638872,-1.2812985162630208,1.2267445085205755,0
-1.5258200470484335,79.451545,70.731577,1.2677742689857288,-1.5085680838245088,0
-0.11416427578927017,-8.541686,84.049595,-0.28999243311072936,1.3707083291703166,0
0.6176212620164051,-79.01024,-170.595535,1.4093894237217703,1.0827806878708341,0
0.07024455783400979,7.097634,50.313332,-0.856453052054896,-1.5085680838245088,0
0.15803922055478106,-40.371767,163.927161,0.2056606084654164,0.2189977639723865,0
0.9869626796627899,-32.721464,46.108414,-0.9272606294229168,0.2189977639723865,0
-0.09044132472500452,-5.149952,15.93942,-0.7856454746868751,0.506925405271869,0
0.0893391057501008,-26.091021,-168.054283,-0.9272606294229168,0.6508892259216102,0
-1.5022255799782718,-51.956082,166.910416,-0.14837727837468773,-0.9327128012255437,0
-0.052694630785383785,-69.853085,34.308944,1.551004578457812,-1.076676621875285,0
1.9554136714448695,-59.223905,21.962945,0.2056606084654164,1.6586359704697993,0
-0.3226207981729125,33.944153,-68.730785,1.551004578457812,-0.5008213392763199,1
-1.4679716767802393,68.085061,-171.297907,0.48889091793749967,0.7948530465713516,0
0.36865425804633967,64.887149,-24.292899,1.6218121558258327,-0.6447851599260612,0
0.4000903514804411,81.635343,101.321389,-0.9272606294229168,1.514672149820058,0
-0.3186522023271085,-0.357622,-132.192885,1.2677742689857288,0.9388168672210928,1
-0.36198395511710085,12.32792,154.842314,1.3385818463537495,-1.5085680838245088,1
0.14557640060776184,-13.781372,65.686687,-1.4937212483670832,0.7948530465713516,0
-0.8339773789114494,-35.719753,93.751184,-1.4937212483670832,0.6508892259216102,0
-1.4200096379063092,-42.1413,164.909211,-0.14837727837468773,0.2189977639723865,0
-0.5019848119781801,-66.565212,158.248427,1.0553515368816662,-0.5008213392763199,0
0.4476863383412637,78.630822,98.914026,0.48889091793749967,1.0827806878708341,0
0.824946081302662,-22.345724,120.726795,0.34727576320145803,-1.5085680838245088,0
-1.3743453550856366,48.882329,66.135337,-0.431607587846771,-0.6447851599260612,0
0.09347684387836167,-42.798241,-26.530504,-1.4229136709990624,-0.06892987732709607,1
-0.6026917469626115,73.559799,11.868696,0.5596984953055205,-0.06892987732709607,0
0.8284465506705055,20.48974,131.976204,1.4093894237217703,-0.06892987732709607,0
2.3758123397912816,-34.34057,-93.728348,-1.4937212483670832,-1.076676621875285,0
0.2902624283884865,23.973762,104.574995,-0.5732227425828126,0.506925405271869,0
-0.5646088195485548,-83.446273,100.792627,1.2677742689857288,-0.06892987732709607,0
0.017186369689143447,-27.494681,-177.48856,-0.0775697010066669,-0.21289369797683735,0
-0.258911549436014,16.085863,-66.66209,0.4180833405694788,0.36296158462212774,0
-1.2244565134718677,-60.314802,104.058251,1.3385818463537495,-0.5008213392763199,0
0.7206612281818224,30.813202,-160.223314,1.3385818463537495,1.6586359704697993,0
-0.5707139107814755,-10.738716,99.47718,0.8429288047776038,-1.076676621875285,1
2.41646401167216,-81.334921,45.774346,0.48889091793749967,-1.6525319044742501,0
0.0003925552901965513,1.045161,-163.487273,1.196966691617708,0.7948530465713516,0
-0.11951383384079149,-14.970476,-23.142523,0.7013136500415621,-1.5085680838245088,0
3.0014413464408225,5.732674,179.661559,0.5596984953055205,1.3707083291703166,0
1.4964354109308788,59.120834,-16.828461,-0.856453052054896,0.506925405271869,0
-0.5045507054427903,81.276836,-145.916555,-0.28999243311072936,1.2267445085205755,1
0.6560645701942414,-68.315975,145.863221,1.4093894237217703,-1.5085680838245088,0
-0.35334494684359646,-54.240424,97.514781,1.126159114249687,-0.3568575186265786,0
1.3697938374190435,64.255643,165.992855,0.7013136500415621,0.9388168672210928,0
0.8192746991370925,-40.706845,-105.37681,1.551004578457812,-1.2206404425250263,0
-0.05266004890752251,-51.337936,-153.554415,0.9845439595136454,0.7948530465713516,0
-0.1193962425036473,78.778984,-0.433565,-0.431607587846771,0.0750339433226452,1
-0.07227179947715141,77.749355,40.543159,-0.7856454746868751,-0.3568575186265786,1
1.360867826748728,-3.043501,178.210435,-1.5645288257351042,-0.9327128012255437,0
2.4727584687846225,9.99168,82.453699,-0.5024151652147918,1.3707083291703166,0
-0.19403883059675145,-36.182151,-56.686554,-0.5732227425828126,-0.9327128012255437,0
-1.5394971300863929,-26.431088,-140.933354,-0.6440303199508335,1.514672149820058,0
0.24015820309580727,-33.608584,20.595247,-1.1396833615269792,0.0750339433226452,0
2.3472369255732053,-63.199981,97.880139,0.7013136500415621,-0.06892987732709607,0
1.8929175102159987,3.772129,134.217229,0.2056606084654164,1.6586359704697993,0
-0.09894211019504398,-8.827041,49.950578,-0.856453052054896,0.6508892259216102,0
-0.4453731576956602,89.24845,161.251577,-1.3521060936310416,0.36296158462212774,0
-0.6570705924962307,-62.468101,23.417812,1.126159114249687,-0.5008213392763199,0
0.02295698862755148,26.666862,122.00046,1.196966691617708,-1.6525319044742501,0
-1.417510488354703,4.212925,-94.786952,-0.14837727837468773,1.6586359704697993,0
-0.02069235818550686,49.489095,-4.233108,-0.0775697010066669,-0.21289369797683735,0
-0.26994735306299045,-21.925498,36.096702,1.6926197331938535,0.7948530465713516,0
0.21684481246641318,-67.077039,-28.880034,-0.14837727837468773,-1.6525319044742501,0
-0.6180133110440343,16.730375,75.002706,-0.0775697010066669,-1.5085680838245088,0
-1.2520727770911293,49.503238,-92.577978,-0.431607587846771,-0.5008213392763199,0
-1.2197644159730505,-26.509107,21.882895,-0.9980682067909376,-1.5085680838245088,0
-0.8055363708203269,-23.035803,-75.459814,-0.21918485574270855,0.0750339433226452,0
-0.6096568293042854,65.610307,-165.626269,-1.635336403103125,-0.6447851599260612,0
-1.373538017781264,-14.738768,-116.484175,0.8429288047776038,-0.5008213392763199,0
-0.26759016879390896,12.298564,-112.006557,-1.3521060936310416,-1.076676621875285,0
0.15108010521496976,49.032127,-63.560785,1.6926197331938535,1.0827806878708341,0
-1.019787149473298,-29.614121,-18.656002,-0.21918485574270855,1.514672149820058,0
-0.733348888976249,-77.232341,143.236919,0.13485303109739558,-1.6525319044742501,0
-0.9203932777339443,72.395442,68.716241,0.7013136500415621,0.7948530465713516,0
-0.933424420595356,75.650399,-18.041637,-1.210490938895,0.36296158462212774,0
-1.216761202990604,13.478178,65.43012,-1.3521060936310416,1.514672149820058,0
-0.3106570068182229,30.076584,80.61174,-0.9980682067909376,-0.9327128012255437,0
0.6512520549697592,36.236911,-109.332508,1.6218121558258327,-1.6525319044742501,0
-0.4767177747979533,-8.835349,-15.991508,1.126159114249687,-0.21289369797683735,0
-1.0989765596323051,83.497408,116.596244,1.4801970010897911,-1.3646042631747675,0
0.18361097149525693,-7.975116,-102.365023,1.551004578457812,-1.2206404425250263,0
-0.5300605753654251,-2.57166,97.046399,-1.2812985162630208,1.0827806878708341,0
0.19986669199797327,7.145732,73.96268,0.34727576320145803,1.6586359704697993,0
-1.4380610987662785,15.165444,30.834176,-0.431607587846771,-1.5085680838245088,0
-1.2088167353759716,-53.453546,9.575392,1.2677742689857288,-1.2206404425250263,0
0.22722957556098508,9.253542,-0.366613,0.34727576320145803,0.0750339433226452,0
-0.7841943473157375,-3.598588,-78.657288,-1.4229136709990624,0.0750339433226452,0
-0.16105770269310754,11.134375,-62.053511,-0.7148378973188543,-1.2206404425250263,0
1.4953313514332833,-17.041769,-25.342656,0.7013136500415621,-0.9327128012255437,1
-0.22688634916019856,-83.372598,-106.812282,-0.6440303199508335,1.3707083291703166,0
-0.8854914308523778,-1.607639,50.816471,-0.21918485574270855,-0.3568575186265786,0
1.3773297626053234,67.438789,-87.08891,-0.21918485574270855,-0.6447851599260612,0
0.009134628330245148,55.724494,-48.781031,0.2764681858334372,-1.076676621875285,0
-1.0853396879204855,75.97429,120.648839,0.4180833405694788,-0.6447851599260612,0
-0.556351058615632,-67.5376,-152.388074,0.4180833405694788,-1.3646042631747675,0
0.6232086722961314,13.364115,-66.431307,0.2764681858334372,-1.2206404425250263,0
1.0169152228475418,85.627955,27.458398,-0.9272606294229168,0.506925405271869,0
0.7387060524732166,78.807854,-166.933635,-1.635336403103125,0.506925405271869,1
0.08906386586909187,-12.294202,-93.151016,-1.5645288257351042,-0.7887489805758024,0
-0.09761720824974779,15.542583,2.073868,-1.635336403103125,1.514672149820058,0
-0.5197613392325051,36.145981,-92.829844,-0.5024151652147918,1.3707083291703166,0
-0.1855359109539712,7.18635,156.978316,-1.635336403103125,-0.06892987732709607,0
-0.03981395517638332,19.680112,8.902205,-1.2812985162630208,1.2267445085205755,0
1.4394558042912056,9.654081,134.904102,0.34727576320145803,0.36296158462212774,0
-0.12914867424165313,-32.458508,-28.871246,0.9137363821456246,0.506925405271869,0
-1.406946544002414,-8.401703,-169.131314,-0.006762123638646077,-0.21289369797683735,0
-0.21886772777457708,-59.023138,-68.243148,1.196966691617708,-1.2206404425250263,0
0.2909610394331767,-65.735714,137.736477,-0.431607587846771,-0.6447851599260612,0
0.17629136380762225,85.783889,97.515641,0.5596984953055205,-0.3568575186265786,0
-0.4042088194646887,-25.759169,118.94695,0.5596984953055205,1.6586359704697993,0
-1.052182169082517,-89.211703,50.937038,0.8429288047776038,-0.5008213392763199,0
-1.2120965921330906,-9.87686,-22.53269,-0.6440303199508335,0.6508892259216102,0
2.091280583887314,51.279804,49.642533,-0.431607587846771,0.7948530465713516,0
0.6706268045173781,-54.78194,-165.117981,1.6218121558258327,0.36296158462212774,1
-0.4992347475907413,86.501169,104.462629,0.48889091793749967,-0.21289369797683735,0
0.37595854582602584,-53.97843,-150.754707,-0.006762123638646077,-1.076676621875285,0
-0.3760534330407537,83.816158,-144.2757,-0.14837727837468773,-0.06892987732709607,1
-0.07879781062485713,-89.940225,134.620734,1.3385818463537495,1.0827806878708341,0
-0.24231728302956895,-63.330324,-71.748995,-1.4937212483670832,1.3707083291703166,0
1.556023092228836,36.271703,-120.447557,0.06404545372937474,0.6508892259216102,0
0.3210888232521835,-86.009815,14.540043,-1.3521060936310416,-0.6447851599260612,0
-0.5009166968605602,-43.570801,-107.264686,-1.1396833615269792,-1.5085680838245088,0
-0.8232559468414564,49.834115,119.501958,-0.9980682067909376,-1.076676621875285,0
0.01852613263739785,61.052789,51.155727,-0.36080001047875015,0.2189977639723865,0
-0.8590947321624098,-36.579505,123.470643,0.2056606084654164,0.9388168672210928,0
1.6892368231051706,67.69343,-12.620024,-1.210490938895,1.3707083291703166,0
1.0756866446075561,61.266616,-47.220216,0.4180833405694788,-0.3568575186265786,0
-1.1323536297855235,9.32454,-117.475661,1.2677742689857288,-1.2206404425250263,0
-0.058751258760769476,76.386316,-110.06331,-0.006762123638646077,-0.6447851599260612,0
-0.9016976383139492,12.167003,165.392339,-1.635336403103125,-1.5085680838245088,0
-0.6699412112029716,87.047111,119.456866,1.6218121558258327,-0.9327128012255437,0
-0.25364277655309236,-54.942628,11.958363,0.9137363821456246,-1.2206404425250263,0
-0.7596330427497322,-44.51923,156.071242,-0.0775697010066669,-0.21289369797683735,0
-0.7522334198140821,-39.02788,11.291545,-1.635336403103125,-1.5085680838245088,1
-0.11251720559957838,-39.306804,-83.811552,0.4180833405694788,-0.3568575186265786,0
-1.1135568428245288,-55.538589,-70.876945,-0.9980682067909376,-1.3646042631747675,0
2.593261108136375,20.946693,-24.488706,0.7013136500415621,-0.9327128012255437,0
-0.48344562319308926,78.712669,30.622364,-0.856453052054896,0.9388168672210928,0
1.12667848903503,-21.634186,-43.833138,-0.6440303199508335,-0.06892987732709607,0
0.22481941131271813,-88.906562,0.110097,0.6305060726735413,1.3707083291703166,0
-1.4278488713598434,-79.72234,-144.693587,-0.21918485574270855,-1.5085680838245088,0
-1.3137068654037898,64.321586,-49.397809,-0.5732227425828126,-1.6525319044742501,1
-1.4276209901430432,67.03232,51.312372,0.2056606084654164,1.3707083291703166,0
-0.7784746278320679,-82.349514,178.619274,-1.4937212483670832,1.2267445085205755,0
-1.2915272405335603,-39.607038,-65.155615,-0.9272606294229168,0.0750339433226452,0
0.7365842772616673,-46.832819,-73.150747,1.126159114249687,0.2189977639723865,0
-0.9931591742975989,-56.161064,119.370686,1.196966691617708,1.0827806878708341,0
0.5232786494332747,74.81028,-99.162166,0.6305060726735413,1.0827806878708341,0
-0.4999727907040709,-31.402984,-140.542211,1.6218121558258327,-0.06892987732709607,0
0.6940448946095861,87.133115,-110.850102,-0.36080001047875015,0.36296158462212774,0
-1.387311335683671,59.166895,76.36523,-0.28999243311072936,-1.076676621875285,0
-0.1991400155279896,69.368727,102.725226,1.4093894237217703,0.7948530465713516,0
-0.34468362010089276,-21.081856,-157.511993,1.4093894237217703,1.514672149820058,0
-0.4149515638063727,26.138206,-88.534071,-0.9980682067909376,-1.076676621875285,0
1.4014149960335034,-75.723472,171.06651,0.6305060726735413,1.6586359704697993,0
2.0564791658540105,70.502175,-145.49895,-0.9980682067909376,0.7948530465713516,0
-0.8704836650117302,-7.7987,3.185744,0.5596984953055205,0.2189977639723865,0
-0.6717039173233473,-22.556769,-38.749774,-0.9272606294229168,0.7948530465713516,0
-0.07384671515737068,-19.029602,-88.398419,-1.210490938895,1.0827806878708341,0
-1.116321311206104,16.408932,6.762789,0.13485303109739558,1.6586359704697993,0
-0.27902906008114764,-58.310309,-73.391504,1.2677742689857288,1.6586359704697993,0
-0.8280589686082299,49.851511,63.17681,-0.5732227425828126,-0.5008213392763199,0
0.18204528638062556,21.375313,166.970582,1.4801970010897911,0.36296158462212774,0
0.397126059230869,-13.750223,91.62704,1.4093894237217703,0.0750339433226452,0
-0.5700317419602864,85.686602,42.466941,-0.9980682067909376,-1.076676621875285,0
-0.7466729410573676,-13.508611,-172.928551,-0.14837727837468773,1.0827806878708341,0
-0.45337144114133915,-85.126765,-122.975779,-0.14837727837468773,0.7948530465713516,0
0.21867718607254866,86.178217,27.791602,-0.006762123638646077,1.514672149820058,0
0.43750404773964324,-29.692115,-88.578043,0.5596984953055205,-0.5008213392763199,0
-0.6874691136204532,-89.82365,139.638472,-1.4229136709990624,-0.3568575186265786,0
0.7092021310473339,-76.09779,-156.765638,0.6305060726735413,-1.076676621875285,0
0.1791557714345479,40.00555,173.000861,0.9137363821456246,-0.5008213392763199,0
-0.42324354243377893,0.991632,53.265351,-0.9980682067909376,-0.7887489805758024,0
-1.4883090790545397,-34.765096,-122.781386,-0.856453052054896,1.6586359704697993,0
0.9859451467240754,-86.541609,6.797752,-1.0688757841589585,-0.21289369797683735,0
0.15772462817945995,-38.784057,79.366454,1.4093894237217703,0.36296158462212774,0
-0.13356793135121053,-76.638558,-66.889739,1.2677742689857288,0.36296158462212774,0
0.33499178520742845,50.001007,-106.377654,-0.28999243311072936,0.6508892259216102,0
-0.5120478717416422,-15.308559,-39.184053,-0.9980682067909376,-1.5085680838245088,0
1.039065587307318,68.117371,169.865954,0.34727576320145803,-0.9327128012255437,0
0.3952246137097083,-77.695523,55.920129,-0.28999243311072936,-1.5085680838245088,0
-0.4832214985425812,30.133519,-104.417242,-0.006762123638646077,0.7948530465713516,0
-0.40717013035676364,-25.654698,-167.709871,-0.6440303199508335,0.0750339433226452,0
1.3495270732213687,-27.1019,123.944562,0.4180833405694788,-0.06892987732709607,0
-0.1022935538379166,70.302674,-63.819049,-0.431607587846771,1.0827806878708341,0
-1.1477772167459128,-73.745525,-152.962489,-0.7856454746868751,-1.6525319044742501,0
3.3756539860290142,-70.673359,10.425746,-0.7148378973188543,0.36296158462212774,0
0.8269074354209643,29.819428,-109.355821,0.6305060726735413,1.514672149820058,0
-0.3624658832118566,79.45414,-125.228198,0.7013136500415621,-1.076676621875285,0
-0.916320543194325,78.828197,111.92715,1.4093894237217703,0.7948530465713516,0
2.5927726117974164,0.617136,-88.332675,-0.14837727837468773,1.3707083291703166,0
-0.31489072386761086,18.804873,11.832547,0.8429288047776038,0.2189977639723865,0
-1.2945062042224142,-83.330739,170.336968,-1.0688757841589585,-0.21289369797683735,0
-0.12933842477577925,87.664428,-92.60288,-1.5645288257351042,-0.21289369797683735,0
1.735615626602227,-71.773737,-2.99242,0.6305060726735413,-0.6447851599260612,0
-0.16790792059147963,19.047941,-110.614321,-1.3521060936310416,1.2267445085205755,0
-0.06593235282091565,-82.667625,-139.656165,-0.14837727837468773,-1.5085680838245088,0
0.8047848782312761,83.692999,30.155007,1.551004578457812,-1.3646042631747675,0
1.2851104712057175,12.7993,107.38058,1.6218121558258327,1.2267445085205755,0
-0.06850999763168798,30.473357,-157.28486,-1.7061439804711458,-1.5085680838245088,0
1.1831282730326411,40.97157,-65.811168,-1.3521060936310416,0.6508892259216102,0
0.39247007391163125,45.044598,-42.704824,-1.5645288257351042,-0.7887489805758024,0
-0.5368343174063726,67.98211,125.562778,-0.9272606294229168,1.3707083291703166,0
0.482842629617795,-2.150365,-129.794034,0.6305060726735413,-0.6447851599260612,0
0.1825850661466571,8.704278,176.536894,-0.0775697010066669,-0.3568575186265786,0
0.5738863832305169,45.016211,82.110872,0.7013136500415621,-1.3646042631747675,0
1.1244066750440762,12.354711,84.482308,-1.0688757841589585,0.2189977639723865,0
-0.6752304729680019,35.496258,-23.375084,-1.4937212483670832,1.514672149820058,0
0.5939496322574668,44.020927,-142.81281,-1.3521060936310416,1.3707083291703166,0
-0.17853763782631377,-25.218072,-36.30142,-0.9272606294229168,0.9388168672210928,0
-1.1447912254363346,6.6182,-83.860544,-0.6440303199508335,-1.076676621875285,0
0.3265533138505597,-69.129625,-130.316365,-0.7856454746868751,1.3707083291703166,0
0.33645076980042316,-78.158743,-30.098813,-0.0775697010066669,-0.3568575186265786,0
0.13415262164529043,-6.430934,-167.796522,-0.856453052054896,-1.5085680838245088,0
-0.19400780233651585,29.520677,46.354898,0.6305060726735413,-0.9327128012255437,0
-0.49944517031040053,-67.602261,85.101655,1.196966691617708,0.6508892259216102,0
-1.1203504570290117,-19.569253,167.062364,-1.210490938895,-1.076676621875285,1
-1.1773379463580453,32.504784,-13.509904,-0.6440303199508335,-0.6447851599260612,0
-0.08112162438346768,56.622686,-176.116034,1.126159114249687,0.36296158462212774,0
0.13293464566464222,66.862049,144.984919,1.196966691617708,0.9388168672210928,0
-0.7650421893936189,-76.798962,67.501783,-0.36080001047875015,-1.076676621875285,0
0.4339914586142037,-19.883728,98.870135,1.4801970010897911,-0.3568575186265786,0
-1.0141389947593265,-23.478673,175.380573,-0.14837727837468773,0.0750339433226452,0
-1.2166078932728495,22.238192,-32.70131,1.3385818463537495,0.6508892259216102,0
-0.7759969452033136,77.811325,-3.50689,0.4180833405694788,-1.6525319044742501,0
-0.588095206004464,-19.15445,59.459195,-1.210490938895,0.9388168672210928,1
-1.237338065615075,50.149967,-96.432296,1.196966691617708,1.514672149820058,0
1.8948170734467487,-54.64641,-18.830365,1.2677742689857288,1.3707083291703166,0
0.18245956792570833,17.926785,-121.154669,-1.4229136709990624,0.506925405271869,0
-0.1534871518540957,-46.52834,-20.775574,0.4180833405694788,1.6586359704697993,0
3.4060953503091893,-19.42592,68.02857,0.06404545372937474,-0.3568575186265786,0
1.5389235700357857,44.865565,138.135663,1.4801970010897911,0.0750339433226452,0
2.2480203242953896,-39.133159,-150.598271,1.196966691617708,0.7948530465713516,0
0.5901314854776624,26.880257,-41.328946,-0.006762123638646077,-0.9327128012255437,0
-1.422154316070505,47.894426,-98.486415,1.4801970010897911,-1.6525319044742501,0
0.36858876500878834,1.488337,-144.30081,-0.006762123638646077,-0.9327128012255437,0
2.670957636304776,-13.838585,-138.394159,-1.7061439804711458,-0.3568575186265786,0
-0.23338159587277899,42.993141,-76.854922,-1.635336403103125,-0.9327128012255437,0
0.24322259658806283,-63.922444,-127.854162,0.13485303109739558,-0.5008213392763199,0
-1.0069572759365735,-51.109313,-146.921798,-0.9272606294229168,0.506925405271869,0
0.444113833878562,-85.819072,-36.177611,0.6305060726735413,0.36296158462212774,0
-0.4695258058082962,-45.935181,-61.568577,-0.21918485574270855,-1.076676621875285,0
-1.2110578786967858,63.727162,-131.920684,-0.14837727837468773,0.6508892259216102,0
-0.22049723494667245,-18.600924,-2.192578,0.9137363821456246,1.3707083291703166,0
-0.8022438104121815,45.647004,-96.959229,-0.9980682067909376,-1.3646042631747675,0
-1.2282540329339307,-59.496094,24.804744,0.6305060726735413,-0.5008213392763199,0
0.0447577697643824,21.65121,-113.395321,0.2056606084654164,1.514672149820058,0
2.1415275211901195,53.847574,-139.291699,-0.0775697010066669,0.6508892259216102,0
-0.08493216595724735,4.671395,-103.043905,0.13485303109739558,1.2267445085205755,0
-1.020810626398172,-77.906657,83.874099,-0.006762123638646077,0.36296158462212774,0
0.21616151360540042,-23.416726,-110.492938,1.551004578457812,1.2267445085205755,0
-0.31289325453505734,-40.261537,-98.091671,-1.7061439804711458,0.0750339433226452,0
-0.4265640354013024,76.069164,-29.873059,1.3385818463537495,1.0827806878708341,0
0.7103189755770993,-10.772768,-45.733197,-1.4229136709990624,0.0750339433226452,0
-0.8243053992974014,47.473543,-174.724932,-0.0775697010066669,1.514672149820058,0
0.41547307421816426,59.882,-37.90357,0.34727576320145803,1.3707083291703166,0
0.9275271491570247,-66.976815,54.228958,1.4801970010897911,0.9388168672210928,0
-0.12766694406218956,65.151338,-49.570103,-1.4937212483670832,0.0750339433226452,0
-0.13064610876263735,75.34901,168.533007,0.13485303109739558,1.514672149820058,0
-0.7251449383457313,59.326936,-139.266758,1.0553515368816662,-0.21289369797683735,0
0.7009009943184957,-1.23913,38.631419,-1.2812985162630208,-1.6525319044742501,0
2.4144786213654683,-87.229821,-26.822343,0.34727576320145803,0.2189977639723865,0
0.3127903463578562,79.23501,-29.414686,1.4093894237217703,1.3707083291703166,0
-0.5329409285297291,58.229551,-15.199542,-0.7856454746868751,-0.3568575186265786,0
0.9416362168011525,-7.333056,71.855909,-1.3521060936310416,-0.21289369797683735,0
0.48182912152225715,-23.045793,136.03824,-1.210490938895,1.6586359704697993,0
0.1677520695890207,-22.870265,177.4658,-1.7061439804711458,-1.076676621875285,0
0.0031990358791823647,35.085821,53.244463,-1.2812985162630208,1.0827806878708341,0
0.34312316683514366,24.552278,-165.913757,0.6305060726735413,-0.9327128012255437,0
1.032435204182397,-71.183645,95.380604,0.34727576320145803,-0.9327128012255437,0
0.47806347034805596,86.327175,119.327061,1.6218121558258327,0.7948530465713516,0
-0.8160001403873202,-61.010669,-27.210184,1.4801970010897911,0.2189977639723865,0
0.7720990111874924,46.093392,142.934514,0.8429288047776038,-1.3646042631747675,0
-0.8803465250079923,-28.6726,3.117551,0.2764681858334372,0.6508892259216102,0
-0.8382958544745037,-59.371646,-7.480063,-0.14837727837468773,-0.3568575186265786,0
0.04650904832147833,14.377804,-11.456323,-1.7061439804711458,-1.076676621875285,0
-0.9641818698069331,-17.472358,107.391607,0.4180833405694788,1.0827806878708341,0
0.48306519057005565,-88.939293,62.338066,-0.14837727837468773,-1.5085680838245088,0
-0.05842919085818192,47.384054,134.582746,0.48889091793749967,0.7948530465713516,0
1.0082747558473228,4.640246,8.655924,0.4180833405694788,0.9388168672210928,0
1.1672403125972675,-3.435479,-73.48365,-0.36080001047875015,1.514672149820058,0
-0.3204304840314377,14.331467,-152.42369,-0.14837727837468773,-0.3568575186265786,0
0.5121696774008673,42.537196,-156.609805,-0.5024151652147918,-1.2206404425250263,0
0.6305232991943298,32.967828,-19.671304,-0.9980682067909376,1.514672149820058,0
0.054477338747909214,24.290378,-130.295974,-1.4937212483670832,0.0750339433226452,0
0.4520076464354053,70.04601,-169.360019,-0.7148378973188543,1.6586359704697993,0
-1.3720038722095689,66.739494,-174.597398,-1.4229136709990624,-0.6447851599260612,0
-0.26604547613093726,-74.581639,-59.71627,-1.635336403103125,0.7948530465713516,0
-0.0966219390430463,-42.476935,-170.346029,-0.431607587846771,-0.6447851599260612,0
-0.05367776592669732,-70.44416,158.466208,1.0553515368816662,0.7948530465713516,0
-1.1136801377359908,65.17449,-35.652274,1.126159114249687,1.6586359704697993,1
-1.2598469383769868,62.386873,-158.59286,-1.3521060936310416,-1.5085680838245088,0
0.45871023315723514,26.472725,50.630346,0.06404545372937474,-0.5008213392763199,0
-0.39750026360165475,59.727562,161.789534,0.5596984953055205,0.36296158462212774,0
-0.09151204052835474,15.403008,74.239597,-1.4937212483670832,1.514672149820058,0
-0.6922884192710813,-20.912025,69.398581,0.7013136500415621,-1.6525319044742501,0
-1.0785375224150708,72.457084,32.899071,1.4801970010897911,0.506925405271869,0
-1.0094516382851457,-23.711927,-37.198197,1.6218121558258327,-1.5085680838245088,0
-0.7452637712018875,-58.207186,-89.726998,0.06404545372937474,-0.06892987732709607,0
-0.6023042529088467,31.239039,-121.41418,0.9137363821456246,-1.5085680838245088,0
0.2467032397865438,88.90038,-138.179598,-1.0688757841589585,1.3707083291703166,0
1.7649697115140206,-77.823938,179.267446,-0.14837727837468773,1.0827806878708341,0
2.040447097347957,28.842448,-71.869885,0.2764681858334372,-0.6447851599260612,0
-1.3276734179173857,10.541952,-35.672245,-0.7148378973188543,0.2189977639723865,0
0.3882099290328349,-86.163831,20.548376,0.34727576320145803,0.0750339433226452,0
-1.1265871910984246,-45.626017,89.744253,-0.7856454746868751,-0.3568575186265786,0
-1.276868745493748,-46.754781,71.045123,1.126159114249687,-0.7887489805758024,0
-0.8442700472301116,28.43842,125.446281,1.4093894237217703,0.506925405271869,0
-0.5678265058697638,-78.30983,-80.363409,0.6305060726735413,0.2189977639723865,0
-0.8009972972507169,78.175889,145.287253,0.2056606084654164,-0.3568575186265786,1
-0.6056479982433497,-51.555464,-49.16792,-0.431607587846771,-1.5085680838245088,0
-0.5630251888803718,33.458807,-156.334415,-1.635336403103125,-0.6447851599260612,0
0.33592983033784274,-60.841328,-60.543234,0.2764681858334372,-1.5085680838245088,0
0.9230470328207054,2.831219,4.03108,-1.7061439804711458,-0.5008213392763199,0
1.660828319775751,57.791435,-93.960115,-0.431607587846771,0.7948530465713516,0
-0.9580117095653979,0.447944,99.799503,-0.5024151652147918,1.0827806878708341,0
0.026021921547317677,-72.709799,84.584947,-0.9980682067909376,-0.7887489805758024,0
-0.36621812112939933,58.204339,116.761957,-0.006762123638646077,0.9388168672210928,0
0.08099788351302119,-81.095445,26.899838,-0.9980682067909376,-0.3568575186265786,0
-1.2484410972971063,50.731574,99.334538,-1.4937212483670832,1.2267445085205755,0
-0.37708708477720315,-39.779047,-153.716574,-0.5732227425828126,0.36296158462212774,0
-0.6584864336073109,-37.195907,-167.137872,-1.7061439804711458,-0.9327128012255437,0
0.5235997522594993,-62.561761,160.452427,1.196966691617708,0.506925405271869,0
-0.342779088403062,-49.360953,-82.781357,-1.4937212483670832,-1.5085680838245088,0
-0.04347614175879632,-80.276877,-159.898315,1.126159114249687,-0.06892987732709607,0
-0.890769887623229,35.36678,20.315315,0.6305060726735413,1.514672149820058,0
-1.2031358246809134,-32.106001,117.531327,-1.4937212483670832,0.7948530465713516,0
0.4058779434174846,-3.719567,-173.835623,0.7013136500415621,0.6508892259216102,0
-0.38865620706098464,18.309868,-163.36883,1.3385818463537495,-0.21289369797683735,0
0.9193772082665591,-11.095571,157.338313,-0.14837727837468773,-0.7887489805758024,0
-0.07529533422231376,-63.713875,-42.88907,-0.14837727837468773,-0.21289369797683735,0
-0.7249114362361817,2.101114,-53.876068,1.0553515368816662,-1.6525319044742501,0
1.4947067827416816,13.871563,-43.332664,1.4093894237217703,-0.9327128012255437,0
-1.048957896426268,-45.451455,-52.480889,1.4801970010897911,-1.3646042631747675,0
-0.31759709116753015,-8.198958,-6.051869,0.8429288047776038,0.36296158462212774,0
0.30401335201591734,15.586011,124.587795,0.7013136500415621,-0.7887489805758024,0
0.489872627957222,-77.372687,-113.507296,0.13485303109739558,1.6586359704697993,0
0.38081290007227275,-41.453844,38.503486,-0.431607587846771,-0.21289369797683735,0
-0.6199264868807591,-17.208863,-0.747905,-0.28999243311072936,-1.2206404425250263,0
0.4030852032816894,1.626984,-148.684123,-0.006762123638646077,0.6508892259216102,0
-0.5214218474523662,11.855349,-18.655157,-0.856453052054896,0.9388168672210928,0
0.8985192298526743,29.168612,114.975177,1.2677742689857288,0.506925405271869,0
-0.36555972712864304,-63.574195,72.119778,-0.006762123638646077,-1.076676621875285,0
0.36851421369953447,-29.326769,-112.188691,-1.4229136709990624,-1.6525319044742501,0
-1.3252162174633648,50.506541,32.890406,-1.210490938895,0.0750339433226452,0
-0.11044751449230873,19.899874,160.761515,-0.14837727837468773,-0.3568575186265786,0
-0.43011704699523845,-65.987164,91.097316,0.06404545372937474,1.0827806878708341,0
-0.29413350084278056,12.627351,-20.642835,0.6305060726735413,1.0827806878708341,0
-0.2883063207885502,74.002366,44.315334,-1.210490938895,-1.2206404425250263,0
0.9729395109568665,-63.442793,13.814611,0.9137363821456246,-0.6447851599260612,0
-0.12845006904965697,80.768341,-88.331104,-1.1396833615269792,0.506925405271869,0
-1.2690771946865154,-37.116172,-98.411014,1.126159114249687,-1.6525319044742501,0
-0.9579654045628561,0.592042,151.45325,-1.4229136709990624,-1.076676621875285,0
0.307457563000813,6.497266,-117.546401,-0.431607587846771,-0.21289369797683735,0
-0.4084434659757213,43.19001,91.452111,1.126159114249687,-1.3646042631747675,0
-1.2469270436164217,11.324441,-122.419204,-1.210490938895,1.0827806878708341,0
1.0605902622742287,-31.692975,104.620165,1.551004578457812,0.2189977639723865,0
-0.7957518514634009,43.554367,-16.538671,0.06404545372937474,0.2189977639723865,0
-0.9837636731605243,0.004145,-108.556924,0.7721212274095829,-0.21289369797683735,0
0.7522561571789804,-35.588025,-50.620698,-0.14837727837468773,-1.5085680838245088,0
0.5545643859200794,24.559891,-138.554373,1.196966691617708,-1.6525319044742501,0
0.48112406964274596,29.23452,-148.057893,-1.5645288257351042,-0.21289369797683735,0
2.0592742590631614,-79.86659,-109.365846,0.9845439595136454,1.0827806878708341,0
0.30910648290964793,53.530163,3.118822,-0.856453052054896,-1.2206404425250263,0
0.06165630490379224,-5.37827,140.590991,-0.9980682067909376,1.3707083291703166,0
0.21785348851838135,16.577376,-175.944329,0.48889091793749967,-1.076676621875285,0
-0.5249292683829226,-52.143263,-8.188249,-0.006762123638646077,-0.06892987732709607,0
-0.4772063888299777,71.165675,176.152333,-1.1396833615269792,1.0827806878708341,0
-0.4139284173961107,-43.411831,-38.739634,-1.0688757841589585,0.2189977639723865,0
-0.3191690468590681,10.453834,45.781137,-0.0775697010066669,-1.076676621875285,0
-1.2967950991480288,32.537232,114.687542,0.5596984953055205,-1.3646042631747675,0
-0.2023971315303998,-52.848625,-77.830988,-0.6440303199508335,-0.3568575186265786,0
-0.1414951064380886,-40.814378,163.50525,0.7013136500415621,-0.06892987732709607,0
-0.6645087481664332,-3.834755,131.351024,0.7721212274095829,-1.3646042631747675,0
-1.0549595487683383,-46.38251,56.719903,-1.2812985162630208,-0.5008213392763199,0
-0.23943681528231603,-52.799916,91.342656,1.4093894237217703,0.0750339433226452,0
0.2559207233956037,-89.712722,-103.509912,1.2677742689857288,0.6508892259216102,0
0.3493562154654725,-88.897802,144.696152,0.2764681858334372,-1.5085680838245088,0
-0.1683562530644352,-84.287182,-19.269151,1.6218121558258327,1.6586359704697993,0
-0.11672368076588831,-31.538498,28.053518,-0.856453052054896,0.9388168672210928,0
-0.8418116053422774,1.657552,11.499911,0.9137363821456246,1.2267445085205755,0
-1.061660271529686,-58.8882,83.781619,-1.1396833615269792,0.6508892259216102,0
-0.8778899865494435,-13.702774,-175.350777,-0.856453052054896,0.7948530465713516,0
-1.4902437239037105,82.075908,136.489151,1.3385818463537495,-0.9327128012255437,0
-0.8086258352510818,45.857436,-54.966035,-1.4937212483670832,-1.2206404425250263,0
0.014000529012018568,49.357438,-158.98101,-0.21918485574270855,1.2267445085205755,0
-1.0207489308777125,-10.100228,38.594793,-0.9980682067909376,-0.3568575186265786,0
-0.6530569993917389,47.964591,19.707423,1.2677742689857288,0.7948530465713516,0
0.14937512246412826,-28.802873,92.469856,-1.2812985162630208,1.6586359704697993,0
-0.4164117600956452,-78.016313,65.912594,-0.7856454746868751,0.7948530465713516,0
0.02981229699108162,3.192853,-119.883101,0.9845439595136454,0.0750339433226452,0
0.5912904947188687,3.87637,-71.078652,-1.4229136709990624,0.2189977639723865,0
2.3581599148541046,9.854834,46.184152,-0.7148378973188543,1.2267445085205755,0
3.2249898692953733,-47.618566,-4.278235,1.4093894237217703,-0.21289369797683735,0
-0.7765015343500925,-64.360302,-61.678879,0.5596984953055205,1.514672149820058,0
-0.7543494412463698,-28.354632,-154.804148,-1.3521060936310416,0.7948530465713516,0
0.6744800543970841,79.938944,-114.45066,0.9137363821456246,-1.6525319044742501,0
-0.014734660125914647,26.555265,-146.004643,0.48889091793749967,0.506925405271869,0
-0.5176271981743769,-2.628966,-151.049244,-1.4229136709990624,-0.21289369797683735,0
-1.5450162312348215,-88.015751,-39.04169,-1.7061439804711458,0.9388168672210928,0
-1.098911905867853,24.528027,28.466627,0.48889091793749967,-0.7887489805758024,0
-1.2856588709874306,77.521811,19.603633,0.4180833405694788,-0.7887489805758024,0
0.18866758134666323,-47.735812,-52.13303,-0.9980682067909376,0.36296158462212774,0
0.34210247155820595,44.502181,125.364061,0.06404545372937474,0.2189977639723865,0
1.3843619790204644,-75.82995,164.852814,-1.210490938895,-0.21289369797683735,0
-0.0019707457427611966,-55.290033,128.142941,-1.2812985162630208,0.2189977639723865,0
0.33833577097895096,8.986816,-143.615042,-1.5645288257351042,0.9388168672210928,0
-1.3536516004655428,-56.858553,174.102599,-0.5732227425828126,-0.9327128012255437,0
-0.3499520902362151,19.665365,22.813359,1.4801970010897911,-1.076676621875285,0
0.3736573880360256,-4.915207,-63.546671,-1.210490938895,-1.2206404425250263,0
0.22411155216178483,-47.52433,-99.181778,1.551004578457812,-1.5085680838245088,0
1.2428929323662443,14.383431,158.014427,-1.1396833615269792,-0.06892987732709607,0
-0.06777943305368687,-44.592595,52.516446,-1.4937212483670832,-1.076676621875285,0
0.39827963192899435,-43.647017,102.26142,0.4180833405694788,-0.5008213392763199,0
-0.20929137092313355,-6.720052,15.688469,-0.856453052054896,1.514672149820058,0
-0.46823993233255656,54.981528,-115.966966,-0.28999243311072936,-0.3568575186265786,0
0.06781643028646159,41.43788,-86.514895,-1.4937212483670832,0.36296158462212774,0
1.0163963074609823,-25.025792,-108.339684,-0.7856454746868751,-0.21289369797683735,0
0.8890799259754322,-69.141586,64.476385,-0.431607587846771,1.2267445085205755,0
1.5774336825793214,87.835483,-143.390102,0.7013136500415621,0.506925405271869,0
-0.122788828748853,77.64015,34.719262,1.126159114249687,0.0750339433226452,0
-0.4099711541098002,32.78307,-78.348894,-1.4937212483670832,-0.6447851599260612,0
-0.8274097746952198,1.474547,57.693686,1.4093894237217703,1.3707083291703166,0
-0.09049307581944846,-21.33432,-127.524044,0.13485303109739558,0.36296158462212774,0
-0.3399658806680912,-37.984499,88.660984,0.8429288047776038,-1.6525319044742501,0
-0.47978921300857613,-56.581829,169.167043,1.4801970010897911,-1.3646042631747675,0
-0.09396403887142979,83.273926,-43.554033,1.6218121558258327,0.7948530465713516,0
-0.7045655705845257,27.481574,-58.747217,0.5596984953055205,-0.7887489805758024,0
-1.1104335632868896,-30.425333,38.112665,1.4093894237217703,-1.076676621875285,0
0.8493891395279065,-24.616284,-8.892641,-1.4229136709990624,1.2267445085205755,0
0.18930121362862404,-41.674058,39.565155,-1.210490938895,-0.3568575186265786,0
-1.517532095798549,39.7572,-118.69507,-0.7148378973188543,0.7948530465713516,0
2.2143487183197332,-23.763827,-110.109431,0.5596984953055205,0.0750339433226452,0
1.1004718614844584,9.268184,121.177341,1.4801970010897911,0.506925405271869,0
-0.19778707835957254,2.816498,-53.051482,-1.0688757841589585,0.9388168672210928,0
1.3888218542636532,-11.814412,44.635897,0.6305060726735413,1.3707083291703166,0
-0.22922986966937883,-15.738411,17.304722,-0.5732227425828126,1.2267445085205755,0
-0.8740355312477892,-81.736829,-16.587567,0.7721212274095829,-0.06892987732709607,0
1.5534901375919994,30.98762,16.130595,-0.14837727837468773,1.3707083291703166,0
2.307726956461253,-14.886366,-25.484892,1.6218121558258327,0.0750339433226452,0
-1.2252045106921963,28.139854,19.067605,0.13485303109739558,-0.6447851599260612,1
-0.4583731529381547,31.90632,-169.973718,1.3385818463537495,-0.21289369797683735,0
-0.17780111617168268,-23.930965,55.324783,0.2764681858334372,1.3707083291703166,0
-1.1283766691840462,36.295155,172.193226,-0.7856454746868751,-0.06892987732709607,1
-1.5200939762589947,23.215349,137.171542,-1.7061439804711458,0.0750339433226452,0
0.5040658552095436,37.287423,39.136068,-0.9272606294229168,-1.3646042631747675,0
-1.4468772831402539,16.846267,-17.330395,-1.635336403103125,-1.5085680838245088,0
-0.03385378231727091,46.539664,45.06363,-0.28999243311072936,-1.3646042631747675,0
0.1744307362018884,26.687818,-29.511042,-0.7856454746868751,0.9388168672210928,0
-0.38316402466640653,-36.951811,61.784989,-1.3521060936310416,1.3707083291703166,0
-1.007377940486338,-44.596022,2.4752,1.551004578457812,-0.9327128012255437,0
-1.4354383129854968,64.25241,-105.196636,1.196966691617708,0.506925405271869,0
0.36571827517955924,80.0548,51.445755,0.9137363821456246,-1.6525319044742501,0
-0.259485552129928,-12.605109,1.161213,-1.0688757841589585,-0.21289369797683735,0
-1.0951330401305632,29.78376,-142.168429,-0.856453052054896,-1.6525319044742501,0
0.4316247715158254,-86.422885,-139.522998,1.6926197331938535,1.0827806878708341,0
0.4097159057710693,-34.945515,-10.612613,-1.3521060936310416,0.2189977639723865,0
0.14557913625377913,-53.572391,52.355628,-1.4937212483670832,1.2267445085205755,0
-0.9804141207623416,14.002183,85.299306,0.7013136500415621,0.506925405271869,0
0.09586830022696581,-25.703102,105.6195,1.126159114249687,-1.076676621875285,0
0.002098991257512943,85.885797,49.860966,-1.1396833615269792,-1.6525319044742501,0
1.3226234928799534,62.022979,77.390222,1.2677742689857288,-0.6447851599260612,0
-1.2690806615139179,25.62453,110.947574,0.2764681858334372,-1.5085680838245088,0
-0.7356136187275504,42.57852,132.560575,1.0553515368816662,-0.6447851599260612,0
-0.5781100172052005,-78.803026,116.365713,0.9845439595136454,-0.06892987732709607,0
-1.5357584725672992,-13.528034,-167.480652,0.7721212274095829,-0.06892987732709607,0
0.173242369207773,37.661966,72.188813,-1.4229136709990624,-1.076676621875285,0
-0.3122082465221676,-22.286729,-91.391824,-0.5732227425828126,1.2267445085205755,0
-0.06813653372214001,-79.095601,39.40887,1.4801970010897911,-1.2206404425250263,0
0.6727208857703876,5.964879,110.369127,-0.006762123638646077,-0.06892987732709607,0
1.001179038177152,-36.372676,-168.791222,-1.0688757841589585,-1.5085680838245088,0
1.4219500779233039,6.869948,21.294236,-0.36080001047875015,1.0827806878708341,0
-0.6316069224879068,-4.11153,-121.817054,0.2056606084654164,0.36296158462212774,0
1.393684647002482,-47.819819,22.961685,-0.36080001047875015,0.6508892259216102,0
-0.5784136012704236,-80.332077,142.752458,-1.5645288257351042,-0.3568575186265786,0
-0.853048004556806,-87.425133,42.296974,-1.4937212483670832,-0.5008213392763199,0
-0.8079780003213244,18.337576,157.845394,1.2677742689857288,1.6586359704697993,0
-0.09221189395223116,-36.040558,-56.736618,1.6218121558258327,-0.7887489805758024,0
1.6150917855725975,-42.051102,-166.779884,-0.14837727837468773,0.7948530465713516,1
-0.8419112345205759,35.877749,-70.353968,0.6305060726735413,-1.6525319044742501,0
-1.1606877650325582,-22.308972,-67.844605,-0.21918485574270855,0.2189977639723865,0
2.0940520763618906,-50.629794,142.505933,1.3385818463537495,0.506925405271869,0
1.0817197564076553,-78.116016,152.140861,-0.28999243311072936,-0.21289369797683735,0
0.5512830826158701,47.115762,93.798458,1.196966691617708,0.2189977639723865,0
0.6777458318510665,-87.949262,-73.125929,0.2764681858334372,1.6586359704697993,0
-1.350186415919501,-45.195545,158.035666,0.48889091793749967,0.7948530465713516,0
2.4638108366131872,-16.54858,115.19121,0.48889091793749967,1.0827806878708341,0
-0.7170795813450586,35.559564,113.167303,-0.856453052054896,1.3707083291703166,0
-0.1273016771203602,70.824221,6.543512,1.196966691617708,-1.3646042631747675,0
-0.8746727610727015,2.277531,13.48888,-0.14837727837468773,1.6586359704697993,0
0.6011717611830133,26.607336,153.821022,1.196966691617708,1.514672149820058,0
-0.22484869159094797,69.007831,-165.919797,-0.7148378973188543,1.0827806878708341,0
0.6863799759454223,46.719102,16.921072,1.4093894237217703,-0.6447851599260612,0
-0.7984676045868861,87.999537,-140.633324,0.13485303109739558,1.514672149820058,0
-0.6805736603247061,-88.073877,-92.998663,-0.856453052054896,-0.5008213392763199,0
-0.35468544640758426,-45.045118,52.948102,-1.4229136709990624,-0.5008213392763199,0
1.8402016491634547,22.097035,14.989444,0.34727576320145803,-1.2206404425250263,0
-0.22561776588255397,-71.968161,-37.001584,1.6218121558258327,-1.6525319044742501,0
-0.18106287677277713,38.758063,174.948631,-0.7856454746868751,-1.076676621875285,0
1.1374886353275186,-35.191832,-161.90961,-0.856453052054896,-1.6525319044742501,0
-0.5490286082428533,48.636825,159.538745,0.4180833405694788,-1.3646042631747675,1
-0.31474619884648297,53.18246,-95.603563,-0.7148378973188543,-0.3568575186265786,0
0.01205972381689439,-46.100436,18.009469,-0.7148378973188543,0.506925405271869,0
0.9353822450713383,61.733521,80.684387,0.7721212274095829,0.36296158462212774,0
2.371023610198525,-84.813395,-8.344223,1.4801970010897911,1.0827806878708341,0
-0.11201931382422337,-17.624473,61.136953,-0.856453052054896,-0.6447851599260612,0
1.5881365740905031,-8.514812,-173.983276,0.7721212274095829,-0.21289369797683735,0
0.18925244312370523,-75.994572,52.626618,1.4093894237217703,-0.3568575186265786,0
-1.4491713882898725,66.262414,94.774498,-0.7856454746868751,1.514672149820058,0
-0.18544372260487954,-79.821758,94.854446,1.4801970010897911,1.2267445085205755,0
0.05447957578647958,-25.80909,28.257923,-1.635336403103125,0.36296158462212774,0
-0.4072138856763258,73.709916,40.911789,0.48889091793749967,0.9388168672210928,0
-0.025868706072371336,-18.581961,-19.199784,-1.7061439804711458,0.6508892259216102,0
-0.4315649426481053,-83.035194,94.292538,1.2677742689857288,-0.06892987732709607,0
-0.008415073299375258,31.368024,-175.495154,-0.0775697010066669,-0.5008213392763199,0
-0.049229158355214776,-30.109747,-70.402932,1.6926197331938535,-1.3646042631747675,0
-0.8330671822817922,12.074297,-146.220216,-1.210490938895,-0.3568575186265786,0
-0.5055118469639971,56.125855,12.597058,-0.5732227425828126,-0.06892987732709607,0
0.49564319164090265,42.233952,152.301088,-1.7061439804711458,-1.3646042631747675,0
-0.24620839861018534,-58.554047,-28.933125,-0.7856454746868751,0.0750339433226452,0
0.036503138657512646,41.013924,-79.33864,0.9137363821456246,-1.3646042631747675,0
0.3581032436507657,-41.51063,-27.428433,1.6926197331938535,-1.6525319044742501,0
2.4793865970083346,-7.389176,87.789806,-0.36080001047875015,-0.06892987732709607,0
1.3001896878567258,-1.889934,-36.261628,-1.7061439804711458,-0.6447851599260612,0
0.0604355224698476,53.024701,-80.962526,-0.5732227425828126,-0.6447851599260612,0
1.4163591849848822,73.603413,-12.225996,-0.5024151652147918,0.2189977639723865,0
-0.42165239886645867,49.206504,-25.545747,-0.006762123638646077,-0.21289369797683735,0
-0.3807497809131236,48.920946,-7.425186,1.4093894237217703,0.9388168672210928,0
-0.8281030383553845,54.551882,148.559871,0.34727576320145803,-1.076676621875285,0
3.1297647834565057,-31.10843,171.868525,-1.5645288257351042,0.36296158462212774,0
-0.8117648818775784,-88.164765,123.632996,1.4093894237217703,0.7948530465713516,0
0.6697108559757574,61.018678,76.010346,-0.14837727837468773,-1.6525319044742501,0
1.6547663279136706,-18.758548,159.297002,-0.9272606294229168,1.2267445085205755,0
-0.7268979692412908,-32.790589,66.747134,1.196966691617708,1.2267445085205755,0
-1.379331950429791,78.304246,42.542656,1.2677742689857288,1.0827806878708341,0
-1.5340883555633735,-55.001421,-139.577879,-0.21918485574270855,1.3707083291703166,0
-1.024767250870409,1.032286,-70.90559,1.6218121558258327,-0.3568575186265786,0
-0.3804977416285486,56.245687,48.329489,0.48889091793749967,1.2267445085205755,0
0.003372347354345398,69.212159,43.015456,-0.5024151652147918,1.3707083291703166,0
0.4033250391948833,-74.402403,-90.355407,0.13485303109739558,1.0827806878708341,0
-0.09013881932026262,74.608443,170.525778,1.6218121558258327,-1.076676621875285,0
0.5864743247838694,-3.360196,-19.459701,0.7721212274095829,1.514672149820058,0
-1.493328729377966,29.536448,44.337731,-0.431607587846771,0.9388168672210928,0
0.14465187718819086,-81.56026,-30.372343,-1.5645288257351042,0.0750339433226452,0
0.7864156604519884,87.632543,-88.431375,1.4093894237217703,-1.3646042631747675,0
-1.2368817164797206,61.356998,-115.780607,1.0553515368816662,0.2189977639723865,0
-0.5631613673865089,64.322996,101.005423,0.34727576320145803,0.506925405271869,0
-0.14559057860832464,-77.999482,92.572001,-1.635336403103125,-0.21289369797683735,0
-0.26449500603066894,-48.289465,3.637196,-0.28999243311072936,-0.9327128012255437,0
-0.6972817711737215,1.112115,39.095965,1.6926197331938535,-0.5008213392763199,0
-0.5181200144936551,39.448446,-64.48192,0.48889091793749967,0.6508892259216102,0
-0.3170029941752412,82.459564,73.212755,1.0553515368816662,1.0827806878708341,0
1.2816758658213794,33.801928,51.956027,-1.7061439804711458,-0.3568575186265786,0
1.705581655607055,81.764061,84.496563,1.551004578457812,-0.6447851599260612,1
0.8174558744255189,-87.161077,-10.867589,1.126159114249687,-1.076676621875285,0
1.968151251126821,44.712917,-178.433405,1.0553515368816662,0.6508892259216102,0
-0.6047579899926246,-55.080259,168.118063,-0.5024151652147918,0.6508892259216102,0
0.5887899035458952,2.468634,-114.60457,-0.14837727837468773,-1.3646042631747675,0
-0.9782120593384911,30.350158,118.994788,-0.7148378973188543,1.0827806878708341,0
-1.1647052536676945,-60.261806,58.635702,1.4093894237217703,-0.6447851599260612,0
-0.8156001642123774,-24.914382,-104.911697,1.6926197331938535,-1.2206404425250263,0
0.6918714827039385,50.584432,-37.673841,1.6218121558258327,0.36296158462212774,0
1.678570619605735,-41.304065,164.470222,-0.0775697010066669,0.506925405271869,0
0.32572042006140256,-45.488917,178.609533,0.2764681858334372,0.7948530465713516,0
-1.0978000727591481,67.558187,-19.166644,0.48889091793749967,0.6508892259216102,0
1.3024627632413877,-56.544888,-32.80373,-0.9272606294229168,-1.6525319044742501,0
-1.2468373799194992,22.94008,132.964864,-1.1396833615269792,-1.5085680838245088,0
-0.7529092808589637,9.019489,133.670362,1.3385818463537495,-1.2206404425250263,0
1.347568866808777,-29.442163,-64.20824,1.4801970010897911,0.36296158462212774,0
-1.4427877106982838,-85.956315,-151.758802,1.551004578457812,-0.9327128012255437,0
-0.4320780594023119,87.083428,172.880207,-1.4229136709990624,1.6586359704697993,0
-0.7056335425821818,42.162636,-129.798925,0.9137363821456246,1.6586359704697993,0
0.37556428029359296,41.211998,26.883847,0.2056606084654164,-0.9327128012255437,0
2.528910634791381,-31.366456,111.301198,0.7721212274095829,-0.6447851599260612,0
-0.8065486971291258,87.756785,90.293388,1.6218121558258327,-0.21289369797683735,1
-1.3643946232344848,-6.911709,-175.548887,0.4180833405694788,0.9388168672210928,0
-0.6696387464115147,33.022823,116.116149,-1.1396833615269792,-1.5085680838245088,0
-1.27229743943366,12.135745,-141.935418,1.126159114249687,0.2189977639723865,0
1.5712865815771682,-36.168808,37.922802,0.2764681858334372,-0.3568575186265786,0
-0.01415493207071573,-86.566866,-138.054837,1.4801970010897911,-1.2206404425250263,0
-0.2955484487777561,-23.274391,-115.118833,-0.5024151652147918,0.36296158462212774,0
-0.9340946334086546,56.364316,-12.611693,-0.7148378973188543,-1.6525319044742501,0
0.3991056433298346,-14.283887,41.407601,0.48889091793749967,0.9388168672210928,0
-0.5319207634135649,-58.078968,8.797819,-0.7856454746868751,-0.21289369797683735,0
0.4621920194011564,81.04897,15.46614,1.6218121558258327,0.6508892259216102,0
-0.07436459990841035,-84.717939,-65.972252,0.9137363821456246,-0.6447851599260612,0
-0.12861276688346054,81.996739,168.394037,-1.210490938895,-0.7887489805758024,0
-0.8416897737647439,6.920498,-61.195443,-1.635336403103125,1.514672149820058,0
0.11424907020712191,-69.857733,146.05746,0.13485303109739558,-0.9327128012255437,0
-0.9732710966463467,83.06982,-112.232953,0.9137363821456246,0.506925405271869,0
-0.30104536947783467,49.634931,169.426018,1.126159114249687,-1.076676621875285,0
0.5913698034255738,17.763396,133.01605,-0.28999243311072936,-0.6447851599260612,0
-1.4840228285489043,63.233161,-86.583269,1.0553515368816662,0.7948530465713516,0
-0.22798714659351235,-72.362261,-95.196141,1.3385818463537495,-0.9327128012255437,0
-0.5879660522667003,-4.566508,-111.261453,0.2056606084654164,-1.5085680838245088,0
1.309153255289958,66.681123,34.437286,-1.5645288257351042,0.9388168672210928,0
0.06020521932255955,34.116977,152.272262,0.13485303109739558,0.9388168672210928,0
-0.6595971259474108,3.300834,-27.503568,0.9845439595136454,0.9388168672210928,0
-1.174523487476513,8.23014,124.526319,-0.14837727837468773,0.0750339433226452,0
0.3731136253173261,7.574214,-28.295875,1.3385818463537495,0.36296158462212774,0
-0.928010729710594,37.519684,-166.440242,-0.856453052054896,0.9388168672210928,0
0.5119043116408265,-7.948744,79.645815,-0.9980682067909376,-1.6525319044742501,0
1.194261581862613,-38.15585,100.586371,-1.7061439804711458,-0.7887489805758024,0
0.6973789869568943,-5.745244,169.008101,-1.1396833615269792,-0.3568575186265786,0
1.2851755914836,10.100767,68.434632,-0.0775697010066669,-0.21289369797683735,0
0.18597482177965216,-49.45732,-41.449868,-1.5645288257351042,-0.21289369797683735,0
1.884562765454165,-85.412408,129.115346,-0.5732227425828126,0.0750339433226452,0
0.5483773466670533,23.834822,103.147075,1.196966691617708,0.7948530465713516,0
-0.6684894163458687,-60.14718,-86.30461,1.2677742689857288,-0.06892987732709607,0
-0.05173040991910627,-53.433338,110.321671,-0.431607587846771,1.0827806878708341,0
2.404841448719239,-27.811303,-169.25402,0.06404545372937474,1.514672149820058,0
-1.0479257008658538,20.332034,-171.662383,-1.4937212483670832,1.2267445085205755,0
-1.5161771825776134,59.771412,-128.069887,-0.5732227425828126,0.7948530465713516,0
-0.9836715775018404,-66.027864,-66.562817,-0.6440303199508335,1.3707083291703166,0
-0.7682344817017792,1.519154,60.207953,0.34727576320145803,-1.076676621875285,0
-0.033513147942355805,39.418445,-164.852704,0.6305060726735413,-0.21289369797683735,0
1.2454830178281944,-18.116728,-50.902001,0.6305060726735413,-0.06892987732709607,0
-0.7868267894660093,-71.991125,13.953532,-0.28999243311072936,0.0750339433226452,0
0.38367091610848814,42.134633,-65.290384,0.06404545372937474,-1.2206404425250263,0
-0.40618978418368296,-60.428997,80.414058,0.2764681858334372,-0.3568575186265786,0
0.013754140972857763,84.991071,90.50537,1.2677742689857288,-0.5008213392763199,0
1.1672993980991788,-37.140745,-32.536832,0.34727576320145803,-0.3568575186265786,0
0.7773960532664513,28.073275,-8.395836,0.4180833405694788,-0.6447851599260612,0
-0.7638936368142597,89.724482,-9.093941,0.7721212274095829,1.3707083291703166,0
-0.10035368307585053,89.676406,-47.82164,-1.2812985162630208,-0.21289369797683735,0
-0.5662110872002158,57.439908,144.644384,0.2764681858334372,-0.5008213392763199,0
-0.370893743477333,45.517289,-71.613033,1.3385818463537495,-1.2206404425250263,0
-0.7351174810971978,37.729766,177.69233,0.7721212274095829,0.2189977639723865,0
-1.1594982033993073,-27.937863,-115.308383,-0.9272606294229168,0.2189977639723865,0
0.31738529951750694,86.964963,168.968322,0.06404545372937474,-1.5085680838245088,0
-1.4917946757082927,-47.954058,76.414929,-0.6440303199508335,-0.21289369797683735,0
-0.14332314834309554,24.055446,101.875446,0.13485303109739558,0.2189977639723865,0
0.15415813038884188,46.016856,-71.920895,-1.5645288257351042,-1.3646042631747675,0
-1.519235086958211,-7.38003,179.615587,-1.1396833615269792,1.2267445085205755,1
2.02088564893444,-64.052739,-122.26868,1.0553515368816662,-1.076676621875285,0
0.34398207046316404,-68.33761,-48.618651,-0.431607587846771,-1.5085680838245088,0
2.489624684966038,-8.353704,-135.095489,-1.4229136709990624,0.7948530465713516,0
0.13958412173476858,61.640152,101.364044,-0.856453052054896,0.6508892259216102,0
-1.2291720724561477,50.032313,-117.997975,-1.3521060936310416,-0.6447851599260612,0
-1.1344807276613098,-64.202038,107.916233,0.8429288047776038,0.2189977639723865,0
-0.9524782804154145,58.675025,127.529295,-1.3521060936310416,-1.3646042631747675,0
0.26717804309650384,-70.995726,-28.226886,0.4180833405694788,-0.7887489805758024,0
1.3092450578288535,47.291486,-130.52471,0.4180833405694788,-0.7887489805758024,1
-0.19645686290889752,56.05445,-87.816487,-1.4229136709990624,0.7948530465713516,0
-0.14703920622970226,-13.841356,-80.403855,0.5596984953055205,1.514672149820058,0
-1.5061498950374306,3.694653,-125.478669,0.6305060726735413,0.36296158462212774,0
0.9536194708146061,-13.08706,50.16867,-1.210490938895,-1.3646042631747675,0
-0.7256467743238446,-59.140989,43.796913,-0.9272606294229168,-0.06892987732709607,0
-1.2241005166707333,47.354328,83.738274,0.06404545372937474,-0.7887489805758024,0
-0.7624997543376704,30.539412,-163.06286,1.3385818463537495,0.7948530465713516,0
0.9561335936475395,-28.294282,109.968034,0.34727576320145803,-0.3568575186265786,0
1.0407474012126687,-9.085733,-162.537205,0.48889091793749967,1.6586359704697993,0
-0.35840312207615227,67.08898,86.003753,-0.7148378973188543,-1.6525319044742501,1
0.8818013536744135,86.265441,-45.007287,-0.21918485574270855,0.6508892259216102,0
2.1556848255410115,39.471264,119.300415,1.3385818463537495,1.0827806878708341,0
-1.4712941335466192,66.875969,-15.788614,-0.006762123638646077,0.2189977639723865,0
1.6687314819963683,-42.280731,-89.546011,0.34727576320145803,-1.5085680838245088,0
3.1219336912782687,-45.040834,-104.23831,0.48889091793749967,-0.6447851599260612,0
0.5228526882143371,-15.515482,-152.967586,-1.5645288257351042,-0.9327128012255437,0
-0.38563303726148573,-1.31916,-142.344733,0.34727576320145803,1.6586359704697993,1
-1.1164717483416124,-15.95064,135.808225,-1.210490938895,-0.7887489805758024,0
1.7322187404301275,25.762814,164.730214,0.9845439595136454,0.506925405271869,0
-0.04604731073489611,17.18372,-87.729628,-0.5024151652147918,-0.06892987732709607,0
-0.5953939400637879,-47.972609,90.664763,-0.21918485574270855,-0.3568575186265786,0
0.5010631195772359,46.45594,-137.163084,0.5596984953055205,1.3707083291703166,0
-0.4309733164888689,-85.019074,-83.233727,0.5596984953055205,-0.5008213392763199,0
1.3260574062211554,-29.952222,14.541139,-0.0775697010066669,-1.2206404425250263,0
-0.6426652080266393,-31.41387,-59.724704,-1.4229136709990624,1.514672149820058,0
-0.45813166490779333,22.983166,-20.658505,-0.7148378973188543,-0.9327128012255437,0
0.0705371291457676,28.334623,-30.987124,-1.2812985162630208,0.36296158462212774,0
0.6609596047478858,84.962206,-78.883976,-0.9980682067909376,0.9388168672210928,0
0.031714336158162354,-24.393101,-21.287606,-1.2812985162630208,0.9388168672210928,1
0.22856398463069819,-17.1128,127.876813,-0.9980682067909376,-0.21289369797683735,0
-0.017586661832260448,37.439364,152.321886,0.4180833405694788,1.3707083291703166,0
0.11714505297772747,-45.320562,-135.886659,-0.36080001047875015,0.0750339433226452,0
-1.5004722076803696,67.759219,129.07199,-1.3521060936310416,1.2267445085205755,0
-1.0205529504564992,40.894712,-5.024225,0.5596984953055205,-1.6525319044742501,0
-0.2846059633586664,-50.14695,-104.941328,-0.7856454746868751,-1.2206404425250263,0
1.2122533193508784,45.394217,-54.862685,-1.2812985162630208,-0.5008213392763199,0
-0.887977118385676,75.117126,-111.025655,-0.856453052054896,-1.076676621875285,0
1.0421833449410038,34.006118,136.745181,0.7013136500415621,0.7948530465713516,0
-0.40996505068090017,-13.491834,-131.021597,-0.7856454746868751,-0.3568575186265786,0
1.9369834016655576,-59.673579,54.897982,-1.5645288257351042,-1.076676621875285,0
-0.251325626359807,84.258962,-38.398356,-1.4229136709990624,0.7948530465713516,0
-0.2504149877043087,23.697632,122.334617,-1.210490938895,-0.9327128012255437,0
1.4790209330483515,-82.583216,78.92575,0.6305060726735413,-1.2206404425250263,0
1.3730228840839778,-71.042064,-129.80133,-1.7061439804711458,-0.6447851599260612,0
0.1961690116029727,7.735721,84.486792,-0.431607587846771,1.6586359704697993,0
-1.0429314248011843,12.32166,-128.797125,0.5596984953055205,0.0750339433226452,0
1.2291050619992085,-44.250806,-154.418579,0.34727576320145803,-1.5085680838245088,0
1.4089608250236947,48.157623,-80.038717,0.7013136500415621,0.2189977639723865,0
0.5358913030550322,-5.228098,172.533613,-1.210490938895,-0.06892987732709607,0
-0.19105485355206753,-20.159404,44.040135,0.48889091793749967,0.9388168672210928,0
0.49688467550571563,31.405284,-6.597901,1.4801970010897911,1.6586359704697993,0
-0.355419983496801,81.572638,41.93155,-0.21918485574270855,-0.5008213392763199,0
-0.6500061200759161,-6.267522,-59.506842,-0.5732227425828126,-0.3568575186265786,0
-0.07017930739291503,51.368526,151.015835,0.6305060726735413,0.0750339433226452,0
1.8167249797537737,6.763448,-19.967164,1.4801970010897911,0.7948530465713516,0
-0.18853180147766058,33.923136,47.542994,-0.36080001047875015,0.6508892259216102,0
1.4738458242140438,20.707889,76.762716,-1.2812985162630208,1.0827806878708341,0
-0.04197863850501306,85.561247,-69.278174,-1.635336403103125,0.506925405271869,0
0.43888003796850766,-73.844213,-163.265991,-1.7061439804711458,-1.076676621875285,0
-0.23276117006927202,-35.58696,-50.49227,-0.006762123638646077,-1.6525319044742501,0
0.5675300290387829,-54.607187,-170.648633,-1.1396833615269792,0.6508892259216102,0
0.16171663621635834,-70.538439,-128.9986,-0.21918485574270855,0.7948530465713516,0
-0.12960236693180463,70.464748,-156.765456,0.9137363821456246,-0.7887489805758024,0
0.313407022198447,-20.273487,153.082775,-0.006762123638646077,-1.076676621875285,0
2.047152973471949,67.99765,-116.673175,0.9845439595136454,0.506925405271869,0
-0.042292101752357675,-8.533455,85.888075,0.5596984953055205,0.7948530465713516,0
-0.5727314052963703,-22.15883,142.462528,0.48889091793749967,0.506925405271869,0
0.11053315349693654,18.697846,79.344794,-1.2812985162630208,0.506925405271869,0
-0.8832742944097103,47.00599,144.104073,-1.0688757841589585,1.0827806878708341,0
-0.8479544322521304,-38.266877,-89.363049,0.34727576320145803,-1.3646042631747675,0
3.866089606918169,-59.927803,13.242707,-1.2812985162630208,0.0750339433226452,0
-1.3291064076430317,-20.408944,148.432722,0.48889091793749967,-0.21289369797683735,0
-0.7317689107844505,-71.766774,-22.929997,-0.006762123638646077,-1.5085680838245088,1
-1.081262665742921,69.190469,129.294533,-1.4229136709990624,1.2267445085205755,0
-0.8754360556594722,-15.204791,20.454896,-0.21918485574270855,0.7948530465713516,0
-0.2862202865990286,-49.242141,-140.71509,-0.9272606294229168,1.2267445085205755,0
-1.475553901651716,-40.657409,-136.35042,-1.210490938895,0.7948530465713516,0
0.38814432008834876,-50.484037,-162.804669,-0.5732227425828126,-1.6525319044742501,0
-0.6445530696610239,-10.253228,-95.758945,-1.4937212483670832,-1.6525319044742501,0
0.28052876359330237,-31.23767,-163.15981,-1.3521060936310416,1.3707083291703166,0
-0.9666394658448039,79.543104,85.585285,0.5596984953055205,1.6586359704697993,0
0.48764994375693677,36.882637,-105.586186,1.2677742689857288,1.2267445085205755,0
0.4853983916115544,-38.400458,-17.059696,1.4093894237217703,0.6508892259216102,0
-0.8076363987450957,-23.488946,48.239758,0.06404545372937474,-1.076676621875285,0
1.1474940529292206,76.964615,56.356599,-0.5024151652147918,1.6586359704697993,0
0.8689530981736228,-4.959369,-148.400327,-1.1396833615269792,-1.2206404425250263,0
-0.09333034596669172,16.014606,-105.472818,-1.0688757841589585,-0.3568575186265786,0
1.7493619125372877,-83.721821,-158.974605,0.4180833405694788,0.9388168672210928,0
-1.2542720098862081,62.231773,-74.019075,0.8429288047776038,-1.3646042631747675,0
0.5032046291838757,24.114589,-120.624614,0.6305060726735413,-1.5085680838245088,0
1.634589177813758,18.166966,29.135851,-1.2812985162630208,0.9388168672210928,0
0.11672400003501412,-64.959804,68.898754,1.6218121558258327,-0.6447851599260612,0
1.115682041515465,-75.037834,-63.702537,-1.210490938895,-0.6447851599260612,0
-0.3334062045806186,54.766167,81.968685,-1.635336403103125,-0.6447851599260612,0
1.2864332690075633,65.349011,-40.786949,-1.635336403103125,0.506925405271869,0
-0.7928111558315987,76.043188,-23.401814,1.3385818463537495,1.514672149820058,0
-0.2091112547005671,-51.292059,108.86436,-0.7148378973188543,-0.7887489805758024,0
-0.7851688085898701,14.21028,-175.186855,0.06404545372937474,-0.5008213392763199,0
3.972289011371502,-32.633994,-8.398836,-1.3521060936310416,-0.9327128012255437,0
-1.0208870772629561,-45.588547,155.543771,1.6218121558258327,-0.3568575186265786,0
-0.48864292416812194,-48.167317,-100.528707,-0.5024151652147918,-1.5085680838245088,0
-0.717812526197184,1.963374,156.707517,1.6218121558258327,-0.5008213392763199,0
-0.7723806270986704,54.645003,23.366516,-0.856453052054896,0.7948530465713516,0
0.5477563535052591,56.443072,152.546413,-1.5645288257351042,1.6586359704697993,0
-0.34371156803298697,-44.457007,100.157732,-0.9272606294229168,1.514672149820058,0
1.6228009112817723,-43.592625,100.507253,-0.9272606294229168,-1.6525319044742501,0
0.6370379950447643,10.997455,61.952126,-1.3521060936310416,0.0750339433226452,1
0.45041878024508636,76.748796,80.111851,1.4093894237217703,0.7948530465713516,0
2.4903618646193624,24.740407,29.1437,-1.5645288257351042,-1.5085680838245088,0
0.7127760189952482,5.185176,8.402219,1.6926197331938535,0.7948530465713516,1
-1.3183550824853292,15.578471,79.738614,1.6926197331938535,1.6586359704697993,0
-0.7281245341754745,89.180782,169.795202,1.4801970010897911,0.9388168672210928,0
-0.14467321623639764,3.802553,-59.408632,-0.6440303199508335,-1.5085680838245088,0
-0.3940782292201484,-5.672187,64.62893,-0.21918485574270855,-0.21289369797683735,0
1.1923361890594188,69.606285,-94.071845,0.34727576320145803,1.514672149820058,0
0.8506242054651697,-46.3943,-106.109228,0.06404545372937474,-1.3646042631747675,0
0.031075359868092144,-23.607185,-71.866041,-0.5732227425828126,0.7948530465713516,0
-0.9899283337242191,21.499523,-156.042058,-1.635336403103125,-0.6447851599260612,0
-0.45482406091484534,38.104423,179.249761,-0.21918485574270855,0.9388168672210928,0
-0.6950018096037072,-17.841675,-101.5891,-0.36080001047875015,0.36296158462212774,0
-1.1639280798872331,-28.405624,56.380455,-1.4229136709990624,0.6508892259216102,0
3.3454746313437758,-11.449891,105.729736,1.196966691617708,0.6508892259216102,0
-0.5003041231059596,43.552821,150.706064,-1.635336403103125,1.0827806878708341,0
-0.9306632041143587,-81.316911,-104.463932,0.8429288047776038,1.0827806878708341,0
-0.9777922321512775,1.504855,58.563463,0.5596984953055205,-1.2206404425250263,0
1.8639441459572468,-52.135873,31.356553,-0.431607587846771,0.506925405271869,0
-0.5424739944710993,9.134831,99.632343,-1.4937212483670832,0.2189977639723865,0
2.6749704227928324,-80.247771,-105.613496,0.2056606084654164,-1.5085680838245088,0
-0.24005096483053295,-73.001127,78.745473,1.0553515368816662,-1.5085680838245088,0
1.6333512711714837,-34.249713,31.662518,0.8429288047776038,0.6508892259216102,0
-0.3424394818494451,87.064755,154.476051,-1.2812985162630208,0.7948530465713516,0
0.45539078456202553,57.9341,140.594992,1.196966691617708,-0.6447851599260612,0
0.2650047982847385,65.32182,-3.779328,1.196966691617708,0.0750339433226452,0
-0.6804698169750689,-85.661345,-151.385205,-0.7856454746868751,-0.5008213392763199,0
-0.06741207784579324,-66.082172,-53.927283,0.5596984953055205,0.7948530465713516,0
1.2512545145264047,-42.19245,-176.091723,-1.7061439804711458,-0.6447851599260612,0
-0.5120573085236819,-52.358327,-21.274707,-0.0775697010066669,0.506925405271869,0
-0.3264782721179765,-37.204458,-153.529081,-0.36080001047875015,-0.9327128012255437,0
-0.19978557594401775,15.540351,76.091947,1.2677742689857288,-1.3646042631747675,0
-1.4401220319368826,-42.256648,97.8407,0.8429288047776038,0.7948530465713516,0
-0.4976685327223333,9.152238,-164.429509,-1.635336403103125,0.36296158462212774,0
2.0031864752068094,-34.311243,21.36873,1.4093894237217703,0.506925405271869,1
-1.2930027985611496,-82.944264,62.369676,-0.006762123638646077,0.7948530465713516,0
-1.348753519937678,-45.123009,-52.447383,1.4093894237217703,-0.3568575186265786,0
-0.4138831405202435,-83.467169,30.840793,-0.9980682067909376,-1.5085680838245088,1
-0.05554483849538598,-23.402967,137.259612,1.6218121558258327,-0.3568575186265786,0
-0.06735964673579843,-64.658857,29.357213,0.4180833405694788,-0.5008213392763199,0
0.31468631696533755,-79.46516,123.929952,0.34727576320145803,0.9388168672210928,0
-1.181603798482068,-2.34329,-15.673747,0.48889091793749967,-0.21289369797683735,0
1.7352303202324013,-80.536105,60.031757,-0.006762123638646077,-0.21289369797683735,0
-0.395519165926765,-40.496553,39.917038,-0.28999243311072936,-1.6525319044742501,0
0.36021093840488594,28.945072,-113.078279,0.7721212274095829,-0.06892987732709607,0
-0.6914266715102168,-28.46379,-19.603455,-0.7856454746868751,-0.6447851599260612,0
-0.13876091012897945,-67.196243,5.680217,1.126159114249687,-0.21289369797683735,0
-0.14495627575076153,-65.435962,-61.066823,-0.0775697010066669,-0.9327128012255437,0
0.7793179525481445,56.880111,110.908154,1.2677742689857288,-0.3568575186265786,0
-1.4190560689911986,15.390138,159.706047,-0.7856454746868751,-0.6447851599260612,0
-0.15399054141772373,15.030319,120.64221,-0.6440303199508335,-1.6525319044742501,0
-0.6040761007462778,-86.814222,-22.515249,-1.7061439804711458,-0.21289369797683735,0
-0.546677910832437,-59.050454,66.999717,-0.7856454746868751,-0.3568575186265786,0
-0.35156528106261276,-10.801165,-94.479352,-0.006762123638646077,-1.076676621875285,0
-1.5395029030102503,82.671848,102.029309,0.2764681858334372,0.2189977639723865,0
2.9564160470237466,29.807039,-72.606825,-1.4937212483670832,0.9388168672210928,0
0.044070503359073934,-0.393476,-133.933379,-1.2812985162630208,1.514672149820058,0
0.8683364995385103,11.347355,153.51421,1.6926197331938535,-0.3568575186265786,0
-0.4070255473140947,62.304997,27.64267,1.4801970010897911,1.6586359704697993,0
0.22887523591880551,62.581506,30.488152,1.4801970010897911,1.2267445085205755,0
-0.2885895168754569,-36.072489,-114.938152,-1.3521060936310416,0.6508892259216102,0
0.17056607647257702,-27.395419,35.920519,-0.9980682067909376,-0.21289369797683735,0
2.3842719216381227,-34.00632,57.835377,-1.635336403103125,0.506925405271869,0
-0.05642517728530187,-73.135201,1.167919,0.7721212274095829,-1.5085680838245088,0
0.292911475651678,-32.51478,-12.501473,-0.006762123638646077,-1.2206404425250263,0
1.2014244249220665,52.1356,-56.590631,0.2764681858334372,-0.6447851599260612,0
-1.501010347601336,8.016504,108.624548,0.2764681858334372,0.0750339433226452,0
2.326092895861673,22.724206,-174.4563,-0.431607587846771,1.3707083291703166,0
0.680515792650216,47.157944,160.999152,-0.7148378973188543,-0.6447851599260612,0
0.33603441239896614,66.040453,70.164204,-0.0775697010066669,-1.5085680838245088,0
0.06201933854775538,26.591658,-5.223145,-0.5732227425828126,-0.7887489805758024,0
-1.3250582385789142,-62.179509,-39.371028,-0.21918485574270855,-0.7887489805758024,0
0.04922223427672776,40.96615,85.390025,0.7721212274095829,-1.3646042631747675,0
0.27839426307884463,-7.241427,-165.160555,0.8429288047776038,-0.21289369797683735,0
-0.8581569673878074,-68.10445,54.620854,-1.4937212483670832,1.514672149820058,0
-0.8853287054435809,-81.649462,43.27014,1.4093894237217703,0.2189977639723865,0
2.064054086250447,-78.857658,30.63241,-0.5024151652147918,1.514672149820058,0
0.42523477347436806,38.545109,126.692848,0.34727576320145803,-1.6525319044742501,0
0.021945110568460453,-24.587921,3.567186,-0.9272606294229168,-0.6447851599260612,0
0.1173338814975197,-54.224046,-169.524804,-1.4937212483670832,-1.5085680838245088,0
-0.4140601646666206,-46.582591,-176.753975,-0.7856454746868751,0.6508892259216102,0
-0.5376392891048719,-61.97229,-152.517937,1.196966691617708,1.3707083291703166,0
-1.351204313849035,29.537451,145.308421,-0.6440303199508335,1.514672149820058,0
0.9204936169940993,36.919044,-68.920508,1.196966691617708,-1.3646042631747675,0
0.9505576615138339,82.294027,-177.099087,1.4093894237217703,0.2189977639723865,0
0.5920326543400085,-3.626115,164.000934,-0.9272606294229168,1.0827806878708341,0
0.6527436338486383,-78.227467,-8.857,-0.9272606294229168,1.6586359704697993,0
-1.1414451704085706,-58.353421,121.593408,-1.4229136709990624,1.0827806878708341,0
0.5403260836007184,0.422371,54.662342,-1.1396833615269792,1.2267445085205755,0
-0.021127233555665537,80.415396,109.029929,-0.28999243311072936,-1.6525319044742501,0
0.47779525708880216,-7.015353,-178.441681,0.48889091793749967,-0.3568575186265786,0
0.6173191744349232,-26.215983,9.904647,0.7721212274095829,-0.06892987732709607,0
-1.3896546583737945,51.604742,15.814565,0.7721212274095829,-0.5008213392763199,0
2.662251172550328,-56.579671,49.979102,0.8429288047776038,-1.6525319044742501,0
-0.013977291787139001,-34.601459,125.015356,-0.6440303199508335,-1.3646042631747675,0
0.6133247202977752,26.870946,-129.532229,-1.4937212483670832,0.2189977639723865,0
0.11310755527546591,36.356953,84.290502,0.13485303109739558,1.3707083291703166,0
-1.2055401003015516,-64.039415,90.575801,-0.21918485574270855,-0.21289369797683735,0
-0.3808725657653076,-65.191014,102.340275,-0.5024151652147918,0.6508892259216102,0
-0.22700774145982097,2.465681,-6.015794,-1.210490938895,-1.076676621875285,0
-0.6693759980634624,-39.270019,-105.108998,-0.0775697010066669,-0.9327128012255437,0
-0.6264328660305447,53.879718,-86.200946,-0.36080001047875015,-1.076676621875285,0
0.8983251302712858,-48.277461,-161.10246,1.3385818463537495,0.2189977639723865,0
-0.6523562894157162,38.976346,-36.037925,-0.7856454746868751,1.2267445085205755,0
1.3317918013710113,-27.913478,-85.279185,-0.5732227425828126,-0.06892987732709607,0
1.1998668771585022,-77.637838,-134.297182,0.2764681858334372,1.3707083291703166,1
0.3628073235345728,-67.604493,-169.91544,-0.856453052054896,0.7948530465713516,0
-0.7796779331564803,-14.032711,80.252252,-1.7061439804711458,0.0750339433226452,0
-0.9995323196265263,-38.401047,-6.563798,1.4093894237217703,0.0750339433226452,0
-0.2803775031715364,30.668449,-89.744991,0.9845439595136454,0.7948530465713516,0
-0.4031320976608475,-47.891314,98.629298,1.0553515368816662,0.36296158462212774,0
-0.5084722799569269,-59.829085,-144.20505,-0.9980682067909376,-0.21289369797683735,0
-0.8926013155888541,-46.339186,-138.792474,1.4093894237217703,-0.3568575186265786,0
-1.3770811305406203,31.122688,-9.870799,1.126159114249687,0.0750339433226452,0
-0.5204137378897982,31.415705,92.71215,0.2764681858334372,0.6508892259216102,0
-0.23125423307865514,-5.939239,148.583384,-0.7148378973188543,-1.6525319044742501,0
-1.1626644398953383,28.90232,118.81234,-1.4937212483670832,-0.5008213392763199,0
-1.1730325740976075,-64.640987,-94.784462,0.9845439595136454,0.2189977639723865,0
0.4617164261704362,32.672901,49.663444,-0.21918485574270855,1.2267445085205755,0
0.3600398234149948,-68.035299,61.779048,-0.9272606294229168,-1.3646042631747675,0
-0.5084211243058919,62.642261,4.120851,1.6218121558258327,-0.6447851599260612,0
0.5680391130565455,-28.800687,9.326241,-0.14837727837468773,1.6586359704697993,0
-1.2522733549310279,8.690796,-6.258596,-0.7856454746868751,-1.6525319044742501,0
-1.2220670538614073,-20.305095,1.531171,-0.5024151652147918,0.9388168672210928,0
0.4735491702841083,-40.025475,-10.216319,0.13485303109739558,-0.6447851599260612,1
-0.06524010552825864,-23.14147,-63.609199,-0.856453052054896,1.3707083291703166,0
1.7335359241838584,63.239803,113.499042,0.2056606084654164,0.36296158462212774,0
0.12856094935366952,40.410758,124.563229,1.2677742689857288,0.9388168672210928,0
-1.4468649758429053,3.055132,-77.758577,-0.0775697010066669,-1.2206404425250263,0
-0.17213041052273376,-71.212082,-11.756773,-0.6440303199508335,0.7948530465713516,0
-0.46641308122719255,-10.361416,-131.985796,1.3385818463537495,0.7948530465713516,0
0.5680404770729027,-9.105303,-127.24309,1.2677742689857288,-1.5085680838245088,0
-0.67640043592908,-4.960436,154.850838,-0.28999243311072936,1.6586359704697993,0
-1.4790702840716168,-68.753375,-85.997871,-0.14837727837468773,1.3707083291703166,0
-1.0004267240264444,-28.289608,80.652626,0.34727576320145803,0.36296158462212774,0
-1.079816963616054,12.755671,138.879186,-1.0688757841589585,-0.06892987732709607,0
-1.1287319175003827,-49.92635,-69.137434,0.7721212274095829,-1.6525319044742501,0
1.9790106410465431,-35.049762,75.980129,1.6926197331938535,-1.076676621875285,0
-1.1211876130903542,38.003518,23.846554,0.9845439595136454,0.9388168672210928,0
-1.210276568252114,75.806333,-167.890453,-1.1396833615269792,1.3707083291703166,0
-1.1821598696532074,6.119497,60.036012,1.6218121558258327,-1.6525319044742501,0
3.384302468490865,71.6723,-8.63837,0.7013136500415621,-1.2206404425250263,0
-1.213764356237831,-57.037417,57.395363,0.7013136500415621,1.0827806878708341,0
0.5917673177764761,-53.534943,-97.734509,-0.9980682067909376,-0.06892987732709607,0
-0.6062261511080812,-89.526533,-129.812908,-0.431607587846771,-0.06892987732709607,0
1.0402935751469506,-7.692359,-39.738973,1.196966691617708,-1.5085680838245088,0
-1.4231044539439557,37.426935,62.850781,-0.28999243311072936,-1.3646042631747675,0
0.490985394184439,8.727565,-4.042803,-1.1396833615269792,-0.06892987732709607,0
2.0705568564801697,-6.087572,99.669894,-1.1396833615269792,-1.2206404425250263,0
0.17591576384655386,32.026265,-114.523293,0.6305060726735413,0.7948530465713516,0
-1.234053969539857,-57.265146,-126.107972,1.6218121558258327,-1.076676621875285,0
-0.38828387626053984,35.464945,-65.203731,-0.9980682067909376,0.506925405271869,0
0.7262090501037111,-7.217287,-78.801967,-0.856453052054896,-0.3568575186265786,1
0.8676486141442997,78.618379,3.479172,0.4180833405694788,1.0827806878708341,0
-0.4594776871385978,83.658179,97.771207,-1.1396833615269792,1.0827806878708341,0
-0.5409019214438253,-82.664172,-27.494085,-0.7148378973188543,-0.21289369797683735,0
-1.0788406918192526,1.221721,98.750214,-1.2812985162630208,0.506925405271869,0
-0.11945507489790626,-45.022761,33.577671,1.196966691617708,0.7948530465713516,0
-0.3259561956963274,10.190043,121.421954,-0.21918485574270855,1.0827806878708341,0
1.1663585277658606,46.036682,-150.761074,-0.856453052054896,1.6586359704697993,0
-0.9042851891670107,-41.338011,-179.319304,1.2677742689857288,1.2267445085205755,0
0.19330339213945463,-16.055582,-18.354277,-0.28999243311072936,-1.2206404425250263,0
0.14338078539014268,-48.159799,11.850759,-0.431607587846771,-0.7887489805758024,0
-0.6496580826657203,-17.03672,132.872564,0.7013136500415621,-0.06892987732709607,0
1.8100295265173751,-14.214853,-70.212755,1.3385818463537495,0.506925405271869,0
1.784791232849729,-59.931727,174.616419,-0.9980682067909376,-1.5085680838245088,0
2.363127922248459,18.3717,-1.102168,-1.635336403103125,1.3707083291703166,0
-0.7943980619076972,-80.680834,-61.324151,1.126159114249687,-0.9327128012255437,0
0.35811492251128696,66.215044,166.619457,0.5596984953055205,-0.7887489805758024,0
-0.34124531590731505,53.073983,-63.950621,1.0553515368816662,0.7948530465713516,0
1.1444769392535084,-0.258077,-124.233538,1.4093894237217703,0.7948530465713516,0
0.03204288419202979,-42.915145,147.069115,1.6926197331938535,1.514672149820058,0
1.2349308599849818,-64.678175,-2.557049,-1.0688757841589585,1.2267445085205755,0
0.1509156755659474,78.947242,58.735936,-0.9272606294229168,1.0827806878708341,0
0.022932834046844774,-9.809319,32.152973,-0.5024151652147918,-1.6525319044742501,0
-0.2198081384142705,-11.98479,17.377409,-0.7148378973188543,0.36296158462212774,0
3.417961050132671,-6.229393,-29.250647,0.9137363821456246,0.506925405271869,0
-0.7537812054262425,-64.605344,151.791907,-0.7856454746868751,-0.7887489805758024,0
0.5200335434821678,-37.353611,17.21402,-0.5024151652147918,1.514672149820058,0
-0.7760682647306041,33.962181,0.098945,1.4093894237217703,0.2189977639723865,0
-1.1350877513893494,-41.129656,-36.476603,0.9137363821456246,-1.3646042631747675,0
1.9510849082390502,62.932539,-74.04475,-1.4229136709990624,0.0750339433226452,0
-0.7169822185952937,-23.573462,-78.790908,0.2764681858334372,0.2189977639723865,0
1.7180728271235883,46.457089,130.048109,-0.006762123638646077,-1.3646042631747675,0
1.5271665962827017,-24.098644,76.773726,-0.5024151652147918,0.506925405271869,0
-0.2568739255492718,63.099229,69.485253,0.5596984953055205,-1.2206404425250263,0
-0.7197787495529083,-6.707829,7.451026,0.9845439595136454,1.3707083291703166,0
-1.4019610674414729,41.822039,122.699992,0.48889091793749967,-1.5085680838245088,0
1.058183446766421,65.603822,79.882381,0.34727576320145803,0.7948530465713516,0
-0.10350076855323218,71.313863,173.079279,-0.006762123638646077,-0.21289369797683735,0
2.015006266389988,42.205928,-92.95486,0.5596984953055205,0.506925405271869,0
-0.2462243802063824,57.908826,173.696057,-0.7148378973188543,1.3707083291703166,0
-1.3553324143797865,37.161954,134.743385,-0.14837727837468773,1.514672149820058,0
0.7932648915867767,36.228298,104.398335,-0.9980682067909376,0.0750339433226452,0
-0.344606304030837,28.567156,-44.888452,-0.856453052054896,1.0827806878708341,0
0.804899804288798,51.447291,125.626639,-1.2812985162630208,-1.3646042631747675,0
1.9432416441384843,57.739203,24.721257,1.196966691617708,1.3707083291703166,0
0.4692052634165637,-50.044638,-135.749541,1.0553515368816662,1.0827806878708341,0
-0.3112061137657563,-66.910119,-15.877462,-0.6440303199508335,-0.3568575186265786,0
-0.07660897821855567,58.941612,139.983181,1.6218121558258327,1.514672149820058,0
-0.21922835022737658,-81.999628,57.415962,0.9137363821456246,-1.3646042631747675,0
0.6676120387481141,30.772281,-78.920566,-1.210490938895,-1.6525319044742501,0
-1.1720964693174216,-9.911448,-106.514604,-0.9980682067909376,0.7948530465713516,1
-0.18546526786177628,-79.258136,-21.874048,-0.9980682067909376,0.36296158462212774,0
1.4699296231764347,-76.108741,-3.569042,1.126159114249687,0.36296158462212774,0
1.498238976298525,-53.683668,-68.267839,-1.635336403103125,0.36296158462212774,0
0.020034808089531116,7.336333,-114.78361,-1.5645288257351042,0.7948530465713516,0
0.5383067799010243,-72.263425,159.530647,1.0553515368816662,-0.21289369797683735,0
2.0207058340358404,-15.981194,-50.811478,1.4093894237217703,-0.21289369797683735,0
-0.23121591651483772,80.071881,122.63447,-0.9980682067909376,0.7948530465713516,0
0.7291664261663378,-0.994729,92.760344,-0.006762123638646077,-0.21289369797683735,0
-0.2736888648659444,-79.90129,100.445326,0.2764681858334372,-1.2206404425250263,0
-0.06293934601443725,75.375643,104.073708,-1.0688757841589585,0.0750339433226452,0
0.3806245146541044,-25.835158,47.679637,-1.1396833615269792,0.7948530465713516,0
-0.1889082882680003,-78.245004,-94.854487,1.3385818463537495,0.2189977639723865,0
-0.22720808683241048,41.731926,-116.325412,0.4180833405694788,0.6508892259216102,0
-0.5501700495216373,69.709196,-123.107944,0.34727576320145803,0.2189977639723865,0
-0.17296982095704455,40.970469,-49.100524,-0.5732227425828126,-0.9327128012255437,0
-0.5569137056592063,-65.152171,162.105261,-1.3521060936310416,0.9388168672210928,0
1.5118755195736953,-88.387548,-90.434255,-0.0775697010066669,-1.6525319044742501,0
2.4844429775552164,-66.598173,-68.776758,1.2677742689857288,0.2189977639723865,0
1.1127329033110502,0.877046,1.700911,0.34727576320145803,0.36296158462212774,0
1.3976800653420918,72.204083,-44.375729,-0.006762123638646077,-0.21289369797683735,0
0.053158292208023254,47.857498,-76.675117,1.0553515368816662,0.7948530465713516,0
-1.0788865927203586,20.995139,112.461762,-0.0775697010066669,0.2189977639723865,0
0.7809613022982362,-28.700307,11.552573,-0.36080001047875015,-0.21289369797683735,0
-0.1964831690520521,59.317167,153.781677,0.7721212274095829,0.9388168672210928,0
-1.3124054842275574,74.002521,-131.117653,-0.5024151652147918,-0.06892987732709607,0
1.59883054334223,48.185695,84.656089,-0.36080001047875015,0.6508892259216102,0
0.20115713742650837,-89.154561,-70.480869,1.6218121558258327,-0.7887489805758024,0
-0.1423805929880389,74.192052,-16.918864,0.2056606084654164,1.3707083291703166,0
-0.1080557346779797,-37.659073,79.494199,-1.1396833615269792,-1.076676621875285,0
0.11974443590947971,-18.100998,79.606852,-1.1396833615269792,0.0750339433226452,0
-0.8917208701494181,20.428517,92.117316,-0.14837727837468773,0.7948530465713516,0
-0.23393223540500932,87.785194,36.330254,-1.0688757841589585,-1.6525319044742501,0
-0.8357749392613588,-12.902653,170.047601,0.6305060726735413,1.0827806878708341,0
-0.1632740772500729,67.004036,65.781827,-0.6440303199508335,0.2189977639723865,1
-1.009856758136755,35.913963,43.447946,-0.6440303199508335,-0.3568575186265786,0
1.0465133239122668,-24.655418,-102.591249,-0.7148378973188543,1.3707083291703166,0
1.6833714467173628,-2.268413,8.76416,1.126159114249687,1.514672149820058,0
1.3416470190646987,-11.355941,50.55258,1.4093894237217703,-0.3568575186265786,0
-0.0004995931266442617,-87.179532,80.994821,-1.2812985162630208,-0.06892987732709607,0
0.32702269414182483,-0.129926,-21.594896,-1.1396833615269792,1.2267445085205755,0
0.7963004629680478,79.364091,10.813492,-0.006762123638646077,-1.2206404425250263,0
0.6875142412722348,-52.390278,-7.297537,-0.856453052054896,-1.3646042631747675,0
-0.3611605766786961,-63.39219,-47.432265,0.7721212274095829,1.3707083291703166,0
-0.030107375426226768,-38.229826,-117.347685,0.6305060726735413,0.0750339433226452,0
1.0860143070655623,-87.483122,-110.634607,-1.1396833615269792,0.7948530465713516,0
-0.5385013993393541,-80.859915,-174.962697,0.7721212274095829,-0.3568575186265786,0
0.01778841275404351,-13.755762,-36.95147,0.13485303109739558,0.9388168672210928,0
0.26049000205871997,83.86699,127.270416,0.34727576320145803,-1.6525319044742501,0
-0.4341132595991475,-60.592604,81.71101,-0.36080001047875015,-0.6447851599260612,1
1.9899277879446822,13.077106,58.792995,1.4093894237217703,-0.6447851599260612,0
-1.2990263798677464,78.365105,-53.024323,-1.5645288257351042,0.36296158462212774,0
-1.0195338139639196,20.392801,34.446624,-0.9980682067909376,-0.7887489805758024,0
0.3185387943422037,64.054099,-58.836065,0.5596984953055205,0.9388168672210928,0
-0.42658925573331585,-57.012596,-175.523944,0.8429288047776038,-1.5085680838245088,0
-0.4262280194384505,75.906324,-54.089771,1.126159114249687,-0.5008213392763199,0
-0.9703512993474961,78.703398,109.769926,-1.1396833615269792,-1.6525319044742501,1
0.2976549804302611,-32.115214,25.417832,-0.7856454746868751,1.6586359704697993,0
0.1464041987595359,74.463784,83.283388,-1.4229136709990624,0.0750339433226452,0
0.9198098105229029,46.076196,-65.324539,1.4801970010897911,-1.076676621875285,0
-0.457470764536725,69.763477,-169.842445,0.34727576320145803,0.506925405271869,0
0.4266240525872102,-30.813392,-103.565326,0.4180833405694788,0.2189977639723865,0
0.9950335392104935,36.723551,6.521027,-0.9980682067909376,-0.3568575186265786,0
-1.0996693119437124,77.920761,-161.068633,-1.0688757841589585,1.2267445085205755,0
-0.6431859780715289,-46.138224,-169.502952,-0.856453052054896,1.0827806878708341,0
-0.08801311640613922,-58.598252,73.216728,1.0553515368816662,-1.5085680838245088,0
-0.2520147765260161,76.466808,171.810738,0.2056606084654164,0.36296158462212774,0
0.23445645388829062,-82.143358,168.683376,1.3385818463537495,0.9388168672210928,1
-0.9356508803518296,65.070256,30.867865,1.6218121558258327,0.506925405271869,0
0.3807558334150742,76.25537,49.273733,-0.21918485574270855,1.3707083291703166,0
-0.30057197076667314,-14.334065,-9.23412,-0.28999243311072936,-0.21289369797683735,0
-0.03790917936935665,43.955273,-1.068617,1.4093894237217703,-1.5085680838245088,0
0.02196849723755679,-40.637535,30.557304,-1.635336403103125,-1.076676621875285,0
0.4957741549585847,-22.180996,-128.639806,0.9845439595136454,-0.21289369797683735,0
0.3753946128417367,20.56994,172.840378,1.2677742689857288,-0.3568575186265786,0
0.18773734768765732,-44.380986,166.752447,1.3385818463537495,1.3707083291703166,0
-1.0086682811097358,68.950747,96.91804,0.34727576320145803,0.7948530465713516,1
0.4614994686733851,-75.510271,-127.281205,0.9845439595136454,1.0827806878708341,0
-0.2582414170803094,34.345541,174.590078,1.551004578457812,1.6586359704697993,0
-1.2461747641266716,4.908155,123.009982,-0.6440303199508335,-1.5085680838245088,0
0.6504913479415665,68.397161,171.126062,-0.21918485574270855,-0.7887489805758024,0
-1.1758788376166633,74.194055,-65.119901,1.196966691617708,-0.6447851599260612,0
-0.6229497967047576,80.457839,20.507823,-0.9980682067909376,1.2267445085205755,0
-0.3531617670807865,73.611917,93.486409,0.4180833405694788,-0.9327128012255437,0
2.8358345708149733,-52.156521,-167.221391,-0.9272606294229168,-1.3646042631747675,0
-0.16997328012840118,-48.228003,33.139802,1.3385818463537495,-1.6525319044742501,0
0.7797629478898114,80.934505,134.057214,1.551004578457812,-1.5085680838245088,0
-1.0316648629462193,-35.023164,9.309765,-0.0775697010066669,0.9388168672210928,0
-1.092561650090157,31.476206,-108.26395,1.2677742689857288,-0.21289369797683735,0
0.9516685866375056,-19.771594,148.815036,0.6305060726735413,-0.5008213392763199,0
1.6401961633763404,-28.720663,143.11189,0.8429288047776038,1.3707083291703166,0
-0.1337180043088505,12.510181,-74.906059,1.4093894237217703,0.506925405271869,0
0.42832347194727743,-73.372287,25.264688,0.5596984953055205,-1.3646042631747675,1
0.6752656606673861,-18.847807,-6.540572,-0.9272606294229168,-0.5008213392763199,0
0.8691772934442823,44.786549,47.560801,-0.14837727837468773,-0.6447851599260612,0
-1.2505361632581145,-8.720145,-44.116032,1.6218121558258327,-1.076676621875285,0
-1.2442166047230225,-7.181633,-92.765231,0.6305060726735413,1.2267445085205755,0
-0.6015479797302541,-41.636291,107.971294,-0.431607587846771,1.0827806878708341,0
-0.5378546045372123,74.320269,-69.583544,-1.5645288257351042,-0.6447851599260612,0
-1.165989687771459,-24.394063,-130.676661,-0.5732227425828126,-0.7887489805758024,0
0.5200026353518192,-53.26971,34.389985,-0.5024151652147918,1.514672149820058,0
-0.8237662035872386,-15.775184,110.697308,0.34727576320145803,1.514672149820058,0
-0.10807658848584288,-82.27625,85.82866,-0.6440303199508335,-1.3646042631747675,0
-0.2841889379137323,84.360172,149.99759,0.8429288047776038,0.7948530465713516,0
0.5739599314633274,-12.492953,163.620697,1.3385818463537495,1.514672149820058,0
-1.4728905133052692,-87.070577,163.010103,-0.6440303199508335,0.0750339433226452,0
0.8000737634307552,45.097082,-11.743974,-0.5732227425828126,-0.9327128012255437,0
-0.22328217717699161,-7.539962,-145.64063,0.48889091793749967,1.3707083291703166,0
0.240816686226582,-17.575295,73.643081,1.3385818463537495,-1.076676621875285,0
-0.3691567595245185,59.837296,-85.469398,0.8429288047776038,1.6586359704697993,0
3.0919120737127432,31.212505,66.195952,-1.210490938895,-1.076676621875285,0
-1.3171235170889743,58.303138,101.936651,-0.5024151652147918,0.7948530465713516,0
0.41538699466111834,85.676758,-124.885279,-0.5024151652147918,-1.2206404425250263,0
0.25521900036842154,1.47161,-16.683395,-1.1396833615269792,0.6508892259216102,0
0.6826828340571874,51.648611,42.136091,1.4801970010897911,-1.076676621875285,1
-0.5507600766509014,37.78946,48.057162,1.0553515368816662,1.2267445085205755,0
-0.24915097913378592,-29.971611,-120.120069,1.2677742689857288,0.506925405271869,0
0.8976128425212475,70.122527,-81.926179,1.3385818463537495,0.2189977639723865,0
-0.07059479992310212,-34.328532,14.450047,1.3385818463537495,-1.2206404425250263,1
1.4289505555908846,-14.541016,-138.733745,-0.14837727837468773,-0.06892987732709607,0
0.8632600706444781,-60.024408,49.703372,1.4093894237217703,-1.6525319044742501,0
0.9322727991598504,28.125484,-46.642213,-0.9980682067909376,0.36296158462212774,0
-1.4325561521105465,-78.204744,128.399738,-1.0688757841589585,1.0827806878708341,0
-0.2100746473908049,68.464979,45.764369,0.8429288047776038,0.2189977639723865,0
-0.4407760569044538,-48.073528,-51.052978,0.34727576320145803,1.0827806878708341,0
1.2892289758538313,-35.862714,-164.039889,-1.0688757841589585,-1.3646042631747675,0
0.19247002729768548,15.000498,-166.395035,-1.7061439804711458,0.0750339433226452,0
0.25734505187661205,-34.027839,81.443553,0.6305060726735413,-1.5085680838245088,0
-0.4062380542262534,52.401069,122.878301,0.6305060726735413,-0.21289369797683735,0
-0.06928540827336098,5.805288,29.949087,0.9137363821456246,-0.3568575186265786,0
2.314273373060581,44.564635,27.017331,1.2677742689857288,-0.6447851599260612,0
-0.1521788805822767,-48.068675,57.905282,1.551004578457812,0.7948530465713516,0
-0.39250639599648895,-68.553338,109.947022,-0.5024151652147918,0.9388168672210928,0
0.19701807607068295,-88.999792,-65.669287,0.13485303109739558,-1.2206404425250263,0
-0.4858293031550193,-25.20767,-173.115081,0.9845439595136454,-0.7887489805758024,0
-1.263708379374825,12.267782,-103.11647,0.06404545372937474,1.6586359704697993,0
0.3642449107145464,7.96641,-0.752528,1.0553515368816662,-0.5008213392763199,0
-0.9920836700063566,36.019426,118.688466,0.06404545372937474,0.0750339433226452,0
1.3187075597643534,-73.819519,-6.067875,-1.1396833615269792,-1.5085680838245088,0
-1.2383873650463373,18.929513,-57.942627,-1.2812985162630208,0.7948530465713516,0
-0.08866092125541815,-21.970918,17.431491,-0.9272606294229168,-1.5085680838245088,0
-0.789678320868727,11.609412,46.929098,-0.36080001047875015,1.0827806878708341,0
2.5451800344777524,-43.529303,122.387313,0.48889091793749967,-1.5085680838245088,0
1.6563818261854124,89.148683,-155.00767,1.3385818463537495,-0.21289369797683735,1
-0.11964745418032671,66.38049,-88.964655,0.8429288047776038,-1.6525319044742501,0
0.4804977441694896,32.391626,71.646793,0.7013136500415621,-0.6447851599260612,0
0.28143569426539894,17.033257,121.726796,0.7013136500415621,-1.5085680838245088,0
0.785044908522148,-16.560763,100.802263,0.2056606084654164,-0.6447851599260612,0
-0.9612494746629983,-41.599113,-173.40764,-0.14837727837468773,-0.21289369797683735,0
0.115185386408277,-25.642639,140.161535,-1.3521060936310416,0.2189977639723865,0
-0.9009986431601957,-47.184874,-42.472692,-0.006762123638646077,-0.5008213392763199,0
0.3859241915803025,-32.007379,-40.843112,0.7721212274095829,-0.21289369797683735,0
-0.0647025792446172,64.88599,53.922352,1.6218121558258327,-1.076676621875285,0
-0.10525261606703355,-34.881977,-91.867702,1.0553515368816662,0.0750339433226452,0
-0.06276165472129122,-81.335372,-25.013173,-0.28999243311072936,0.0750339433226452,0
0.42537918882228765,-20.61107,-91.828912,1.126159114249687,0.2189977639723865,0
0.7973359109408499,-66.828675,-48.807218,-1.1396833615269792,0.2189977639723865,0
-0.7338924748838032,82.046311,-86.121994,-1.7061439804711458,1.3707083291703166,0
0.5855140645526609,-67.25554,20.619374,-0.9272606294229168,-0.9327128012255437,1
-0.06616200001959942,-79.605312,-133.223008,0.6305060726735413,0.9388168672210928,0
0.7562064961414801,-54.210569,-75.985565,0.4180833405694788,0.36296158462212774,0
-0.36082061371457785,-34.092515,3.958197,1.6218121558258327,-1.6525319044742501,0
-1.4134601548108734,-8.338112,-60.217614,0.48889091793749967,-1.2206404425250263,0
-0.27640652897870804,-74.48902,26.462862,-0.5732227425828126,0.2189977639723865,0
-0.4655320400085692,71.183432,132.150788,0.2056606084654164,0.506925405271869,0
-0.27291328842206575,-7.254641,-157.230706,1.196966691617708,-0.21289369797683735,0
-0.20201667362027798,-35.946331,50.796166,-1.0688757841589585,-1.2206404425250263,0
0.27697116309545505,55.382447,118.715121,-0.7148378973188543,-1.6525319044742501,0
2.3990755678457365,15.101746,-111.502229,-1.0688757841589585,-0.06892987732709607,0
0.3171696433667555,-26.768406,-66.588126,-1.635336403103125,1.2267445085205755,0
-0.4873922580810112,78.307059,7.345815,1.126159114249687,1.514672149820058,0
-0.9660919885183562,28.027288,6.474959,-0.6440303199508335,0.0750339433226452,0
0.8905067813772332,82.874083,138.218187,0.6305060726735413,-0.7887489805758024,0
-0.33764960610805006,-82.91707,95.337899,-0.856453052054896,1.0827806878708341,0
0.7511952826468471,51.009477,-82.529623,-0.431607587846771,1.2267445085205755,1
-0.3098611605935983,83.658233,-77.585065,-0.14837727837468773,1.514672149820058,0
-0.6209389256525923,-10.594028,178.831336,1.6926197331938535,0.2189977639723865,0
-1.0356895973751845,29.963385,-40.632516,-0.856453052054896,1.0827806878708341,0
-1.467646138966898,23.246694,122.592389,0.48889091793749967,0.6508892259216102,0
0.15758787095610385,9.763746,59.018242,-0.28999243311072936,-0.6447851599260612,1
-1.2635892010602707,-27.996364,-58.273202,0.34727576320145803,1.6586359704697993,0
-1.053803801550786,31.670225,144.112811,-1.1396833615269792,0.36296158462212774,0
1.0484511970749457,60.187689,157.429195,0.4180833405694788,-1.3646042631747675,0
-0.7971577631681275,64.89595,-25.724987,-1.1396833615269792,-1.5085680838245088,0
-0.04739905738649762,70.016069,-95.626296,-0.856453052054896,-1.2206404425250263,0
-1.294832057388867,45.991064,-142.72937,-0.5024151652147918,-0.21289369797683735,0
0.7093519956338237,-53.711277,-0.792302,1.0553515368816662,1.6586359704697993,0
2.114008550836739,21.453987,-75.707162,0.9845439595136454,1.3707083291703166,0
-0.45773627674436596,56.977443,13.305363,1.6218121558258327,-1.5085680838245088,0
0.6325027811665855,-23.648133,58.730932,1.3385818463537495,1.0827806878708341,0
-1.2777328327027035,57.695367,-96.733285,-0.14837727837468773,-0.3568575186265786,0
-0.30127796001957574,-77.772248,-127.238194,-0.28999243311072936,-1.6525319044742501,0
-1.060045790818993,-18.990387,-45.171737,-1.4229136709990624,-1.2206404425250263,0
-0.3364184475135898,-89.356772,-12.439704,0.13485303109739558,0.0750339433226452,0
-1.3267936054883873,-76.415454,-5.248128,-1.1396833615269792,-1.5085680838245088,0
-0.11416235312042428,-43.073519,164.580879,1.126159114249687,-1.2206404425250263,0
-0.89377748337687,-72.705196,-29.502524,0.8429288047776038,1.3707083291703166,0
0.18592667754586265,88.582515,49.776719,-0.9272606294229168,-1.2206404425250263,0
-0.19299879909148987,-46.183596,-123.90673,-1.4937212483670832,-1.2206404425250263,0
-0.24521419327222502,52.645864,-97.793689,0.7013136500415621,-1.2206404425250263,0
-0.024856742060924992,-71.126762,165.014871,0.7013136500415621,0.506925405271869,0
-1.2428058286749364,38.7797,1.9803,1.4801970010897911,-1.076676621875285,0
-1.3658010434419046,64.518844,-31.760389,-1.7061439804711458,-1.2206404425250263,0
0.2160722854465191,3.508232,-99.939772,-0.0775697010066669,-1.076676621875285,0
-0.24660384369832444,-36.33319,155.890339,0.5596984953055205,1.514672149820058,0
0.3098310251381309,-34.250381,-113.031354,-0.0775697010066669,1.514672149820058,0
1.4449341703870717,-26.669045,68.594617,-0.9272606294229168,-0.7887489805758024,0
0.21120443488431384,-87.338412,31.625477,-1.1396833615269792,-1.3646042631747675,0
-0.17804442922823133,-30.163004,99.43372,0.8429288047776038,-0.5008213392763199,0
0.8842618914163702,53.535285,18.885668,-0.856453052054896,0.9388168672210928,0
-0.43300163588237556,-40.928229,-144.231099,-1.2812985162630208,-1.6525319044742501,0
-1.533905629858077,-11.867064,40.977625,-0.21918485574270855,0.0750339433226452,0
-1.533065057429609,36.717335,-130.134451,-1.635336403103125,-1.3646042631747675,0
-1.0944566663753013,33.210139,-151.948582,-0.9980682067909376,-1.076676621875285,0
0.38258948625738604,29.770061,-165.165469,1.6218121558258327,0.0750339433226452,0
2.203363042704766,-29.244912,-69.043995,0.6305060726735413,-1.3646042631747675,0
-0.4697212137673192,19.351594,108.410865,0.13485303109739558,0.9388168672210928,0
0.681670798345155,-62.419622,29.365442,1.3385818463537495,-1.5085680838245088,0
1.923705047811042,87.156224,100.774643,0.9845439595136454,1.2267445085205755,0
-0.3437636244612265,85.684379,-86.379865,0.9845439595136454,1.6586359704697993,0
-1.3305242257737688,-66.023262,120.45504,-0.9272606294229168,0.2189977639723865,0
-0.8025481952136402,31.605236,-84.077184,-1.0688757841589585,-1.6525319044742501,0
-0.15940637999785523,6.76768,110.263345,-0.856453052054896,-0.21289369797683735,0
0.13898045932572256,-63.341041,162.498636,1.6926197331938535,-1.6525319044742501,0
-1.0138457266550538,-0.129747,65.829947,0.5596984953055205,-1.076676621875285,0
-0.878076170692086,-20.685909,-32.653996,-0.9272606294229168,-0.7887489805758024,0
-0.09833971460875475,-9.731459,-57.090634,-0.5732227425828126,-0.9327128012255437,0
0.28457544337724405,1.054057,-121.607855,-1.1396833615269792,-0.9327128012255437,0
-1.3390003075101655,-14.050712,-38.650823,-1.210490938895,-0.06892987732709607,0
1.186979786316426,8.712176,-91.309849,-1.4937212483670832,-1.6525319044742501,0
0.9111698878832746,-8.371323,165.016086,0.7013136500415621,-0.5008213392763199,0
0.06531803294175012,89.575464,76.872461,0.5596984953055205,-0.6447851599260612,0
0.28314523147470533,72.025911,-115.567096,-1.2812985162630208,-0.6447851599260612,1
2.262874601302298,79.085069,98.206929,-0.856453052054896,-0.9327128012255437,0
-0.1681700109500676,-1.916407,-144.86213,0.34727576320145803,-0.9327128012255437,1
-0.8580591333287398,57.563473,-117.781529,-0.14837727837468773,0.36296158462212774,0
0.4390528654784078,22.646562,-4.368591,-0.431607587846771,-1.3646042631747675,0
0.3817691146693633,73.490253,138.125005,0.48889091793749967,0.9388168672210928,0
-1.2112689578742262,-6.945952,46.948509,-1.4937212483670832,-0.21289369797683735,0
-1.1595859589155662,-64.451065,-46.006179,1.126159114249687,0.0750339433226452,0
-0.20543426949869492,22.461231,-159.051228,1.2677742689857288,0.0750339433226452,0
-0.3698680158986788,13.75655,-104.313661,1.126159114249687,-0.21289369797683735,0
-1.522445095063939,67.618964,85.114463,-1.3521060936310416,-1.5085680838245088,0
1.6244976827231281,-11.956576,-124.958848,0.5596984953055205,1.3707083291703166,0
-0.2957449718709823,17.554266,39.481577,0.8429288047776038,1.6586359704697993,1
0.05188424592319357,-72.243704,155.480621,0.8429288047776038,0.0750339433226452,0
0.39566847266538724,56.368458,1.201216,1.3385818463537495,0.2189977639723865,0
0.08222269455649249,-37.03669,-84.622495,1.4801970010897911,-0.3568575186265786,0
-1.5378654694027214,-42.99335,-82.58338,1.196966691617708,-1.076676621875285,0
-0.7217655637934126,-85.222421,126.384697,1.551004578457812,-0.9327128012255437,0
-0.5797900596255031,44.452188,59.752806,1.0553515368816662,-1.3646042631747675,0
0.33360285246484545,5.745146,-9.106945,1.551004578457812,0.2189977639723865,0
-0.23863435653106993,-39.807802,35.7109,0.48889091793749967,1.0827806878708341,0
-0.19652445029847307,51.861502,91.057433,0.5596984953055205,-0.5008213392763199,0
-0.9144542927556102,-32.605823,-161.146666,1.551004578457812,-0.7887489805758024,0
0.2758672261528326,-83.168752,-57.90633,-0.14837727837468773,-1.2206404425250263,0
-1.1885197426092973,-88.944196,16.236211,0.7013136500415621,-0.6447851599260612,0
-0.16892244188700756,-42.839251,-54.453518,1.3385818463537495,0.9388168672210928,0
0.3552734329486617,-1.401108,84.544125,-1.5645288257351042,-1.6525319044742501,0
-1.0860536585420875,-0.534896,100.194618,0.9137363821456246,1.0827806878708341,0
-1.4185468813915834,-70.049754,161.946821,-1.4937212483670832,1.6586359704697993,0
-0.576465223810941,40.453071,33.465243,1.0553515368816662,-1.6525319044742501,0
-0.17010483072441743,-62.593301,138.482868,0.2056606084654164,1.3707083291703166,0
0.5987399520718247,-10.384972,126.549296,-1.0688757841589585,0.6508892259216102,0
0.5663804436749181,58.939765,-69.440003,-0.6440303199508335,-1.6525319044742501,0
-0.03789799444490455,-51.714252,-122.584749,-1.5645288257351042,-0.9327128012255437,0
-0.7815015793533616,-14.614446,117.134374,-0.7148378973188543,0.0750339433226452,0
-0.6414849974432371,-44.583159,-60.126751,0.4180833405694788,-0.3568575186265786,0
0.42818434609345424,22.816431,-25.011814,0.2056606084654164,-1.076676621875285,0
0.11406630813764276,32.970763,168.370506,0.06404545372937474,0.7948530465713516,0
1.6590985940288516,-49.176468,167.214527,-0.36080001047875015,0.9388168672210928,0
0.6934649330959244,56.799752,153.124588,0.5596984953055205,-1.6525319044742501,0
-0.32313578476555904,-24.820393,25.898557,-0.006762123638646077,-1.3646042631747675,0
-0.8046644570422902,53.859115,-107.807016,-1.4937212483670832,-0.3568575186265786,0
-0.7971727655669654,-16.186466,23.77534,-0.21918485574270855,-0.7887489805758024,0
4.128731576817969,7.876448,66.776341,-1.635336403103125,-0.06892987732709607,0
-0.4157272092691889,82.780092,8.395029,1.551004578457812,-0.5008213392763199,0
1.1821262836751287,-58.756852,-107.089905,-1.0688757841589585,-0.06892987732709607,0
2.084722282713086,30.324944,-48.505282,-1.0688757841589585,1.3707083291703166,0
-0.18913930160811776,49.852673,49.964319,-1.1396833615269792,-1.6525319044742501,0
0.08139083587481885,-52.06578,47.129129,0.6305060726735413,1.6586359704697993,0
0.6842255890108198,-0.604852,-50.450508,0.2056606084654164,0.6508892259216102,0
0.8731580803248963,-65.883685,105.340274,0.8429288047776038,-1.5085680838245088,0
0.7971674828306298,23.710621,-61.969738,-0.431607587846771,0.506925405271869,0
0.1419397709340993,82.53886,127.470369,-0.28999243311072936,1.0827806878708341,0
-0.2674458954738348,-75.06788,-105.161943,0.2764681858334372,-0.6447851599260612,0
-0.33038113630379096,82.935574,-167.207746,-0.006762123638646077,-1.076676621875285,0
0.9395302353552477,-68.940311,93.781492,1.4801970010897911,-1.6525319044742501,0
-0.9899032333350833,43.476701,-24.901831,-1.635336403103125,-1.3646042631747675,0
-0.45496845013020476,-19.556694,-96.181805,-0.9272606294229168,-1.5085680838245088,0
-0.06421402923061936,-17.083091,-136.731901,-1.5645288257351042,-1.3646042631747675,0
0.24100641577223778,45.196889,-104.83389,-0.0775697010066669,1.0827806878708341,0
-1.2826020663345594,59.737356,100.260043,-1.2812985162630208,1.6586359704697993,0
-0.5572523658852166,-31.339742,8.139976,-0.36080001047875015,-1.5085680838245088,0
0.335206385627415,6.846102,92.523144,0.48889091793749967,0.9388168672210928,0
-0.7090038513648618,50.013887,78.564727,0.8429288047776038,0.6508892259216102,0
-0.7672668456022333,45.088565,-136.684947,-0.36080001047875015,0.36296158462212774,0
3.406711313687825,89.73308,-28.395634,1.4801970010897911,-0.6447851599260612,0
-1.3554484798033821,-13.100722,-75.865637,-1.635336403103125,-1.2206404425250263,0
-1.3424160443437596,4.480057,150.289611,0.9845439595136454,-1.3646042631747675,0
-0.775710240738755,-84.301925,-40.256704,1.196966691617708,-1.5085680838245088,0
-0.4637874531524273,42.088261,27.307172,-0.36080001047875015,1.2267445085205755,0
0.25749498255417164,42.638848,143.914809,0.6305060726735413,1.0827806878708341,0
-1.105441883026676,68.453517,167.41062,-0.7856454746868751,0.506925405271869,0
-0.3854656504967208,1.940383,173.099375,-0.856453052054896,0.9388168672210928,0
-0.4059584936633771,-79.302281,149.700115,1.4093894237217703,-0.21289369797683735,0
-0.6538441017509997,-54.848059,-150.706785,-1.3521060936310416,0.9388168672210928,0
0.8626128303604015,66.277306,27.107106,1.0553515368816662,-0.6447851599260612,0
-0.8914806462286405,-2.514953,-53.707021,-0.28999243311072936,-1.5085680838245088,0
-0.8411743684428864,42.690241,111.66233,-1.1396833615269792,-1.6525319044742501,0
1.4340503746003517,9.615017,-111.338659,-0.431607587846771,-0.6447851599260612,0
-0.24314827573082762,-26.428751,-104.749349,-1.4229136709990624,-0.5008213392763199,0
-0.6952772888485722,-40.269972,96.72361,-0.9980682067909376,0.6508892259216102,0
-1.5362882721801279,-17.68144,-163.038261,0.8429288047776038,-0.21289369797683735,0
1.5912094500982885,-15.933359,61.949667,1.126159114249687,0.6508892259216102,0
-0.14854778940999888,-39.695797,81.346759,-0.5024151652147918,0.6508892259216102,0
0.5187788255728293,-28.973794,-90.164785,0.7721212274095829,0.36296158462212774,0
-1.2549476419289718,-54.084654,-104.072695,-0.9272606294229168,1.3707083291703166,0
0.39430023632554373,-12.375617,-83.128502,-0.7148378973188543,0.506925405271869,0
-1.2095280776051671,36.828511,-80.093415,1.6218121558258327,-1.3646042631747675,0
0.12192368846754714,74.050941,111.2483,1.6218121558258327,1.0827806878708341,0
-1.4454095905244533,-83.773815,-157.37467,0.4180833405694788,1.514672149820058,0
-0.41978228920466953,-37.024825,-24.145658,-0.9272606294229168,1.514672149820058,0
-0.3483251807286262,9.753337,-141.202181,0.2764681858334372,-0.5008213392763199,0
1.4933894450305898,61.913566,162.38891,-1.5645288257351042,-0.7887489805758024,0
-0.22534788908157813,-5.269087,-179.377541,-0.6440303199508335,0.2189977639723865,0
0.39655388959249227,68.516133,108.237546,-1.7061439804711458,-0.7887489805758024,0
1.0052336285079813,-51.33008,86.442723,1.6218121558258327,-0.06892987732709607,0
-0.04829128342755126,45.610681,-158.654499,0.2056606084654164,1.2267445085205755,0
-0.6009849316747538,69.67243,149.960121,-0.14837727837468773,-0.21289369797683735,0
1.5800417329569976,-51.909425,-92.587432,-0.7856454746868751,1.514672149820058,0
1.3850364751917192,84.847768,-81.700656,-1.1396833615269792,-0.21289369797683735,0
0.7020401158822187,-19.906669,-87.450164,-0.9272606294229168,-0.06892987732709607,0
0.48389040469675515,-88.944946,97.588478,0.2056606084654164,1.0827806878708341,0
-0.07186115949578628,-39.177266,55.474597,-0.7856454746868751,0.506925405271869,0
-1.3269766152886417,-58.897364,-103.535467,-0.006762123638646077,-0.3568575186265786,0
1.3036801488046343,-84.370919,84.255799,0.2764681858334372,1.2267445085205755,1
-0.044323395285655605,-2.165278,-156.9472,-0.36080001047875015,-0.21289369797683735,0
0.2454139528795067,-3.272245,-168.239435,0.5596984953055205,-0.06892987732709607,0
0.8585945618880082,57.177133,149.559402,0.2764681858334372,-1.6525319044742501,0
-0.22647650374641307,-41.205682,-164.352299,-0.36080001047875015,1.0827806878708341,0
1.3835293877871562,-18.915098,10.72848,0.6305060726735413,-1.076676621875285,0
-1.043933923740669,-57.436638,-25.809273,0.5596984953055205,-0.6447851599260612,0
-1.4318690093965143,-53.40816,-34.232918,0.6305060726735413,-1.5085680838245088,0
-0.3874162317102248,-49.060254,-177.467094,0.48889091793749967,0.6508892259216102,1
1.1129334517393195,46.683605,94.553743,-1.1396833615269792,-0.7887489805758024,0
-0.571429838522838,-79.17566,-36.156203,1.6926197331938535,0.9388168672210928,0
-1.026116764541587,88.305197,136.842869,1.6926197331938535,-0.6447851599260612,0
1.1019095905187726,-5.107039,72.222463,1.126159114249687,-0.6447851599260612,0
-0.39007145295609824,-1.966035,132.572367,-0.5024151652147918,0.36296158462212774,0
3.896827967736058,-30.2999,-78.772921,-1.635336403103125,1.514672149820058,1
-0.9532758117520053,0.198512,-171.627653,1.6926197331938535,0.506925405271869,0
1.6548744792960872,35.479011,-136.011113,0.9845439595136454,-1.076676621875285,0
1.5978358798765586,-51.900577,171.48521,-1.635336403103125,-0.21289369797683735,0
-0.5548081773897202,-28.591561,128.774678,0.9845439595136454,-0.7887489805758024,0
-1.1402118060708777,-4.04694,128.826279,1.4801970010897911,0.6508892259216102,0
-0.05387993703963356,74.212355,-89.848722,-0.14837727837468773,-0.9327128012255437,0
1.946794199447184,-81.523265,-145.26327,0.8429288047776038,0.2189977639723865,0
-1.1594937034168769,43.964145,-19.33346,0.06404545372937474,1.0827806878708341,0
-0.7072507679881753,16.608238,-162.126108,-0.5024151652147918,0.0750339433226452,1
-0.5667800083511434,-46.167783,-93.033813,0.4180833405694788,1.3707083291703166,0
0.11396541965351963,63.909402,-51.56522,0.8429288047776038,-0.21289369797683735,1
-1.5344316943176246,37.794752,-18.835797,-0.7856454746868751,-0.21289369797683735,0
-0.9997496812145428,-64.544356,82.612728,0.06404545372937474,1.6586359704697993,0
0.440141741671059,-77.478576,175.864704,0.2764681858334372,1.2267445085205755,0
-1.1740889237495835,28.113236,-15.513228,0.6305060726735413,-0.21289369797683735,0
-0.06973945023119565,-75.467183,-144.346599,0.5596984953055205,-1.5085680838245088,0
0.7963694480051122,85.844396,3.587836,1.126159114249687,-0.7887489805758024,0
-0.007557951257961814,-53.324235,72.308707,-0.006762123638646077,-0.7887489805758024,0
1.2747991939141248,-23.945017,-101.687371,-1.2812985162630208,-0.21289369797683735,0
0.6838509976014548,27.297416,150.346823,-0.14837727837468773,-1.076676621875285,0
-0.5763185023526748,-18.77867,-166.246491,-0.7856454746868751,1.514672149820058,0
-0.8890450042779876,-51.314851,20.966918,0.7013136500415621,-0.5008213392763199,0
-0.4910429937477157,0.35664,-158.416861,0.7013136500415621,0.506925405271869,0
-0.26934945840665664,35.292335,-142.563473,-1.4937212483670832,-0.6447851599260612,0
1.4276550133354915,-49.537706,175.032895,-1.4937212483670832,-0.6447851599260612,0
-0.5023718612766138,17.556668,50.346351,1.126159114249687,-0.6447851599260612,0
0.2935413954285063,-84.864104,-88.286663,0.48889091793749967,-1.3646042631747675,0
-0.4245536728982733,43.580048,82.775557,-0.5024151652147918,1.3707083291703166,0
0.7591684359669584,-16.384316,-135.9573,-1.210490938895,-1.2206404425250263,0
0.17989078147651777,29.350544,43.891608,1.4801970010897911,-0.5008213392763199,1
-0.4922097417082574,87.533378,170.510564,-0.0775697010066669,-0.7887489805758024,0
0.28391143686286185,88.400148,-81.245987,0.2056606084654164,1.2267445085205755,1
-0.11500665828484676,-59.053075,-116.365761,1.4801970010897911,-1.6525319044742501,0
-1.1225013491779499,68.923462,106.675618,-0.5024151652147918,0.2189977639723865,0
-0.7769894785568843,20.536747,-88.520508,-0.7148378973188543,1.2267445085205755,0
0.0483207155502342,-18.142881,71.704453,-1.635336403103125,1.0827806878708341,0
0.2929659621340867,19.551983,75.428093,0.7721212274095829,0.36296158462212774,0
1.4331174833906908,24.298061,-152.785374,1.126159114249687,-0.3568575186265786,0
0.43362183434162027,-72.586231,-112.502244,0.5596984953055205,-0.6447851599260612,0
1.6472859175227643,58.744761,-105.679989,-1.635336403103125,0.2189977639723865,1
-0.17662396566875196,-44.539988,117.462044,0.4180833405694788,-1.2206404425250263,0
-0.5879431171455256,-80.767858,176.083822,0.7013136500415621,1.0827806878708341,0
1.8105105957927905,-38.494971,84.60445,-0.856453052054896,1.6586359704697993,1
1.8722889748439386,56.535888,90.119252,-1.635336403103125,-1.5085680838245088,0
0.44104743612978076,18.788199,105.602916,-1.0688757841589585,-0.5008213392763199,0
-0.019648008115623977,11.505415,32.306462,-0.21918485574270855,1.3707083291703166,0
0.8179995627186287,-1.143591,-82.237775,-0.9272606294229168,-0.3568575186265786,0
-0.5168733190606348,28.790548,69.467888,0.6305060726735413,0.7948530465713516,0
2.0975212284586604,63.540171,-85.772906,-0.0775697010066669,0.506925405271869,0
-1.3197575775200492,8.416456,-137.045751,1.196966691617708,-0.9327128012255437,0
-0.8375645395375353,52.826615,68.790527,0.6305060726735413,0.7948530465713516,0
2.0934564385083445,43.172027,-153.091664,1.551004578457812,1.3707083291703166,0
-1.0415701691179935,23.529347,17.704233,1.6926197331938535,-0.5008213392763199,0
0.559040293312878,-36.599846,-106.027191,-1.210490938895,0.6508892259216102,1
-0.521496058080793,73.84374,40.844131,0.4180833405694788,-1.5085680838245088,0
0.7287934793448613,-13.599642,119.732708,-1.2812985162630208,1.3707083291703166,0
0.7779819633215437,25.734114,-157.004037,0.5596984953055205,0.6508892259216102,0
0.04931780050520386,-7.777525,176.649528,0.13485303109739558,-0.6447851599260612,0
-0.6218458154942527,6.81215,-62.597291,-0.0775697010066669,1.514672149820058,0
1.3941052659947446,-8.042355,111.763224,1.4093894237217703,-1.2206404425250263,0
0.7960552010959674,-63.843578,-162.097345,-0.856453052054896,1.6586359704697993,1
-0.2376554870695323,-61.439829,113.460078,-1.1396833615269792,0.6508892259216102,0
-1.3338237621426465,-3.440419,59.708095,1.551004578457812,-1.6525319044742501,0
-0.895085823236191,-57.247159,130.234765,-0.431607587846771,1.6586359704697993,0
-0.9592895234778865,-16.646926,65.065201,1.6218121558258327,-1.3646042631747675,0
0.15797786345649265,37.465963,131.547808,-0.7856454746868751,-1.3646042631747675,0
-0.29095888987419627,-61.196485,83.734305,0.7013136500415621,-1.076676621875285,0
0.2282839871857118,-44.435287,-10.736492,1.0553515368816662,1.3707083291703166,1
-1.496765442377974,74.795334,-176.715934,1.6218121558258327,1.3707083291703166,0
-0.17839941124380018,67.601078,27.401728,-0.9980682067909376,-0.06892987732709607,0
-1.37305915780745,-19.767841,-67.084544,-0.6440303199508335,1.2267445085205755,0
-0.23272220065632773,87.948798,-133.702303,1.126159114249687,-0.6447851599260612,0
-0.5886677148747141,-78.849622,-147.529235,-1.4229136709990624,1.2267445085205755,0
-0.7360578175807263,24.028802,-80.540152,1.551004578457812,-0.5008213392763199,0
0.7356836958413051,-65.150388,27.552981,0.7013136500415621,0.9388168672210928,0
-1.2830964018996969,78.044142,145.78528,0.7013136500415621,-0.7887489805758024,0
-0.7855424207885822,-29.921287,-20.915435,-0.431607587846771,1.2267445085205755,0
-1.0527419990366433,28.761265,151.891301,-0.9272606294229168,-0.6447851599260612,0
-0.45514813227105827,78.651379,-39.51375,-1.1396833615269792,0.506925405271869,0
-0.7222456901533004,23.689852,46.525061,0.2764681858334372,1.3707083291703166,0
-1.3872161635514189,-47.469126,-90.027193,1.4093894237217703,-0.5008213392763199,1
-0.2693674699311941,47.942629,3.253211,-0.21918485574270855,-1.3646042631747675,0
-1.546393189862609,-25.974375,29.641799,1.4801970010897911,-1.3646042631747675,0
-1.1833978244101144,15.139429,-64.311484,1.196966691617708,0.6508892259216102,0
-1.0600298239937083,-38.348631,137.611957,-1.4229136709990624,-0.3568575186265786,0
-0.08483725782434501,4.932269,86.62454,1.551004578457812,-0.6447851599260612,0
-1.1390262267031197,30.289416,-84.176457,1.551004578457812,1.514672149820058,0
-1.0385258547025753,25.865522,154.273718,1.6218121558258327,0.0750339433226452,0
-0.8643077710520667,-19.84386,-48.678084,-1.7061439804711458,0.9388168672210928,0
0.816854368230466,56.227623,153.281637,-1.210490938895,1.6586359704697993,0
-0.09212495369556886,-15.295938,0.780308,0.7013136500415621,-1.2206404425250263,0
-0.12782037973000418,-51.395308,157.482524,1.6218121558258327,-0.6447851599260612,0
0.41055527437665507,81.369218,105.795424,-1.5645288257351042,1.3707083291703166,0
-0.8752124246243475,-68.291986,12.156271,1.0553515368816662,-0.06892987732709607,0
-1.0023130476280901,-26.668194,38.717219,0.7721212274095829,-0.3568575186265786,0
-0.9169655829797206,26.045278,-3.901995,1.6926197331938535,-0.6447851599260612,0
-0.741683257273605,-53.886942,-113.398044,-1.635336403103125,-1.5085680838245088,0
-0.9441250459965027,43.265761,-11.684958,1.2677742689857288,-1.3646042631747675,0
0.633643117177545,23.966094,-116.283491,0.9137363821456246,1.3707083291703166,0
0.2374878598715819,64.901438,-5.395557,1.126159114249687,0.9388168672210928,0
3.966312594096657,-80.159354,108.354109,0.34727576320145803,1.2267445085205755,0
-0.089427016474469,63.676177,-55.056221,1.4801970010897911,-1.5085680838245088,0
-0.026840317793906436,-34.990713,24.994033,0.2056606084654164,-1.3646042631747675,0
0.72140639711694,5.716458,-132.237841,-1.4229136709990624,1.3707083291703166,0
0.7756132271743886,-36.645925,-68.736798,-0.431607587846771,-0.06892987732709607,0
0.11312448501786593,77.261242,-162.565977,1.2677742689857288,1.2267445085205755,0
1.062117204839989,56.262764,61.724178,1.551004578457812,-0.9327128012255437,0
-1.3716817535900554,41.154305,158.440586,0.34727576320145803,-1.076676621875285,0
0.4688532901323243,11.885364,-43.628174,-1.635336403103125,-0.7887489805758024,0
-1.367700032371761,7.625107,-124.155351,0.7013136500415621,-0.6447851599260612,0
1.2093165661651775,81.014068,84.2909,-0.14837727837468773,0.2189977639723865,0
-1.3650462534307626,39.596408,150.65886,1.126159114249687,1.0827806878708341,0
-0.3710270210058569,-21.908519,-36.844464,-0.28999243311072936,-1.6525319044742501,0
-0.13745794411382337,23.252157,-82.848397,0.2056606084654164,0.0750339433226452,0
4.044744981903846,73.344796,-110.586199,1.0553515368816662,0.6508892259216102,0
1.0787665557163688,-60.961119,-126.019406,-0.431607587846771,0.36296158462212774,0
-1.2028949081755156,32.906303,66.353168,-1.635336403103125,0.506925405271869,0
-0.8761197608352044,33.123199,-142.199657,1.2677742689857288,-1.076676621875285,0
-0.7691578326949354,-88.828618,-42.720802,-0.7856454746868751,-0.06892987732709607,1
-1.4832234590923337,55.1819,-19.230069,-0.14837727837468773,-0.21289369797683735,0
-0.9188987509346543,-34.376995,102.050332,-1.5645288257351042,-0.6447851599260612,0
0.7356214989088974,-83.283296,86.374251,-0.006762123638646077,0.6508892259216102,0
0.5508109363886953,62.790099,36.200256,-1.4937212483670832,0.6508892259216102,0
-1.1600847003648702,-39.680494,168.880199,-0.36080001047875015,-1.6525319044742501,0
-1.0872817831486354,25.952671,154.090886,0.4180833405694788,0.7948530465713516,0
-0.17567781257678242,85.734844,40.533902,-1.0688757841589585,0.6508892259216102,0
-0.5276519121725887,77.110017,-45.470951,-0.0775697010066669,1.2267445085205755,0
2.1516877865104598,76.122068,173.4923,1.6218121558258327,0.2189977639723865,0
-0.6508216408353384,-88.754413,-143.601651,-1.2812985162630208,-1.2206404425250263,0
0.2039819593662663,-30.864703,76.324443,-0.9272606294229168,1.6586359704697993,0
-0.4142554097420915,-70.860958,-150.407507,0.48889091793749967,0.36296158462212774,0
0.5675256815114516,-58.658008,-170.768024,1.2677742689857288,-1.3646042631747675,0
0.16865278038487985,43.849713,77.075159,0.6305060726735413,0.2189977639723865,0
-0.4161303367936035,-37.848754,134.650418,0.5596984953055205,-0.9327128012255437,0
-1.2432558030015952,-55.238136,-104.109661,-1.5645288257351042,-0.5008213392763199,0
-1.3968050375041139,52.70504,121.638585,-0.7856454746868751,1.514672149820058,1
-1.3795887304476875,81.867303,137.693661,1.2677742689857288,0.2189977639723865,0
-0.05091081690673089,-25.413848,-105.03709,1.0553515368816662,1.514672149820058,0
0.9649729202288538,21.546896,-8.677084,1.3385818463537495,-1.2206404425250263,0
-0.7012928409495374,-25.477877,-51.091073,1.4801970010897911,-0.06892987732709607,0
-0.6464261604827306,68.563313,165.584341,-0.0775697010066669,0.506925405271869,0
-1.5282775540661762,-81.316121,-43.104258,-1.635336403103125,-1.076676621875285,0
-0.8412771841530675,-40.204277,58.620873,-0.6440303199508335,1.2267445085205755,0
-1.0418932568088255,-2.906456,-60.660642,0.34727576320145803,1.3707083291703166,0
0.00905163203025681,19.457054,8.181197,1.6926197331938535,-1.3646042631747675,0
-0.7055682336248588,-30.250911,100.833307,-0.5024151652147918,1.0827806878708341,0
-0.46647344943245284,-38.657378,-100.770526,-0.7856454746868751,1.2267445085205755,0
-0.6054205395394398,70.305205,-116.849535,0.5596984953055205,-0.21289369797683735,0
-1.0588544720950424,-28.432968,143.799478,0.48889091793749967,-1.2206404425250263,0
-0.7543104303460607,-76.59106,-12.710051,1.6926197331938535,-1.5085680838245088,0
-1.2611509062008963,-29.0057,54.512984,0.9137363821456246,1.6586359704697993,0
-0.9409286461811696,50.984934,112.482125,-0.5732227425828126,0.36296158462212774,0
-0.2762632304721362,5.938419,65.850616,-1.210490938895,0.7948530465713516,0
1.448646667395715,-56.986844,-7.124826,-1.5645288257351042,1.3707083291703166,0
0.3731927877899256,-84.03683,-72.338294,1.2677742689857288,-0.06892987732709607,0
-0.666999466488724,-42.669264,32.674275,0.48889091793749967,1.3707083291703166,0
-1.4286240952817741,-18.491673,142.656942,-1.4937212483670832,0.36296158462212774,0
-0.13943399776341822,-36.39467,144.569825,-0.856453052054896,0.36296158462212774,0
0.6029042017501216,20.992721,-103.628501,-1.2812985162630208,-0.21289369797683735,0
-0.3533847532488405,-3.956595,-109.619985,1.551004578457812,-0.21289369797683735,0
-0.13266099266704492,-62.957947,39.203031,1.126159114249687,-1.3646042631747675,0
-0.6903075226764751,-31.301363,109.564845,0.48889091793749967,-0.06892987732709607,0
-0.0911966610664572,-57.741644,74.763347,1.196966691617708,-0.21289369797683735,1
-1.274836959839021,54.878952,-143.136208,-0.006762123638646077,0.6508892259216102,1
-0.12565752960271956,-67.283836,-5.268679,0.9137363821456246,1.3707083291703166,0
2.448552034960603,10.377367,-21.18084,-1.0688757841589585,0.9388168672210928,0
0.6169169716941834,5.800415,27.968358,0.9845439595136454,-0.9327128012255437,0
2.5358554782434912,54.799245,10.017025,-1.7061439804711458,1.0827806878708341,0
-0.6223850166296452,-87.671586,27.995112,1.4801970010897911,-0.06892987732709607,0
-1.2394776153714546,67.384816,102.482845,-0.14837727837468773,-1.076676621875285,0
-0.8381941808712522,-61.633357,-63.687752,-0.431607587846771,-0.9327128012255437,1
-1.4492471000671674,-6.46841,141.430785,1.6218121558258327,-1.3646042631747675,0
1.1860621499834283,-62.702011,147.532598,1.126159114249687,1.2267445085205755,0
-1.5008861635689146,89.576839,-166.719565,0.34727576320145803,1.514672149820058,0
0.9322140966346126,-62.654671,141.850744,1.2677742689857288,1.2267445085205755,0
-0.9520039173547021,56.396488,82.65902,-0.14837727837468773,1.2267445085205755,0
1.1054853467309058,60.033607,-176.732572,0.7721212274095829,-0.7887489805758024,0
-1.2760424240546093,45.781173,-93.312606,0.34727576320145803,0.506925405271869,0
-0.31559175565382963,88.344939,-152.219629,-1.635336403103125,0.0750339433226452,0
0.6530541588389306,-84.893855,-126.309193,1.2677742689857288,0.9388168672210928,0
-0.2904648943655055,2.972247,130.066751,0.5596984953055205,0.36296158462212774,0
-0.07753313704236962,81.609068,-51.394292,-0.21918485574270855,-0.7887489805758024,0
0.38894653395857154,13.890935,-35.003611,-0.6440303199508335,0.9388168672210928,0
-0.07155540299458509,-23.657822,-86.530902,0.4180833405694788,-1.3646042631747675,0
0.6023909538693938,-75.658583,159.910978,-0.21918485574270855,0.506925405271869,0
-0.6834362949964745,14.929685,147.106547,0.7721212274095829,-1.6525319044742501,0
-0.5514843751577597,75.019427,-128.728766,0.5596984953055205,1.3707083291703166,0
-0.6138914379115322,48.806201,127.148956,1.2677742689857288,0.9388168672210928,0
-1.5034274111172592,2.815241,-36.939142,-1.3521060936310416,-0.5008213392763199,0
0.37509102084500495,85.79773,-95.506159,0.2764681858334372,-0.9327128012255437,0
1.1269944971455796,46.059231,96.086768,-0.14837727837468773,0.506925405271869,0
0.8304733979457606,-81.951564,-90.185821,0.13485303109739558,-0.7887489805758024,0
-0.40155644545494523,-85.318725,64.2704,1.126159114249687,-0.9327128012255437,0
-0.8565506949214222,-4.322469,44.550607,0.6305060726735413,-1.3646042631747675,0
0.8920926499674837,-10.049097,53.540926,1.3385818463537495,-0.21289369797683735,1
0.498555661211125,34.046895,-139.779069,-1.5645288257351042,-0.06892987732709607,0
1.9853320820413605,-26.834487,-113.211758,1.0553515368816662,-0.9327128012255437,0
-0.8007355889511055,75.087473,-98.182911,-0.9980682067909376,0.36296158462212774,0
0.436764133900668,62.304303,-31.695561,0.34727576320145803,-1.076676621875285,0
-0.07504398748535579,-39.690285,-25.581177,1.126159114249687,1.6586359704697993,0
1.1985014156008122,66.089442,-138.900201,-1.2812985162630208,1.0827806878708341,0
1.3310864662972675,39.618306,-63.374127,0.06404545372937474,-0.21289369797683735,0
-0.4315614015722397,-61.088805,54.4381,-1.4229136709990624,1.3707083291703166,0
-0.8570728016776772,12.820456,100.084348,-0.431607587846771,-0.5008213392763199,0
-0.5938781227747524,-70.639547,55.96835,-0.21918485574270855,0.36296158462212774,0
0.5070518540203709,-46.478234,161.193698,0.13485303109739558,0.9388168672210928,0
-1.2673510776738974,-74.574415,43.953208,-1.3521060936310416,0.2189977639723865,0
0.06972098632877781,31.041439,117.007516,-1.0688757841589585,0.7948530465713516,0
0.7587339038725367,7.194512,40.084119,1.196966691617708,-0.06892987732709607,0
-0.345981074411025,81.024298,-17.157568,-0.006762123638646077,1.6586359704697993,0
0.5914828430461885,-40.121695,132.359666,-1.635336403103125,0.9388168672210928,0
-0.28508664825225516,10.210204,90.082493,-0.006762123638646077,-1.5085680838245088,0
-0.8526097265957736,51.907754,-79.37895,-0.14837727837468773,0.6508892259216102,0
-0.4191153069619018,82.904743,25.29048,-1.2812985162630208,1.514672149820058,0
-0.631090426237464,30.480644,-90.980764,-1.4229136709990624,-0.9327128012255437,0
-1.501886441899052,-72.254478,-171.617991,0.4180833405694788,1.2267445085205755,0
-1.225180161128078,-68.200198,90.372662,-0.006762123638646077,-1.5085680838245088,0
-0.4553431678793045,-37.514813,156.696714,-0.14837727837468773,0.7948530465713516,0
0.10374394519238027,89.734769,132.597816,-0.856453052054896,0.36296158462212774,0
2.94913917253104,-19.621623,-148.201818,-0.14837727837468773,-1.6525319044742501,0
-1.0382635769495412,23.434616,-81.410146,-1.210490938895,-1.5085680838245088,0
0.4134516766877659,-28.869064,172.49331,0.8429288047776038,1.6586359704697993,0
0.17681192626501266,78.968932,96.338997,0.34727576320145803,-0.21289369797683735,0
-0.6908462707287889,-23.44792,-103.147662,-0.5024151652147918,-1.2206404425250263,0
1.101469885161872,29.046854,-147.725552,-0.7856454746868751,-1.3646042631747675,0
0.44519271198754373,-43.12953,-130.418551,0.9845439595136454,0.0750339433226452,0
-0.34650818605855616,25.685872,-132.376163,-0.28999243311072936,-0.6447851599260612,0
-0.01588928380350313,-32.811308,138.265485,0.8429288047776038,1.0827806878708341,0
-0.0503277640764825,-82.174377,167.285223,-0.856453052054896,0.36296158462212774,0
-0.8999537457880619,78.117536,72.806404,-1.210490938895,0.7948530465713516,0
-1.5012425200869062,-60.084253,78.605874,0.4180833405694788,-1.3646042631747675,0
1.2473771531862825,11.29708,-121.088302,-0.9980682067909376,-1.6525319044742501,0
0.09512900036935323,-86.042407,-37.655231,0.34727576320145803,0.6508892259216102,0
2.927914732729378,-49.788609,-117.248528,0.13485303109739558,-0.5008213392763199,0
-0.7594147881164817,62.225837,43.021718,1.6218121558258327,1.2267445085205755,0
0.18449735430516803,69.734133,-143.196434,0.2056606084654164,0.9388168672210928,0
-0.7482456264280739,73.196627,12.214292,0.2764681858334372,-1.3646042631747675,0
-0.3749180162767662,37.690481,-80.980981,1.0553515368816662,0.36296158462212774,0
-1.0822113124091335,33.445516,136.103734,1.4801970010897911,1.3707083291703166,0
0.3531689890253883,-24.570928,40.590223,0.9137363821456246,0.7948530465713516,0
-0.23116104086111747,-81.435471,-159.687708,-1.1396833615269792,-0.6447851599260612,0
-1.3352869475176878,60.625274,-132.856428,-1.0688757841589585,-0.21289369797683735,0
0.49690338197084566,62.094293,-138.086264,-0.21918485574270855,0.6508892259216102,0
1.720937945812836,23.186016,-67.019497,-0.7856454746868751,1.6586359704697993,0
-0.8596633796156614,41.506141,38.594297,0.7721212274095829,-0.21289369797683735,0
-1.047164401931931,-35.764658,-17.267795,-1.0688757841589585,-0.06892987732709607,0
0.3095533204719579,-64.579061,29.708566,0.8429288047776038,-0.3568575186265786,0
-0.7864489832241321,66.539929,-18.742187,1.196966691617708,1.3707083291703166,0
0.2548117436891487,60.852069,-178.98994,-1.635336403103125,0.7948530465713516,0
-1.4900700867833323,-36.172737,49.756408,-1.4937212483670832,0.2189977639723865,0
-0.07965295347532936,-72.6666,-6.836708,1.6926197331938535,0.6508892259216102,0
0.1771331360576607,-49.638918,159.512664,-0.5732227425828126,0.36296158462212774,0
0.2675869065805438,43.321655,100.056234,-0.7148378973188543,-0.21289369797683735,0
-1.1831916078098101,-44.169739,-116.505509,-1.210490938895,-0.3568575186265786,0
1.7949134641475997,-63.541147,-75.365462,1.4093894237217703,0.2189977639723865,0
-1.3124042356814019,-47.295958,93.297895,-1.5645288257351042,-1.076676621875285,1
-0.2720256921302876,70.123112,163.368001,-1.7061439804711458,1.3707083291703166,0
0.6001681685016285,-16.150866,101.253764,-0.9272606294229168,1.0827806878708341,0
-0.46238336374746275,-51.212066,137.831067,-1.635336403103125,1.3707083291703166,0
-0.6524937824814014,-67.692206,-123.251116,0.13485303109739558,0.36296158462212774,0
-1.3217585810977308,-74.924623,-164.498029,-1.1396833615269792,0.2189977639723865,0
-0.9058918982885138,-5.011256,-75.202224,-1.4937212483670832,0.0750339433226452,0
-0.2983052095086525,-53.16365,59.828785,1.4801970010897911,1.3707083291703166,0
-1.5153685550633724,-34.041537,-145.784645,0.4180833405694788,-0.06892987732709607,0
0.5875704921583219,-78.341449,108.915683,-1.4229136709990624,1.2267445085205755,0
-0.5460363696120415,-22.756906,141.582658,-0.36080001047875015,-1.6525319044742501,0
0.18290519237041908,-55.543611,140.052235,1.3385818463537495,-0.9327128012255437,0
-0.0047729927472353354,83.745582,171.694179,-0.0775697010066669,0.506925405271869,0
-0.7902792314933186,4.670164,5.959532,-0.856453052054896,-0.3568575186265786,0
-0.4114291350978381,-67.6715,-147.978982,1.2677742689857288,0.2189977639723865,0
-0.9565275177184279,-33.27325,162.266265,0.48889091793749967,-1.6525319044742501,0
-0.08614716154478977,-15.172035,-45.762473,1.126159114249687,1.2267445085205755,0
1.8204598424601517,11.063648,159.094541,0.13485303109739558,-0.3568575186265786,0
0.7620408784685629,-84.951549,109.163025,0.06404545372937474,0.7948530465713516,1
2.6103507745020647,87.260074,-41.864408,0.48889091793749967,-1.2206404425250263,0
-1.525724069984631,-89.849154,94.929898,-0.5732227425828126,-0.6447851599260612,1
-0.6640287988538257,-32.746336,134.263269,-0.5024151652147918,0.2189977639723865,0
-0.45767301894347234,80.850926,8.710951,0.34727576320145803,-0.21289369797683735,0
-0.7194482818740946,-46.520616,-124.609475,-1.0688757841589585,-0.9327128012255437,0
-0.25479571017597596,22.883852,-44.974084,0.2056606084654164,0.36296158462212774,0
-0.23066735226326696,-69.842698,-53.399724,0.6305060726735413,1.2267445085205755,0
0.1914422675744804,55.73233,-145.194487,0.4180833405694788,0.36296158462212774,0
-0.17883550686486493,15.852958,-28.521599,-0.36080001047875015,0.36296158462212774,0
-1.286772841367815,-56.168274,155.914481,-0.7148378973188543,-1.5085680838245088,0
-0.11397171623874797,70.2201,-137.771393,-0.36080001047875015,-0.06892987732709607,0
0.6837215849387294,-55.737622,-140.526539,-0.0775697010066669,1.2267445085205755,0
1.0526836160224087,-72.413578,9.129231,1.6926197331938535,-0.7887489805758024,0
0.0628429973796284,-81.336021,-133.723515,-1.210490938895,-0.7887489805758024,0
2.9894845287158973,-12.392331,-171.635786,-1.3521060936310416,0.9388168672210928,0
-0.8008244249279894,-33.027708,-178.30111,-1.0688757841589585,0.7948530465713516,0
0.6446208271212103,8.19671,-25.507187,0.06404545372937474,0.9388168672210928,0
0.645655741085165,-1.976107,-54.136419,1.4801970010897911,1.3707083291703166,0
-1.3494611670092294,-15.979057,-16.502187,-1.0688757841589585,-0.21289369797683735,0
-0.2560175162957187,30.815257,-134.186353,0.34727576320145803,-1.5085680838245088,1
-1.2190545923521119,-68.834622,-104.908487,-1.4937212483670832,0.6508892259216102,0
-0.4036614936024526,11.109258,-105.516517,0.7721212274095829,-0.9327128012255437,0
0.282730097656197,5.680298,69.512445,0.8429288047776038,-0.6447851599260612,0
-1.0574419760059963,-73.328478,100.019369,-0.856453052054896,1.6586359704697993,0
-1.178744691911378,5.218705,-133.963685,1.196966691617708,-0.9327128012255437,0
0.3522771557355446,-14.715895,-9.979386,-0.9980682067909376,-1.2206404425250263,0
-0.6698835255915202,-19.788875,106.159133,0.48889091793749967,1.2267445085205755,0
-1.317099478528654,45.694051,-118.015737,1.551004578457812,1.3707083291703166,0
-0.19924243393097613,26.014711,-105.133945,-0.9980682067909376,-0.3568575186265786,0
3.969306833512204,77.353793,15.778005,0.2764681858334372,-0.3568575186265786,0
-0.17220816647931794,17.467825,116.52672,1.0553515368816662,-1.3646042631747675,0
0.1750878317149795,-15.878313,101.959063,0.34727576320145803,0.2189977639723865,0
0.2576563197702403,82.088133,0.962035,1.6926197331938535,0.506925405271869,0
-1.1719373587315152,-35.937819,162.659376,-0.6440303199508335,1.6586359704697993,0
-0.6091011877466421,-36.050193,72.139496,-0.0775697010066669,0.506925405271869,0
-0.05454707936285607,-64.133078,-82.312806,-0.5732227425828126,-0.9327128012255437,0
0.36666302926983113,60.074093,-110.982179,-1.4229136709990624,-0.21289369797683735,1
-0.6496676493654635,64.387379,-109.451298,-1.3521060936310416,-1.076676621875285,0
0.5868863750471722,-36.088651,63.157402,0.34727576320145803,0.6508892259216102,0
-0.3740906179272625,75.971601,73.558396,-0.21918485574270855,0.506925405271869,0
0.049082240221100894,-36.469839,-107.099423,-1.3521060936310416,-0.3568575186265786,0
-0.4389940863347495,-35.219692,136.001734,-0.5024151652147918,-0.21289369797683735,0
3.0518659696305677,-25.871913,50.149709,0.9845439595136454,1.514672149820058,0
-0.19732175787529155,-60.331759,106.009195,-0.14837727837468773,0.2189977639723865,0
0.8354461664039052,-84.307101,-42.350018,-0.431607587846771,0.506925405271869,0
-1.4794449582438953,-42.171101,-98.551049,0.6305060726735413,-0.5008213392763199,1
0.6274449678826748,80.207934,171.291015,0.5596984953055205,-0.9327128012255437,0
0.862551190669007,-50.433087,-112.287537,-1.2812985162630208,-1.2206404425250263,1
0.9694365334261209,60.836306,-173.403746,-0.0775697010066669,0.0750339433226452,0
1.4020049623335176,-88.675464,-56.91729,0.8429288047776038,0.0750339433226452,0
0.6583084023814869,51.526544,141.598831,-1.4229136709990624,0.9388168672210928,0
0.08750037510108034,-51.100466,12.918639,0.06404545372937474,-1.5085680838245088,0
0.869782391233746,21.143564,-105.185991,-0.5732227425828126,-1.6525319044742501,0
-0.08936941923253369,-37.259484,77.987998,1.6218121558258327,-1.6525319044742501,0
-1.0098592403641131,-43.903478,-95.535562,-1.3521060936310416,0.0750339433226452,0
2.979866759452432,73.44813,18.773209,-1.7061439804711458,-0.9327128012255437,0
-0.3336656835855925,29.14362,-69.96501,-0.431607587846771,0.7948530465713516,0
-0.04978702352099397,36.377527,18.260044,1.2677742689857288,1.514672149820058,0
-0.18059028317913245,-33.310239,-63.317779,-0.21918485574270855,-0.06892987732709607,0
-0.3357069644903839,76.600534,-171.73361,0.2056606084654164,0.2189977639723865,0
-1.0813828053371803,-22.961804,103.846268,0.7721212274095829,0.2189977639723865,1
-0.7352561959255953,-88.194332,-92.102741,-0.5024151652147918,-1.5085680838245088,0
-1.3688900336893646,-69.075378,35.042967,1.126159114249687,0.506925405271869,0
0.7561070668738874,-32.3116,126.461307,1.0553515368816662,0.2189977639723865,0
-0.2680076394719251,-36.808982,22.707977,0.9137363821456246,1.514672149820058,0
-0.5828077091658044,19.555045,-88.138926,-1.210490938895,-0.3568575186265786,0
1.2054081916459505,5.25236,-93.335803,-0.36080001047875015,0.2189977639723865,0
0.1830416761574294,-41.776632,112.709033,-0.7856454746868751,-1.076676621875285,0
-0.6906295772573757,-50.877007,102.132305,-0.9980682067909376,1.0827806878708341,0
-0.6693776246602521,-69.81711,143.442503,1.6218121558258327,-0.21289369797683735,0
0.4573551742093095,-74.864382,-29.140427,1.551004578457812,0.6508892259216102,0
-1.1410805128150248,84.478716,163.670063,-0.36080001047875015,-1.6525319044742501,0
0.2182870197054662,-68.580803,-33.889198,1.4093894237217703,0.7948530465713516,0
-0.4127639670959316,-63.155825,112.211324,0.06404545372937474,1.2267445085205755,0
-0.8307730937270437,-12.245681,-91.503522,1.6218121558258327,-0.06892987732709607,0
0.11257649942830211,27.577943,18.00434,0.48889091793749967,0.7948530465713516,0
-1.1483665855540728,25.581665,126.445271,0.7721212274095829,-0.06892987732709607,0
-0.526637830066798,31.688217,-84.88282,1.551004578457812,-1.2206404425250263,0
-0.356435313624891,38.00919,103.38604,0.9845439595136454,-1.5085680838245088,0
-0.6154914143985356,36.042543,24.706738,1.196966691617708,-0.06892987732709607,0
0.9183803288135449,44.791399,149.889711,-1.210490938895,-0.3568575186265786,0
0.09528454794762518,-55.482903,-140.755549,-0.7148378973188543,0.9388168672210928,0
0.7652128542431395,10.710086,-166.865322,1.6926197331938535,-1.2206404425250263,0
-0.4033322979249187,70.574191,-85.707019,-0.9272606294229168,-1.6525319044742501,0
0.6219779529901702,-15.897605,-159.225462,0.4180833405694788,-0.5008213392763199,0
0.6677840064026862,74.337379,-27.469654,0.06404545372937474,0.9388168672210928,0
0.1958445952058869,-39.521553,96.386463,1.551004578457812,0.36296158462212774,0
0.29879957432924303,-87.153934,-105.461872,1.3385818463537495,-0.5008213392763199,1
-0.49716136268927996,4.933099,-4.814818,-1.4229136709990624,-0.9327128012255437,0
-0.1980529575135107,-28.816757,-163.666803,-1.210490938895,-1.2206404425250263,0
-0.5197519403056999,51.483457,-162.991474,-0.9272606294229168,0.2189977639723865,0
-0.4454448829802103,-79.028389,106.556571,0.5596984953055205,-0.9327128012255437,0
-0.26953920763868394,-8.764761,22.548368,0.5596984953055205,-0.21289369797683735,0
0.9030390626956881,25.483198,165.10272,-1.210490938895,0.6508892259216102,0
0.47040329669855035,29.37286,-73.730968,-1.4937212483670832,-1.6525319044742501,0
0.24515533092316857,52.924188,-31.397105,0.34727576320145803,-0.6447851599260612,0
-0.8182521037118758,65.584719,-80.562773,0.48889091793749967,0.0750339433226452,0
-1.1647177366817885,-42.757451,95.152747,0.9845439595136454,0.7948530465713516,0
-0.07352132187639204,-67.371772,14.968998,0.34727576320145803,-0.06892987732709607,0
-0.9537745919351863,-41.294851,21.718775,-0.9980682067909376,0.2189977639723865,0
0.44034716625822723,-77.382275,32.188563,-0.14837727837468773,0.9388168672210928,0
-0.6288340983752917,-22.419982,46.349705,0.5596984953055205,-0.9327128012255437,1
-1.2530276006859413,32.057181,178.012011,1.551004578457812,1.514672149820058,0
0.06773869941494132,-12.208033,-43.45923,1.6218121558258327,1.514672149820058,0
-0.315138863379967,-55.755181,114.236986,0.9137363821456246,-0.9327128012255437,0
0.37232204190164964,-33.32054,-80.848872,1.551004578457812,1.3707083291703166,0
-0.7901187730538134,74.19988,-102.753993,-0.7148378973188543,1.514672149820058,1
-1.5391426470023528,-78.299942,154.394403,-1.4937212483670832,-0.06892987732709607,0
-0.3490260446810665,-57.408238,42.3057,-1.0688757841589585,0.2189977639723865,0
-0.6395473693797173,33.319231,-175.67812,-1.4937212483670832,-1.076676621875285,0
0.38728814942891704,-55.113797,74.271073,-0.28999243311072936,0.506925405271869,0
-1.0555875736372018,-27.286851,-87.242784,0.9845439595136454,-1.3646042631747675,0
-1.3341125859328427,-26.909526,-74.039853,0.48889091793749967,-1.2206404425250263,0
-0.22557758635654576,10.530205,-104.389381,-0.6440303199508335,0.36296158462212774,0
0.5249181264079666,-64.729464,34.368281,-1.4937212483670832,0.9388168672210928,0
2.139815585747251,57.221525,-176.964445,-1.210490938895,1.6586359704697993,0
-0.1320514040181733,-61.225085,-135.546649,-1.4937212483670832,-0.7887489805758024,0
-1.1166329300712585,17.341096,162.066043,1.126159114249687,0.36296158462212774,0
0.4569325733691855,36.867944,75.266115,1.551004578457812,0.36296158462212774,0
1.6018350060339697,-16.334767,-70.871303,-0.21918485574270855,-1.6525319044742501,0
-0.10490591173594656,88.331191,76.973002,-0.6440303199508335,0.7948530465713516,1
-1.4084361856359418,24.5119,69.371051,-0.0775697010066669,-1.6525319044742501,0
0.026215827933017386,-27.839894,26.332612,1.6926197331938535,-1.6525319044742501,0
-0.9059449304248027,-60.908759,85.159596,0.4180833405694788,-0.5008213392763199,0
-0.5148589571807073,-44.46352,-31.96932,-1.7061439804711458,1.0827806878708341,0
0.4198954868342807,-15.72878,-26.277432,-1.635336403103125,-0.06892987732709607,0
1.6037699275113457,49.818306,-114.609486,0.2764681858334372,1.2267445085205755,0
-0.930792274978742,-17.204516,-157.208508,1.551004578457812,0.36296158462212774,0
-1.4297832479333439,50.119933,85.464077,1.4801970010897911,-1.2206404425250263,0
-1.0024871395603443,18.382077,20.49621,-1.2812985162630208,-0.6447851599260612,0
3.070634959531627,76.229091,-127.136563,-1.2812985162630208,0.36296158462212774,0
-1.5093107766290377,78.075495,-52.424724,-1.2812985162630208,0.36296158462212774,0
0.05941789049028311,-57.660864,73.37152,-1.4229136709990624,0.6508892259216102,0
0.393709769848642,71.186714,-35.875309,-0.856453052054896,-1.5085680838245088,0
-0.4128719966144002,48.047922,-120.014856,1.2677742689857288,-1.6525319044742501,0
0.408828076863412,13.071974,-110.1188,-1.2812985162630208,0.9388168672210928,0
-0.6991343661719167,-27.165944,11.757825,1.2677742689857288,-0.7887489805758024,0
0.6439607002257687,37.194573,-13.213959,-0.856453052054896,1.6586359704697993,0
-1.1771129626413717,19.117188,26.268052,0.13485303109739558,-0.06892987732709607,0
-0.13756000244794664,54.114869,-10.441659,1.6218121558258327,0.506925405271869,0
1.3664518404865027,-77.317949,-125.874307,0.8429288047776038,1.2267445085205755,0
0.22879549253091228,-37.489429,41.543381,0.34727576320145803,-1.6525319044742501,0
-0.012719770077715417,-17.512898,-56.739553,-0.7856454746868751,-0.06892987732709607,0
-0.5370215871354501,-7.473172,78.840271,0.2764681858334372,1.6586359704697993,0
-1.3331183404765103,83.950142,23.741065,0.2056606084654164,-0.5008213392763199,0
0.8630342823614431,39.749922,-102.289872,0.7013136500415621,1.0827806878708341,0
1.197550366507895,-86.12691,-131.714619,0.9845439595136454,-1.2206404425250263,0
0.9575752558231106,-87.895205,-7.960885,1.551004578457812,-0.06892987732709607,1
-0.4724663571552271,55.548912,148.928496,1.0553515368816662,0.6508892259216102,0
-0.09093095713050178,-79.580656,-87.596066,-0.21918485574270855,0.0750339433226452,0
-0.2499593138091626,-80.678809,-99.368029,0.6305060726735413,1.0827806878708341,0
-0.049917617803137485,75.729899,-160.404055,1.551004578457812,0.2189977639723865,0
-0.6439538875365339,-76.086342,109.964439,-0.0775697010066669,0.506925405271869,0
0.07335435061887804,-66.00742,113.150054,-1.635336403103125,-1.5085680838245088,0
0.3810017143471503,-29.808725,-6.911945,1.196966691617708,0.2189977639723865,0
2.0269961687059093,-77.097346,-108.884801,-0.7856454746868751,1.514672149820058,0
1.012272112661752,67.316832,170.120443,-1.0688757841589585,1.2267445085205755,0
1.39461918814315,69.232792,-142.665495,-1.5645288257351042,0.506925405271869,0
-1.014010566456903,-16.932146,137.821528,0.7013136500415621,1.6586359704697993,0
0.6974944390669994,-40.880083,167.110627,0.34727576320145803,0.9388168672210928,0
-0.8770959202639355,-4.509985,-127.292835,1.196966691617708,-0.9327128012255437,0
-0.8820966549030608,-81.301497,93.256489,1.551004578457812,0.0750339433226452,0
0.028526844763933978,-82.656566,-141.377086,-1.0688757841589585,0.9388168672210928,0
-0.3530847648766075,56.459814,-44.816633,-1.3521060936310416,0.506925405271869,0
0.6551409087652559,64.450563,147.660932,1.126159114249687,-1.076676621875285,0
2.095838656132968,23.66826,168.631742,-1.4937212483670832,1.6586359704697993,0
0.2942181570400972,-39.777834,-99.348478,-0.431607587846771,-0.06892987732709607,0
-0.5464637275283907,77.05982,-43.285022,-1.635336403103125,-0.5008213392763199,0
-1.283616897239069,-28.231182,163.257273,-0.9980682067909376,-1.076676621875285,0
1.0590214043489252,27.025374,-143.14986,0.48889091793749967,-1.2206404425250263,0
-0.5066031576597614,-80.254512,124.201256,-0.431607587846771,1.6586359704697993,0
0.06600725995890887,75.464048,-165.922971,0.06404545372937474,0.506925405271869,0
3.884569072435114,-56.118003,-169.881368,0.7013136500415621,1.3707083291703166,0
-0.45219909459278557,-44.642429,-115.642402,1.551004578457812,0.6508892259216102,0
-1.3999659811067504,51.294068,145.74049,0.2764681858334372,-0.7887489805758024,0
-0.3842736575246363,-46.644222,-105.322787,1.6926197331938535,0.506925405271869,0
3.1234435482783436,-75.31268,-21.37764,-0.0775697010066669,-1.076676621875285,0
0.34403895741431717,24.508505,8.48251,-0.5732227425828126,1.6586359704697993,0
-1.0988879154163897,69.084884,-77.890858,-0.9272606294229168,1.0827806878708341,0
-0.4235430822877799,69.75043,-139.798106,-0.21918485574270855,-0.3568575186265786,0
1.0679750110048223,-4.737859,172.032929,0.2056606084654164,-1.6525319044742501,0
0.3207060117122985,-50.329733,108.794322,-1.5645288257351042,-1.5085680838245088,0
0.23268654331492863,-63.320366,-9.59746,-0.0775697010066669,1.2267445085205755,0
-0.3059698309914512,44.136801,-26.597393,-1.7061439804711458,-0.06892987732709607,0
0.2828375557976485,-87.419356,-26.076103,0.9845439595136454,-1.3646042631747675,0
0.9304803231575173,-72.95708,131.151167,-0.7856454746868751,1.2267445085205755,0
0.10463503511849047,-75.895117,-167.034091,-1.2812985162630208,-0.6447851599260612,0
-0.41430004098008594,5.795461,127.129568,0.6305060726735413,-1.076676621875285,0
0.02289562340388763,-22.28576,-174.167705,1.6218121558258327,-0.6447851599260612,0
0.017632334603941334,-46.077836,-28.1574,0.48889091793749967,-1.2206404425250263,0
1.319053595723813,75.667126,-172.433689,-1.5645288257351042,1.514672149820058,0
-1.397165611435777,-1.947839,-50.223896,-1.0688757841589585,-0.21289369797683735,0
0.23791179020935802,-70.475052,26.532535,-0.006762123638646077,-1.5085680838245088,0
-0.06924607354075844,-76.947145,-23.339587,0.2056606084654164,1.3707083291703166,0
-0.005859429779815877,45.396477,-179.706468,0.6305060726735413,1.3707083291703166,0
-0.6493506145646715,33.79364,-21.261142,-1.4229136709990624,1.3707083291703166,0
-1.284963779305115,75.488069,-179.794514,1.2677742689857288,1.6586359704697993,0
-0.014887357464373583,30.540073,-158.894875,1.6926197331938535,-0.21289369797683735,0
4.305230965165053,69.68595,-159.611426,0.9845439595136454,0.7948530465713516,0
1.3703069089641102,77.448178,126.651504,0.9845439595136454,-1.2206404425250263,0
-0.8375776051785194,-6.779518,103.610346,1.551004578457812,-0.21289369797683735,0
0.34814777184656615,34.020008,-18.278399,0.48889091793749967,0.7948530465713516,0
-0.9845698128547558,-10.03399,-105.886876,-1.0688757841589585,0.7948530465713516,0
-1.2068952071950347,21.476124,-61.141672,-1.210490938895,0.7948530465713516,0
-0.9818799904964177,51.622644,-72.401033,-0.9272606294229168,-1.3646042631747675,0
-0.7639426197317437,81.165484,-30.666475,-0.28999243311072936,0.36296158462212774,0
-0.21200247542635015,84.130181,175.84412,-0.856453052054896,-0.6447851599260612,0
-1.4268628253474875,76.095628,72.699301,-1.2812985162630208,0.0750339433226452,0
-0.15002324004008324,-53.94625,-126.801291,-0.6440303199508335,-0.06892987732709607,0
-1.090875896551366,68.133992,-106.316648,-0.5024151652147918,1.0827806878708341,1
-0.2874801204132543,-30.031429,41.613501,-1.5645288257351042,-1.6525319044742501,0
-0.16202579643846646,-54.072413,-117.971587,-1.0688757841589585,0.6508892259216102,0
0.4580880209709703,-29.909014,101.381118,0.9137363821456246,-0.6447851599260612,1
0.1787451286204966,88.436977,133.452537,1.126159114249687,-0.06892987732709607,0
-1.0015284157383868,-4.941047,11.603435,1.6926197331938535,-0.06892987732709607,0
-1.1985236638623338,33.679669,91.891461,0.6305060726735413,0.2189977639723865,0
0.5389632006884156,-71.082527,64.623206,1.126159114249687,0.6508892259216102,0
0.8683464203487167,83.800108,15.453145,0.5596984953055205,-0.21289369797683735,0
-1.0173083151201958,-12.343087,148.129088,0.7721212274095829,-0.06892987732709607,0
1.1634594196502919,-12.791759,29.346874,-1.2812985162630208,-1.3646042631747675,0
-0.0004958741026598597,70.29625,123.241162,1.2677742689857288,-1.3646042631747675,0
0.15839046223092246,-53.889376,-95.684235,-1.4229136709990624,-0.3568575186265786,0
-0.4693881308514107,-42.099232,-30.583142,0.7013136500415621,0.2189977639723865,0
0.3655263674727545,-77.886766,113.134993,-1.4937212483670832,1.0827806878708341,0
0.37774282428491723,-30.477753,161.558802,-0.431607587846771,0.2189977639723865,0
-1.0138244667625618,0.193022,157.766212,-0.006762123638646077,0.6508892259216102,0
0.43538171119516195,-44.94764,21.059119,-0.9272606294229168,1.2267445085205755,0
-1.4740037219516424,71.560047,158.438024,-0.14837727837468773,1.3707083291703166,0
-0.7909375038725205,52.906054,-57.5285,1.4801970010897911,0.9388168672210928,0
-0.33198518922497383,46.378895,2.453519,-0.21918485574270855,0.6508892259216102,0
-0.7572580037511774,-47.906182,43.063185,-0.21918485574270855,-0.21289369797683735,0
0.32759987565959553,38.104846,66.734739,-1.635336403103125,-1.076676621875285,0
-0.5693392906584626,68.898824,-139.122558,0.9137363821456246,-1.6525319044742501,0
-0.32409817176300487,-41.933304,96.745138,-1.210490938895,0.0750339433226452,0
-0.205499417076171,15.765644,-32.777107,-0.14837727837468773,1.2267445085205755,0
-0.35850122129699646,-13.1418,-68.32948,0.7721212274095829,0.506925405271869,0
-1.0428934094928501,-74.062014,-69.409846,1.0553515368816662,1.3707083291703166,1
-1.0663161570917108,-26.052023,-134.558527,-1.0688757841589585,1.6586359704697993,0
-0.028714922939167203,-45.837272,-70.357404,-0.5732227425828126,-1.6525319044742501,0
1.3465229094395783,-43.4512,-104.397162,-0.6440303199508335,-1.3646042631747675,0
0.15572670666117433,-74.732671,165.92626,-1.210490938895,0.6508892259216102,0
0.08078599576460875,-24.083675,33.92008,0.9845439595136454,-1.2206404425250263,0
0.32954864284958635,16.562617,-130.834552,0.7721212274095829,-0.21289369797683735,0
2.986665288920821,69.515899,176.19733,-0.856453052054896,-0.9327128012255437,0
0.09464411517686937,20.192138,-0.821579,-0.14837727837468773,-0.06892987732709607,0
-0.5991504923098341,-62.177812,37.0369,0.2056606084654164,1.514672149820058,0
0.6586387824573615,-50.962335,106.730211,0.13485303109739558,-0.9327128012255437,0
0.405936768877531,-51.409129,29.253516,0.4180833405694788,0.9388168672210928,0
0.2667303852769416,-55.357951,47.326748,0.34727576320145803,-1.5085680838245088,0
0.25311098219268785,87.09003,130.142684,1.4093894237217703,-0.3568575186265786,0
1.663934734780241,33.140525,28.826771,-0.28999243311072936,1.0827806878708341,0
-0.7430642565972234,-31.256932,-118.646152,1.551004578457812,1.514672149820058,0
-0.7062824355930477,-9.742132,-153.70354,0.13485303109739558,-1.2206404425250263,0
0.01778356179832866,16.764805,-56.730016,1.551004578457812,-0.5008213392763199,0
0.058402054536111386,-59.372124,-40.196056,-1.5645288257351042,-0.3568575186265786,0
0.045308872685873365,-14.471202,64.875836,1.6926197331938535,-0.5008213392763199,0
0.3285580218577429,38.672592,178.101632,0.2056606084654164,-0.3568575186265786,1
-0.35287011061197565,17.064542,59.247745,-1.2812985162630208,0.2189977639723865,0
0.3101449527816012,-20.077435,-96.910188,-0.006762123638646077,-0.5008213392763199,0
-1.1177678167537448,75.375985,-73.165528,0.7013136500415621,-1.6525319044742501,1
-0.44213795918280097,-73.283663,-55.834734,0.7013136500415621,-1.076676621875285,0
1.7406152024207158,42.92032,-174.881588,0.9137363821456246,1.6586359704697993,0
-0.1385772261653589,50.222302,-80.372971,-0.5732227425828126,-0.06892987732709607,0
-0.5565012727592125,-55.693449,-154.126606,0.13485303109739558,-0.21289369797683735,0
0.8255671101607754,-46.897775,-138.75531,0.4180833405694788,0.9388168672210928,0
-1.036858608922156,3.13273,75.883476,1.126159114249687,-1.6525319044742501,0
-0.21790108463244545,-68.24491,-76.458254,-0.7148378973188543,-1.5085680838245088,0
0.07223763563509145,21.502504,29.071925,0.9137363821456246,-0.3568575186265786,0
-0.47913147607491513,4.258023,-44.622706,-0.5732227425828126,1.0827806878708341,0
-1.5306536777960023,46.324537,-141.797434,1.196966691617708,0.9388168672210928,0
2.059033650109394,-62.297501,88.645987,-0.7148378973188543,1.3707083291703166,0
-0.17127329048734402,-69.088109,-98.953872,0.7013136500415621,0.2189977639723865,0
-0.31504718673157533,15.270712,29.455692,-1.635336403103125,-1.076676621875285,0
-1.4161168070913015,75.101601,75.626321,-0.28999243311072936,1.0827806878708341,0
-1.2696815023436216,22.462086,63.045674,1.0553515368816662,0.6508892259216102,0
-0.27541520324948726,0.413594,-170.295361,-1.1396833615269792,-1.3646042631747675,1
3.177545167310515,-82.586174,114.829635,1.126159114249687,0.7948530465713516,0
-1.5443647103415254,-33.884788,-142.785001,0.9137363821456246,-0.06892987732709607,0
-0.7813258297467999,-51.925606,167.551889,1.551004578457812,-1.2206404425250263,0
3.978025382090992,-55.565452,-145.53986,0.13485303109739558,1.2267445085205755,0
0.47559232434037435,4.079002,-116.534086,-0.36080001047875015,1.6586359704697993,0
-1.3664079637895088,34.078686,46.280468,-0.9272606294229168,-0.6447851599260612,0
-0.2868084161939051,-27.841376,-50.643377,1.0553515368816662,-0.3568575186265786,0
-0.7373334827876545,59.688497,-53.004969,0.9137363821456246,-0.21289369797683735,0
-1.049547081998928,-6.650352,-35.995411,0.9845439595136454,1.2267445085205755,0
-0.410452602941473,20.562386,95.432719,0.7013136500415621,1.0827806878708341,0
-0.6192989337893352,-16.52044,12.687031,1.0553515368816662,1.0827806878708341,0
-0.3579290534054908,85.699774,-129.622741,1.6218121558258327,-1.6525319044742501,0
-1.2164297261482202,16.920335,-165.388132,1.551004578457812,-0.21289369797683735,0
-1.350637287323071,68.802446,76.827711,0.9845439595136454,-0.21289369797683735,0
-1.1501288283107767,-15.575574,-132.770835,-0.6440303199508335,0.36296158462212774,0
1.3756593126201384,59.377116,19.428804,1.6926197331938535,0.36296158462212774,0
-0.46716243003467944,61.411864,34.529858,0.6305060726735413,-0.3568575186265786,0
1.424331714539466,-86.866035,65.164089,-0.431607587846771,0.7948530465713516,0
0.7943752045614507,24.777983,110.661703,1.0553515368816662,-1.076676621875285,0
-0.21378216262758495,50.415254,-60.065712,0.8429288047776038,-0.5008213392763199,0
0.6364879337409833,40.004339,-31.682813,0.13485303109739558,1.3707083291703166,0
0.13210849310391526,-67.800267,-134.048497,-0.0775697010066669,1.2267445085205755,0
-1.3968973404467633,-27.060549,166.639963,-0.9980682067909376,-0.3568575186265786,0
0.22692074766252654,60.786526,-53.444938,1.2677742689857288,1.2267445085205755,0
0.3500729061538122,-22.069474,64.978848,-1.635336403103125,-1.5085680838245088,0
-0.37741084297561306,20.148281,-7.74664,-0.5024151652147918,1.3707083291703166,0
-1.36978191868054,71.696366,-164.570981,0.34727576320145803,0.36296158462212774,0
0.13487785186835927,-59.972823,-113.594108,0.7013136500415621,0.9388168672210928,0
2.7825995468446814,66.837538,22.088085,-0.14837727837468773,0.2189977639723865,0
0.6277274243953949,-54.286376,114.764386,-0.5732227425828126,1.2267445085205755,0
1.0791258632813856,3.759873,-1.51802,1.0553515368816662,-1.3646042631747675,0
-0.7481704471103152,0.253019,88.690623,-1.3521060936310416,-1.3646042631747675,0
-0.10899444956746353,-78.159641,108.748495,0.6305060726735413,0.2189977639723865,0
2.066548660463395,-77.69202,-3.288318,1.6218121558258327,-0.6447851599260612,0
0.5249322822693765,-76.594723,-140.452419,-0.7856454746868751,-0.9327128012255437,0
-0.4603236403194835,15.571015,-116.155659,-1.0688757841589585,-0.06892987732709607,0
-0.24322600136799608,-26.869225,-7.371037,0.48889091793749967,1.514672149820058,0
-1.067994676477443,-16.947805,84.93388,1.4801970010897911,-1.2206404425250263,0
-1.1199033188462049,-9.375261,-89.697477,-0.5732227425828126,-1.076676621875285,0
0.9001414051447774,54.511066,161.124606,-0.36080001047875015,0.506925405271869,0
-0.10577337171572682,74.975738,57.603297,-1.2812985162630208,0.7948530465713516,0
-0.8568216655755041,-6.356786,-46.412824,-0.14837727837468773,-1.3646042631747675,0
1.0196469830887187,40.699681,-69.19898,-0.5024151652147918,-1.2206404425250263,0
2.6628688936740468,22.395672,-23.916629,0.48889091793749967,0.0750339433226452,0
1.6082603982465258,-3.778744,129.209045,0.5596984953055205,-1.076676621875285,0
0.1357146247940926,-39.335242,-77.387107,-0.0775697010066669,0.0750339433226452,0
-0.8461298285361557,-60.431725,90.886314,-1.7061439804711458,-0.3568575186265786,0
0.44790113211175725,0.375786,92.054822,-1.0688757841589585,-1.2206404425250263,0
-0.8859546987128922,-44.44986,159.988826,-1.7061439804711458,0.36296158462212774,0
-0.19181354864434536,57.73548,-71.452808,0.8429288047776038,-0.21289369797683735,0
-1.1072972375016978,-57.76656,-95.631716,1.551004578457812,-1.2206404425250263,0
-0.785663946425417,-62.283917,-15.1223,0.7721212274095829,-0.9327128012255437,0
-0.6363493949443136,-66.083005,29.585155,0.7013136500415621,-0.5008213392763199,0
0.31106444874443295,53.565139,-176.830124,0.7721212274095829,0.36296158462212774,0
0.05912222200292468,15.29604,-176.042504,0.8429288047776038,0.0750339433226452,0
-0.5742681062530509,-71.273375,-28.918122,-0.28999243311072936,0.6508892259216102,0
1.5664933612686642,86.763308,-65.572863,-1.7061439804711458,-1.3646042631747675,0
-0.6370658560343849,-74.405118,-44.559936,-1.4229136709990624,1.6586359704697993,0
0.41329730103992013,-74.51542,81.721505,-0.14837727837468773,-1.5085680838245088,0
-0.032050133740816,-64.994549,-145.750959,-1.3521060936310416,0.2189977639723865,0
-0.9129767933075494,75.205822,47.052363,-1.4937212483670832,-1.3646042631747675,1
-0.5746743332241196,10.992393,124.952721,1.0553515368816662,-0.3568575186265786,0
2.1375550973590784,-56.806262,171.048402,0.7721212274095829,-1.076676621875285,1
1.711379244643191,62.005962,26.083111,1.6926197331938535,-0.9327128012255437,0
2.0500994918218516,-59.841948,-160.815026,0.13485303109739558,0.506925405271869,1
1.2902520635242731,87.776513,107.608358,0.7721212274095829,0.6508892259216102,0
0.5853945145803103,35.996039,176.265782,-0.28999243311072936,1.6586359704697993,0
-1.2021662369306585,-49.29689,-26.594899,-0.21918485574270855,-1.3646042631747675,0
-1.4455842562774963,51.368496,-5.516906,0.8429288047776038,-0.3568575186265786,0
-1.138167635092717,-7.942539,-125.351831,0.13485303109739558,0.2189977639723865,0
-0.7749684599923311,-25.579506,7.556487,1.126159114249687,-1.076676621875285,0
-1.1075517814770517,-81.566295,-14.105756,-1.0688757841589585,-1.2206404425250263,0
-1.3479955317511436,13.937557,111.11541,-0.7148378973188543,-0.21289369797683735,0
1.8940487076449708,-88.282456,143.000624,1.0553515368816662,-1.6525319044742501,0
0.355528904859695,-8.211852,166.812267,1.0553515368816662,-0.06892987732709607,0
-1.0705365773868756,84.395619,40.58152,-0.28999243311072936,1.6586359704697993,0
-0.5979316232608848,1.211791,-131.08658,-0.0775697010066669,-0.21289369797683735,0
0.11886798387333662,-1.231838,82.200173,-1.4937212483670832,0.0750339433226452,0
-0.7874566805791846,-32.984414,168.196839,1.2677742689857288,1.0827806878708341,0
1.3866688856326541,5.009861,-29.114937,0.9845439595136454,0.0750339433226452,0
0.503164562879473,88.313097,55.851277,-1.635336403103125,0.0750339433226452,0
-0.8211538294599511,75.780488,27.928286,-0.431607587846771,-0.3568575186265786,0
3.734880268743457,53.240003,-24.417666,-0.36080001047875015,-1.076676621875285,0
1.52497962594609,42.066884,-3.033745,1.551004578457812,-1.2206404425250263,0
-0.5329869118142475,-79.821779,-91.584632,0.9137363821456246,0.506925405271869,0
-0.5099103431781739,70.947436,-142.083502,-0.0775697010066669,-0.3568575186265786,0
-1.2351628527652851,-74.730964,-156.579948,-0.431607587846771,1.514672149820058,0
-0.6239163030592739,-21.361353,89.558356,0.6305060726735413,-0.6447851599260612,0
0.7366712099993526,2.131945,55.465677,0.7721212274095829,-0.5008213392763199,0
0.021616801526266376,-88.26185,-143.103589,-1.5645288257351042,-0.21289369797683735,0
-0.1543568222423903,-3.041292,13.738627,-1.4229136709990624,-1.6525319044742501,0
-1.4688974605408445,-54.299118,-149.752581,-1.5645288257351042,1.2267445085205755,0
0.36820521671109957,-76.446643,-96.938202,0.06404545372937474,-0.21289369797683735,0
-0.5905045751854049,64.745116,-179.285338,0.9845439595136454,-0.06892987732709607,0
-0.14353252335933767,-21.320502,83.84365,-0.21918485574270855,0.2189977639723865,1
-1.4402614354593681,-43.047176,-64.830314,0.9845439595136454,0.0750339433226452,0
-0.8866967544124414,-81.860168,-10.213664,1.3385818463537495,0.506925405271869,0
-0.6789338357643765,66.660914,-115.668774,1.3385818463537495,0.0750339433226452,0
0.9233444362578641,44.221069,169.831739,1.126159114249687,-0.5008213392763199,0
-0.39936342358187815,-14.491768,-97.000796,-1.3521060936310416,-0.3568575186265786,0
1.2168408767070455,2.769857,-47.155175,-0.5024151652147918,1.3707083291703166,0
0.2928516132071713,-42.004153,149.735696,1.4093894237217703,-1.6525319044742501,0
0.1497239675714074,-45.163845,45.824684,0.2764681858334372,1.0827806878708341,0
-1.484101201490711,85.611887,166.628942,0.34727576320145803,0.6508892259216102,0
-0.238364939081465,-19.422115,-4.141448,-0.7148378973188543,0.6508892259216102,0
3.7473673186367247,-59.166209,-154.3762,1.2677742689857288,-0.7887489805758024,0
-1.4626470479164777,85.325362,-35.870065,-0.7148378973188543,0.6508892259216102,0
-0.12023597593996385,-76.286365,-100.547665,-0.5732227425828126,-0.21289369797683735,0
-0.16747922739155166,-28.297298,-131.655988,0.34727576320145803,0.506925405271869,0
-0.858324012000043,-9.484632,-71.637714,-1.2812985162630208,-0.06892987732709607,0
-0.3213346614133982,52.468166,97.707278,-1.4937212483670832,-0.21289369797683735,0
-0.7258104467735201,11.9025,-167.542913,0.5596984953055205,-1.6525319044742501,0
0.8823092722266429,-60.859236,-26.252667,0.2764681858334372,-0.3568575186265786,0
-0.7265471375810436,-15.151063,-13.106211,-0.0775697010066669,-1.2206404425250263,0
-0.6660111188778352,21.531078,134.527969,0.13485303109739558,1.0827806878708341,0
0.5306634417272537,84.249728,-19.612666,-0.5732227425828126,-0.7887489805758024,0
0.5403906979216633,-35.021693,-153.546652,0.4180833405694788,-0.3568575186265786,0
-1.5201178325455156,-68.76157,146.935624,-0.856453052054896,-1.3646042631747675,0
0.608909678663264,-83.359828,145.646192,-0.14837727837468773,1.3707083291703166,0
-0.5095339579279609,7.022585,84.637932,-1.3521060936310416,0.2189977639723865,0
1.1019224079154994,-30.263682,90.526729,-1.0688757841589585,1.2267445085205755,0
-0.3520925577812439,-54.103809,41.129065,-0.9980682067909376,0.9388168672210928,0
1.8257104003209461,38.880765,87.260194,-1.4937212483670832,0.506925405271869,0
0.9395749553533728,-33.060837,-59.699811,1.126159114249687,1.6586359704697993,0
-0.07816304044814118,-0.501402,37.301071,1.196966691617708,0.7948530465713516,0
-1.11570835707371,67.831621,95.518404,-1.4229136709990624,-0.6447851599260612,0
0.7877146195530943,-53.878239,-31.187333,0.7721212274095829,0.7948530465713516,0
-0.25301892299845563,37.778959,-41.108048,-0.7856454746868751,-1.5085680838245088,0
-1.1640827124396147,32.838702,132.705789,-0.6440303199508335,0.0750339433226452,0
-0.5811227749048578,36.529489,-133.535356,1.4093894237217703,-0.5008213392763199,0
-0.27582411983014,78.538114,168.392701,0.34727576320145803,1.0827806878708341,0
0.4046292566523498,-16.051051,22.51025,-1.210490938895,0.2189977639723865,0
0.5119890813767018,30.406308,-132.32541,-0.7856454746868751,-0.7887489805758024,0
0.06905506771627572,-54.901834,-93.252728,1.2677742689857288,-0.9327128012255437,0
1.2613969846061703,-52.290606,-158.273678,-0.431607587846771,0.2189977639723865,1
-1.2105607515720576,-33.250712,93.270709,-0.7148378973188543,0.0750339433226452,0
-0.8050801535198882,51.41645,5.925325,-0.21918485574270855,-1.2206404425250263,0
0.3976182538786355,-64.181019,40.280291,0.9137363821456246,0.9388168672210928,0
2.05782948490459,-3.225623,-139.13969,0.9845439595136454,0.9388168672210928,0
0.1329948921774154,-77.562037,100.141979,-0.28999243311072936,0.2189977639723865,0
0.2633224247951809,-35.423407,74.529252,0.9137363821456246,0.506925405271869,0
-0.5529373156566366,33.064183,-177.863056,-0.36080001047875015,-1.5085680838245088,0
-0.08881947641499481,-88.719544,74.346865,-1.1396833615269792,-0.21289369797683735,0
-0.3860345497593778,44.73033,-78.824968,0.7721212274095829,-0.3568575186265786,0
-0.21361565846620817,-71.639407,68.406494,-1.1396833615269792,0.2189977639723865,0
-0.23520627582542095,-26.942389,-70.307141,0.48889091793749967,0.36296158462212774,0
0.7418925224895581,-81.547049,-144.033093,1.0553515368816662,-0.06892987732709607,0
-0.23551983358861234,46.750333,-71.796844,-0.856453052054896,0.7948530465713516,0
-1.2039088475799673,-24.787451,-143.138085,1.4801970010897911,-0.21289369797683735,0
-1.285339582700958,64.193403,57.313613,0.34727576320145803,-1.2206404425250263,0
0.008557987419786398,6.812888,-145.169489,0.06404545372937474,-0.5008213392763199,0
0.6047808871906363,31.108622,-57.748733,1.3385818463537495,1.2267445085205755,0
2.648692473126042,-77.632315,-44.379954,0.2056606084654164,-0.3568575186265786,0
0.7613425627101353,36.310762,-150.286432,-0.7148378973188543,1.2267445085205755,0
-0.13770557115650317,-51.630125,-126.852563,1.0553515368816662,-0.3568575186265786,0
0.7339927367830964,0.07616,-80.21194,-1.4937212483670832,0.7948530465713516,0
-1.4098691119023254,17.188572,85.204097,-0.21918485574270855,-0.06892987732709607,0
-0.9216635493243494,-31.77831,55.770533,0.7721212274095829,-1.6525319044742501,0
0.4641571977349385,35.87023,66.947575,1.6926197331938535,-0.6447851599260612,0
-0.7190880914865889,-80.377873,-56.962711,1.6218121558258327,1.3707083291703166,0
-0.8012383784980377,30.424126,-10.361118,-1.2812985162630208,0.9388168672210928,0
1.4861717084118455,1.827193,-134.738275,-1.7061439804711458,-0.3568575186265786,0
-0.7286042386749785,31.57501,99.057528,-0.28999243311072936,-1.5085680838245088,0
0.703701515359835,-22.291174,114.495777,1.6218121558258327,-0.3568575186265786,0
0.25760961757675654,-1.231167,-14.342349,1.2677742689857288,-0.7887489805758024,0
-0.1982899403032054,64.810058,-30.398309,0.5596984953055205,0.2189977639723865,0
-0.5565739403271864,5.232284,-58.916807,-0.9272606294229168,-0.06892987732709607,0
-0.8768514794437624,-42.486283,-94.082883,-0.28999243311072936,0.2189977639723865,0
1.1449056083241274,17.329625,-28.443666,-1.4937212483670832,-1.5085680838245088,0
-0.2576489956300939,83.29323,-172.122441,0.2056606084654164,-1.5085680838245088,0
-0.03024795742037112,5.573497,48.515861,0.13485303109739558,-1.2206404425250263,0
-0.0863293406064892,80.546692,-28.061021,-0.856453052054896,1.3707083291703166,0
-0.812599515943578,-83.299678,78.689336,-1.2812985162630208,1.2267445085205755,0
-1.2675401197630818,-80.101217,-100.322816,-0.36080001047875015,-1.6525319044742501,0
-0.14373226728712674,51.600877,-99.428149,-1.4937212483670832,0.9388168672210928,0
-1.3776508576411446,-80.162072,163.655873,-0.21918485574270855,0.9388168672210928,0
-0.3639010926171646,-33.099788,22.676067,0.7013136500415621,0.506925405271869,0
-0.2599710951234813,76.486168,-126.507883,-0.7148378973188543,-0.7887489805758024,1
0.6121150144747342,-1.013118,-172.247726,1.4093894237217703,-1.6525319044742501,0
0.44901495968435223,51.325159,-12.408083,-1.3521060936310416,-1.2206404425250263,0
3.672451145139872,-73.884836,102.996589,-0.14837727837468773,1.6586359704697993,0
-0.48332816806335266,-20.741711,-69.391677,-1.4229136709990624,-1.076676621875285,0
1.0721861357417035,64.095785,-146.174043,-0.9272606294229168,1.514672149820058,0
1.0951477150308198,-31.971862,144.636814,0.13485303109739558,-1.2206404425250263,0
-0.3786141436283933,-43.214844,91.732179,-0.21918485574270855,1.2267445085205755,0
0.7405922550291298,77.35778,110.977508,-0.14837727837468773,0.6508892259216102,0
-0.8032447980349989,12.864131,111.527335,0.9137363821456246,-0.3568575186265786,0
-0.6986150417953886,69.16577,-164.791882,-0.21918485574270855,0.6508892259216102,0
-0.181679379634063,82.67687,73.843491,1.126159114249687,-0.7887489805758024,0
-1.0165027696161235,4.34353,145.886927,0.6305060726735413,-1.2206404425250263,0
0.026264281376421682,3.196269,52.092668,0.9845439595136454,-0.3568575186265786,0
-0.04608735738027322,-15.689981,-165.425514,0.06404545372937474,-1.3646042631747675,0
3.2425789204318756,-48.184711,-136.858912,-1.5645288257351042,-0.9327128012255437,0
0.418222066767208,-15.773322,107.23542,1.4801970010897911,0.7948530465713516,0
-1.1669483640980733,11.295887,138.558681,-1.635336403103125,-0.21289369797683735,0
0.6722223130482268,15.934295,120.561298,0.48889091793749967,-0.6447851599260612,0
-0.28360580440388006,75.147652,67.60096,-1.635336403103125,-0.06892987732709607,0
-1.2739367475586298,61.572905,113.956941,0.7721212274095829,-1.5085680838245088,0
-0.9979424403351684,72.6442,84.313229,-1.635336403103125,0.6508892259216102,0
-0.7478050597594457,68.515613,-43.712462,1.4093894237217703,0.7948530465713516,0
-0.1393013507061102,12.472231,-150.944122,-0.9980682067909376,1.0827806878708341,0
-0.7952451192876686,80.761665,57.189939,0.7013136500415621,-0.7887489805758024,0
2.277258108842286,37.469359,91.448031,-0.006762123638646077,-1.2206404425250263,0
-1.0206674647172334,87.413018,-174.433637,0.9137363821456246,1.0827806878708341,0
-0.0574895418327344,34.55189,131.233517,1.6218121558258327,-0.6447851599260612,0
-0.04487600569267021,77.956012,176.713324,1.196966691617708,-0.9327128012255437,0
1.3990464526694606,3.566782,-85.305316,0.5596984953055205,0.0750339433226452,0
-0.41599530493955483,42.402712,-5.119201,-1.3521060936310416,0.2189977639723865,0
2.756291178791063,87.129359,157.772124,-0.5024151652147918,-0.3568575186265786,0
0.45952873202889927,-53.334591,98.761339,1.2677742689857288,1.6586359704697993,0
0.582647701419346,-5.787264,-123.758372,1.4093894237217703,-1.076676621875285,0
-0.6587331319810161,-32.331988,66.265189,1.6218121558258327,-0.06892987732709607,0
0.6344354165735204,35.76565,175.522895,-0.5732227425828126,-1.076676621875285,0
-0.4305343472100826,-58.870113,-59.171264,0.8429288047776038,-1.5085680838245088,0
0.03033055134468487,-72.025617,99.237502,0.2056606084654164,1.3707083291703166,1
2.1554807026162357,-73.830181,127.176958,-0.14837727837468773,-0.9327128012255437,0
0.2189733008238899,74.780392,88.653898,1.3385818463537495,-1.2206404425250263,0
-0.39313679350826464,35.361488,61.942877,-1.3521060936310416,0.0750339433226452,0
-0.6640547482001576,-27.271226,-145.968092,-0.28999243311072936,1.3707083291703166,0
-1.209982705297983,86.376783,-28.8011,-0.856453052054896,0.9388168672210928,0
-1.4419617038774302,34.262719,-14.238132,0.48889091793749967,1.0827806878708341,0
-0.09238271654376386,22.142125,116.76108,-0.5732227425828126,1.514672149820058,0
0.6092838109786203,8.420239,-15.219144,1.6926197331938535,0.0750339433226452,0
-1.1477835695730383,-2.339393,138.752095,0.06404545372937474,0.506925405271869,0
0.09882141047938946,-29.220151,-34.7973,-0.28999243311072936,0.0750339433226452,0
-0.3134449906056821,21.233813,83.151066,-1.2812985162630208,-0.06892987732709607,0
0.04066041942201591,-58.536437,151.954432,-0.21918485574270855,0.506925405271869,0
-1.4477109415576517,-89.127257,-11.879576,0.2056606084654164,1.3707083291703166,0
-1.5029970769473697,60.969723,-48.729813,0.8429288047776038,-1.3646042631747675,0
0.28953039646775486,65.918765,-111.336039,0.2056606084654164,0.0750339433226452,0
-1.282029525024946,-43.0734,178.181573,-1.5645288257351042,-0.06892987732709607,0
-0.6651470300489417,39.441141,118.014767,-0.0775697010066669,-0.21289369797683735,0
-0.9465521524761561,-89.102899,141.666547,0.48889091793749967,1.514672149820058,0
0.18141184522511186,-61.630566,-135.012227,0.9137363821456246,0.7948530465713516,0
-0.9928558464461523,-32.677797,-147.374602,-0.7856454746868751,-0.21289369797683735,0
0.7081819840343286,-74.203719,-97.726413,-1.1396833615269792,1.6586359704697993,0
0.3376720276924755,35.268806,-115.102697,-0.431607587846771,-0.21289369797683735,0
-0.2254939690726446,-48.099143,101.109309,0.2056606084654164,-1.3646042631747675,0
-0.14591152735826984,-54.493584,69.513681,-0.9272606294229168,-1.2206404425250263,0
-0.07477444513018663,-59.870601,144.66622,0.13485303109739558,-1.6525319044742501,0
0.9554392213430176,-80.918469,122.720896,-0.7148378973188543,-0.21289369797683735,0
-1.3933957129113108,-66.345767,40.793094,0.7013136500415621,0.506925405271869,0
2.987322205148643,40.880915,-156.534535,0.7013136500415621,-1.2206404425250263,0
-0.2673589950039008,-14.451275,98.020083,0.6305060726735413,0.9388168672210928,0
-1.523275528103455,-28.360622,92.075791,0.2764681858334372,0.2189977639723865,0
-0.31664003281373404,78.840787,-34.167885,1.6926197331938535,0.7948530465713516,0
-1.2394972648119362,34.846756,-93.904486,-1.1396833615269792,-1.3646042631747675,0
-0.5012836391731005,66.151852,33.949114,-1.0688757841589585,-0.06892987732709607,0
1.0962463702672742,78.768685,-122.828068,-1.1396833615269792,0.36296158462212774,0
0.30574011680891955,-61.969852,-24.783788,0.13485303109739558,-0.6447851599260612,0
0.5945888412621788,6.016852,-121.207662,0.7013136500415621,0.9388168672210928,0
-0.4096271926394134,-32.956468,61.805017,-1.3521060936310416,-0.9327128012255437,0
0.18471923942066076,-4.614527,85.464853,0.2764681858334372,-1.5085680838245088,0
0.4529273860366239,-77.70233,-119.381657,-0.36080001047875015,-0.3568575186265786,0
0.17656875153123158,-11.310753,-65.734618,-0.21918485574270855,-1.6525319044742501,0
-0.0726213393202668,-74.377295,115.958927,-1.4937212483670832,-1.6525319044742501,0
0.18960392204046794,84.426014,-118.971063,-0.9272606294229168,0.506925405271869,0
0.5137789723490713,-46.404304,170.260169,-0.28999243311072936,1.514672149820058,0
-0.6626783905746011,3.243617,142.733465,1.4093894237217703,-0.21289369797683735,0
0.19060219022509575,-75.832941,140.604165,-0.431607587846771,-0.06892987732709607,0
0.12467437069586501,79.98716,-108.120102,-0.14837727837468773,0.7948530465713516,0
2.169419936743701,-39.565737,-25.658607,0.06404545372937474,0.36296158462212774,0
0.35568406445907735,-41.262992,-134.245009,1.4801970010897911,1.514672149820058,0
-0.4739691942396846,12.296108,18.499913,1.4093894237217703,1.6586359704697993,0
1.5933593139902327,33.779729,-159.466072,0.5596984953055205,1.2267445085205755,0
1.720045203093923,-3.872555,111.752639,0.2764681858334372,-1.076676621875285,0
0.15034803408321898,23.493718,-16.201201,-1.2812985162630208,-0.6447851599260612,0
-0.18343507870743975,-67.941698,-167.138471,0.2764681858334372,0.7948530465713516,0
0.12494144393358853,-48.274397,179.800916,-0.431607587846771,-0.7887489805758024,0
0.6390271939979468,-61.56849,75.410805,-1.4937212483670832,-0.9327128012255437,0
-0.039846767109504355,-39.826643,53.427716,-0.7148378973188543,1.514672149820058,0
0.5153944014957006,65.309093,49.22953,0.8429288047776038,1.6586359704697993,0
0.03609077826079865,-22.001138,-107.580227,1.4093894237217703,0.2189977639723865,0
1.1221051815598413,28.576153,155.558044,0.9137363821456246,0.36296158462212774,0
-0.6770452729404919,-83.205994,79.103194,-0.431607587846771,0.36296158462212774,0
0.039868714297747396,85.979628,-130.441217,-0.9272606294229168,-0.6447851599260612,0
-0.16482739655139197,85.08064,131.070707,-1.210490938895,-1.2206404425250263,0
-0.8885313063115602,-75.560746,-132.011767,-0.9272606294229168,0.2189977639723865,0
-0.21474256976331657,-69.039084,-139.782564,-1.210490938895,-0.9327128012255437,0
0.7906890216926096,67.67793,98.163389,-0.9272606294229168,-0.06892987732709607,0
-0.5361572785118474,-87.174071,80.295375,0.13485303109739558,-1.076676621875285,0
0.4985120600421865,31.88581,-74.270963,-1.3521060936310416,0.506925405271869,0
-0.9982956397242622,37.004286,131.770038,1.3385818463537495,-1.2206404425250263,0
-1.054811939356124,48.504097,-96.851202,1.3385818463537495,-0.21289369797683735,0
0.370999437410629,45.792502,-155.406778,1.0553515368816662,1.514672149820058,0
-1.1819776748673354,-78.535748,-142.065661,1.6218121558258327,-0.5008213392763199,0
-0.24629904231875543,-71.984311,19.806009,-0.006762123638646077,0.0750339433226452,0
1.714911749192321,-74.838749,-155.873271,1.6926197331938535,-0.3568575186265786,0
1.1669038865850914,76.728577,37.604843,-0.431607587846771,1.2267445085205755,0
0.42401648549070015,49.494979,-98.217966,-1.5645288257351042,-0.5008213392763199,0
-0.522021124571739,57.382787,-73.100206,-1.635336403103125,1.0827806878708341,1
2.471671947294442,51.818627,137.61358,-0.28999243311072936,1.6586359704697993,0
-0.47719200139078966,62.162845,-84.027394,-0.7148378973188543,0.9388168672210928,0
0.5623750922868012,27.35879,-3.3774,0.2764681858334372,0.9388168672210928,0
-0.3438789171702617,-77.618894,-54.633091,0.7013136500415621,-0.21289369797683735,1
-0.5836326456983207,-8.402504,156.425741,0.48889091793749967,1.6586359704697993,0
-0.21157886707016027,59.75774,-173.65893,0.9137363821456246,-0.3568575186265786,0
1.6541490846532148,-40.274122,-48.972128,0.4180833405694788,1.514672149820058,0
-0.6798936075261928,-65.827812,20.145212,-1.7061439804711458,-1.2206404425250263,0
-0.22045965645767907,1.952578,-68.07837,-0.431607587846771,-0.5008213392763199,1
0.008739786925994265,9.15714,102.603885,1.196966691617708,-1.5085680838245088,0
-0.591741399881966,-31.829785,-167.709841,-0.0775697010066669,-1.076676621875285,0
-1.1376049026066555,51.9157,-128.536646,1.196966691617708,1.6586359704697993,0
0.8775234315751748,-44.535999,110.627878,-0.5732227425828126,1.3707083291703166,0
-0.6087265971399927,-85.391115,40.45571,0.4180833405694788,1.514672149820058,0
0.2842217681980388,-25.901533,167.226213,-0.7148378973188543,0.7948530465713516,0
3.018221332803489,-54.95753,-2.514892,1.4801970010897911,0.7948530465713516,0
-0.9408631281476455,52.197177,113.482505,1.4801970010897911,0.6508892259216102,0
0.1593862541537216,-71.473877,-26.985587,-0.7148378973188543,-0.5008213392763199,0
-1.4986772108515527,-29.02252,132.036335,-0.7148378973188543,0.6508892259216102,0
-0.5916313851549724,-59.482661,132.827089,-1.635336403103125,0.2189977639723865,0
0.2777237258130202,52.832357,-161.865978,0.5596984953055205,-0.9327128012255437,0
-0.6495064611388666,-42.674347,-137.830718,0.48889091793749967,0.36296158462212774,0
1.631395212367866,-63.730952,46.794859,1.126159114249687,-1.2206404425250263,0
0.2749545424377204,-79.889472,-37.554368,-1.1396833615269792,-0.7887489805758024,0
-1.1194678562870775,-11.865572,-16.218191,1.196966691617708,1.514672149820058,0
0.3541294942097176,12.332968,22.724887,-0.0775697010066669,-0.6447851599260612,0
0.6916374577225326,-23.323657,73.472244,-0.5024151652147918,0.9388168672210928,0
0.3188316683089368,10.261061,-76.203296,-0.7148378973188543,0.36296158462212774,0
2.902815209017385,44.593055,63.615021,0.7721212274095829,1.514672149820058,0
-0.5065433073849964,10.694927,107.482856,0.6305060726735413,1.514672149820058,0
-0.8454794264424961,11.549076,-10.238778,-1.4229136709990624,0.36296158462212774,0
-0.22933750260516778,-77.066367,-36.623447,-0.7148378973188543,0.7948530465713516,0
-0.3778031088008986,-75.757905,149.428161,-0.9980682067909376,1.6586359704697993,0
0.29269204296510865,-68.41049,-156.340106,-0.14837727837468773,0.9388168672210928,0
0.2624158329950519,30.643729,82.116229,-1.0688757841589585,1.6586359704697993,0
-0.9276677520827247,-50.345617,-166.1534,1.4093894237217703,0.6508892259216102,0
-0.24132447435570542,38.956522,83.944012,-1.210490938895,0.7948530465713516,0
0.05876256591692117,-62.336214,-120.981502,-0.36080001047875015,1.6586359704697993,0
0.6404334758133836,70.673593,-178.228069,-0.14837727837468773,0.2189977639723865,0
0.051199565099517036,61.280234,-177.430443,1.126159114249687,1.3707083291703166,0
0.5922934465147762,-88.967062,-93.708788,-0.9980682067909376,-1.2206404425250263,0
0.9984375499596346,6.652263,-83.430082,0.7721212274095829,1.514672149820058,0
0.33876213542722394,-23.507932,-13.079952,0.7721212274095829,-0.21289369797683735,0
1.534773937792327,-25.309101,3.40865,0.48889091793749967,-0.9327128012255437,0
-1.138076504052224,-88.950957,2.063486,1.4093894237217703,1.6586359704697993,0
0.2526046015919383,38.523147,-134.891929,1.551004578457812,0.7948530465713516,0
-0.9488011447236234,36.917861,127.123188,-1.5645288257351042,-0.6447851599260612,0
-0.557507263755374,-66.072482,-68.150249,1.0553515368816662,-0.5008213392763199,0
0.021920696938498734,49.026413,68.496172,-1.0688757841589585,0.7948530465713516,0
0.324428678827863,-69.843285,37.84112,-1.4229136709990624,-1.2206404425250263,0
1.4778191482651282,64.302804,-80.707926,-0.7856454746868751,-0.3568575186265786,0
-1.196035342405071,52.161747,111.535935,-1.210490938895,1.6586359704697993,0
1.5884691838402212,41.026312,50.796218,-1.1396833615269792,-0.21289369797683735,0
-0.6925075481279863,-5.53184,-153.392788,-0.5024151652147918,1.514672149820058,0
0.360508012692253,-74.230336,154.629933,0.06404545372937474,-0.7887489805758024,0
-4.920705172540506e-05,83.763421,-53.883693,-0.21918485574270855,1.3707083291703166,0
-1.3289928382398364,-1.942325,-161.261852,0.06404545372937474,-0.5008213392763199,0
-0.5713739677282621,62.38145,13.489949,-1.1396833615269792,-1.5085680838245088,0
-0.5246069921868506,7.63488,160.591931,-0.431607587846771,0.6508892259216102,0
0.8848661711591183,52.803666,-79.568393,-0.9272606294229168,0.9388168672210928,0
1.263814563617505,-68.763036,22.102252,-1.4229136709990624,-0.7887489805758024,0
-0.7687083512025715,9.997057,56.674304,-0.9272606294229168,1.0827806878708341,0
-0.5506655238478569,72.93249,10.436218,0.7721212274095829,1.3707083291703166,0
-0.09131180832793583,64.110846,-123.924124,1.6926197331938535,-0.5008213392763199,0
-1.1414062921638979,89.717964,172.692702,0.48889091793749967,-1.3646042631747675,0
-0.8487535439501258,50.392926,31.944648,-0.6440303199508335,0.0750339433226452,0
1.5732516013536044,40.092698,156.106023,0.2764681858334372,0.7948530465713516,0
-0.2850380553243919,36.339107,53.979377,-0.5732227425828126,-0.9327128012255437,0
1.4100756665405982,-27.189136,114.652744,-1.4937212483670832,-0.9327128012255437,0
-1.4522827551443678,-50.484872,-78.271414,-0.14837727837468773,-0.5008213392763199,0
-0.3549401052894798,56.421619,-139.461446,-1.7061439804711458,1.514672149820058,0
-0.718129313289084,47.706349,179.732089,0.5596984953055205,-0.21289369797683735,0
1.1675770233164813,-86.420306,13.003909,-1.635336403103125,0.0750339433226452,0
-1.3516259122660688,-21.435599,22.050377,-1.1396833615269792,-0.6447851599260612,0
-1.404363996341812,-75.01731,62.352751,1.6218121558258327,-0.9327128012255437,0
1.8660288932058875,-12.657484,-61.160029,0.7013136500415621,0.9388168672210928,0
0.02570490380506934,8.397945,-22.271085,1.2677742689857288,-1.3646042631747675,0
0.6792732373395692,-64.265741,-87.732297,0.6305060726735413,0.2189977639723865,0
0.4254440002013653,-44.495394,-34.584772,1.0553515368816662,-0.5008213392763199,0
-0.93755040554266,26.201604,169.869903,-1.635336403103125,-0.6447851599260612,0
1.0554844392529863,-68.918674,-8.912439,-0.7148378973188543,-1.076676621875285,0
0.6754541395103688,-88.226196,-174.157186,-0.856453052054896,1.2267445085205755,0
-1.3391991104349594,16.091595,130.708597,0.9137363821456246,0.7948530465713516,0
-0.29466684774513713,72.222447,-92.277076,-0.006762123638646077,-0.7887489805758024,0
-0.7108426114130008,-72.057782,-92.731636,-0.28999243311072936,1.6586359704697993,0
-0.04091777674465273,-83.502098,-53.370624,1.2677742689857288,0.36296158462212774,0
-0.18251051952855013,30.395817,103.621805,-0.431607587846771,-0.5008213392763199,0
-0.5067167805136243,-8.98717,-100.395079,-1.3521060936310416,1.0827806878708341,0
0.23457530958740644,-17.37076,-149.310228,-0.7856454746868751,-1.3646042631747675,0
-0.7726405489985997,-16.379417,-154.899496,0.2056606084654164,-1.2206404425250263,0
-1.252912946951525,-63.482013,-169.856312,-0.856453052054896,1.514672149820058,0
0.3752988592123313,-16.274967,-35.34377,-0.36080001047875015,0.36296158462212774,0
0.3428948689501063,71.73851,-66.480651,1.4801970010897911,0.9388168672210928,0
-1.501477989499855,40.587105,-111.171326,-1.5645288257351042,-1.076676621875285,0
0.07364293376011302,35.15655,147.175105,-1.1396833615269792,-0.3568575186265786,0
0.8969477174937996,-5.549262,-157.497608,-0.5024151652147918,-0.9327128012255437,0
-1.4599560828439178,32.533017,-25.923427,-0.431607587846771,0.6508892259216102,0
0.278221519263938,-45.503938,-73.598862,-1.4229136709990624,-1.076676621875285,0
0.6572451053671188,-62.610452,112.92632,1.126159114249687,-1.3646042631747675,0
3.175060763180413,-75.786767,-60.790548,1.4093894237217703,-0.7887489805758024,0
-1.0109399146192888,-2.120988,110.041526,0.9137363821456246,-1.3646042631747675,0
0.6906025665447687,0.24833,-41.785445,0.9845439595136454,1.514672149820058,0
0.15275919266702281,-82.212656,132.163266,-1.4937212483670832,0.36296158462212774,0
-0.5279516075609315,-36.073318,99.129534,-0.9980682067909376,-0.06892987732709607,0
1.1693424438353646,71.8511,141.417145,-1.635336403103125,0.7948530465713516,0
2.2642394324932837,80.574992,-152.798369,-0.856453052054896,-0.9327128012255437,0
0.3106818013763158,44.002007,-6.262406,-1.1396833615269792,-0.06892987732709607,0
0.13289815070999048,-36.470058,135.507831,-0.9980682067909376,-1.6525319044742501,0
0.615340707453528,-19.099473,-150.415141,0.48889091793749967,-1.5085680838245088,0
0.20744890718460843,74.702819,-35.26328,1.551004578457812,-0.5008213392763199,0
0.1357902250131907,-50.24533,-135.076061,1.4093894237217703,-0.3568575186265786,0
-0.8505414344526642,-11.486782,61.868424,1.126159114249687,1.0827806878708341,0
-0.440483871664803,-70.565126,10.262954,-0.6440303199508335,-0.7887489805758024,0
0.06978542273390931,66.415658,30.962362,1.6218121558258327,1.514672149820058,0
0.4780988921670891,58.406936,174.197636,-1.4229136709990624,-0.7887489805758024,0
-0.8787636386423707,58.263819,162.476664,0.34727576320145803,0.0750339433226452,0
-1.2102715011623406,-36.58174,-54.142405,1.0553515368816662,-0.6447851599260612,0
0.09085175513086206,69.439797,-4.103502,1.4093894237217703,-1.5085680838245088,0
-0.036266542658377046,77.468933,120.899038,-0.21918485574270855,0.9388168672210928,0
-0.9348388218048952,6.584147,169.337163,0.7721212274095829,0.6508892259216102,0
-0.7891568797084653,-32.056894,-22.406504,-0.006762123638646077,-1.2206404425250263,0
0.9309596518110679,76.913841,128.565865,1.6218121558258327,1.3707083291703166,1
1.522910577576675,55.453343,-151.50995,-1.2812985162630208,0.2189977639723865,1
0.22819044054762955,-61.894555,-40.697406,-1.4229136709990624,0.506925405271869,0
-0.5539500261033875,-22.144877,124.923856,-0.7148378973188543,0.7948530465713516,0
-0.6736733859928009,1.079195,-36.310074,-1.7061439804711458,-0.7887489805758024,0
0.13382970730830276,-83.618507,-4.329462,0.4180833405694788,-0.06892987732709607,0
-0.7890366303415792,-73.363746,103.049187,-1.2812985162630208,-1.5085680838245088,0
-0.766187139441339,73.642101,38.599549,1.4093894237217703,-0.6447851599260612,0
0.2883099582756971,73.744479,-26.496585,-0.006762123638646077,-0.7887489805758024,0
1.1499464104659312,-50.028939,90.441112,0.6305060726735413,1.6586359704697993,0
0.048027133920540865,62.324155,-87.604342,0.9137363821456246,1.514672149820058,0
-0.41866920147894937,64.118122,-48.326569,-0.856453052054896,0.0750339433226452,0
-1.4434516494081944,-57.777297,-30.26792,-1.635336403103125,0.0750339433226452,0
-0.32182262622036306,-29.496978,-89.040797,-0.28999243311072936,-1.3646042631747675,0
0.0067995290720704454,29.683422,-116.257308,-1.210490938895,1.3707083291703166,0
0.22171235444341966,-72.450932,33.741491,0.06404545372937474,0.6508892259216102,0
0.8415944534198673,75.22664,-39.804094,-0.6440303199508335,-1.3646042631747675,0
-0.662512641915519,76.873178,-115.506172,-0.7856454746868751,1.3707083291703166,0
-0.06094480360692683,10.849949,96.633363,-0.7148378973188543,-1.3646042631747675,0
-0.34021429897402156,78.892177,-27.859658,-0.006762123638646077,1.0827806878708341,1
1.0661862373026567,66.552282,-153.784944,0.5596984953055205,-0.3568575186265786,0
1.5880514252585922,71.714787,165.91649,-0.21918485574270855,1.6586359704697993,0
-0.46848184162948914,-26.258744,-115.839582,-1.2812985162630208,-1.3646042631747675,0
-0.5876351086838468,1.470874,-100.595596,-1.0688757841589585,-0.06892987732709607,1
-0.7560678019250502,3.340678,-132.373809,0.6305060726735413,0.506925405271869,0
2.5855814643723187,-5.698159,46.713987,0.48889091793749967,1.3707083291703166,0
-0.722137704438928,-56.805088,-101.901956,1.0553515368816662,-1.5085680838245088,1
-0.04237019451750174,38.802465,-19.473903,0.4180833405694788,1.514672149820058,0
1.5782765090570616,-29.507764,-59.477802,0.7013136500415621,-0.3568575186265786,0
0.835577244446349,-24.235765,-54.957746,1.2677742689857288,1.6586359704697993,0
-0.38378053339385876,71.800414,124.576931,-0.6440303199508335,1.6586359704697993,0
-0.8916275363576096,-73.073612,95.618166,-1.5645288257351042,1.514672149820058,0
-1.1288716141419415,44.364066,158.31577,1.4093894237217703,1.6586359704697993,0
-0.33554346374759775,84.653133,-132.31878,1.4801970010897911,0.2189977639723865,0
0.220128502721498,-89.722853,23.001146,-0.0775697010066669,1.6586359704697993,0
0.5422517798368526,14.201439,176.086126,0.7013136500415621,-1.5085680838245088,0
-0.5413868639631136,70.89101,79.870825,-0.431607587846771,1.514672149820058,0
0.10043659337766127,33.226135,119.16888,0.13485303109739558,1.3707083291703166,0
0.25627959573049836,-42.871337,-122.489356,0.7721212274095829,-1.2206404425250263,0
0.9596461171598251,80.283033,-178.858211,0.2056606084654164,0.9388168672210928,0
0.1512018062321916,-11.057487,-3.606768,-1.4229136709990624,-0.7887489805758024,0
0.7969182957901623,-69.833126,-58.114358,-0.21918485574270855,0.6508892259216102,0
-0.1950778467119982,-44.489427,175.475835,-0.5024151652147918,-1.076676621875285,0
1.0240552765699098,-8.059758,-174.655597,-0.9980682067909376,-0.21289369797683735,0
2.342706268938723,-53.774172,-24.386337,-0.7148378973188543,1.6586359704697993,0
-0.18509390844453058,-59.630265,-142.829249,-0.36080001047875015,0.6508892259216102,0
0.3207944593153699,2.410409,69.162058,-0.36080001047875015,-0.9327128012255437,0
-0.1810667694936166,11.865574,-10.656807,-0.9272606294229168,-1.5085680838245088,0
-0.3275220979826674,-1.418343,-97.891902,1.126159114249687,-1.3646042631747675,0
-0.015045760200923216,60.716528,168.027963,1.6218121558258327,0.2189977639723865,0
-1.201308537408712,53.554488,-17.606846,1.2677742689857288,-1.3646042631747675,0
0.3548952637674186,-47.013486,-86.68662,1.196966691617708,1.6586359704697993,0
-1.5081600573042198,61.709359,-44.153687,-1.2812985162630208,0.9388168672210928,0
-0.6527061137847179,16.362276,-168.926857,0.2764681858334372,-1.2206404425250263,0
-0.6633668254270076,-51.455862,-165.028337,0.7721212274095829,1.2267445085205755,0
-0.2749986971572381,-10.685883,-98.587301,1.2677742689857288,-1.076676621875285,0
-0.008768966894413014,-85.638353,-141.192449,-1.3521060936310416,-0.9327128012255437,0
-0.2188200875286422,54.439664,72.994842,-1.3521060936310416,1.6586359704697993,0
-0.6380854563753705,-43.866029,160.905438,-1.4229136709990624,0.7948530465713516,0
-0.712493307782953,-84.875697,-119.263169,-0.7148378973188543,0.7948530465713516,0
-1.1862319563919783,-10.568985,60.995031,1.126159114249687,-0.9327128012255437,0
-0.7461452689390305,12.598672,-79.185304,1.126159114249687,-1.6525319044742501,0
0.44436954299564824,-25.093897,-11.444952,-0.856453052054896,0.9388168672210928,0
1.0869904567827076,-52.733181,99.925747,-0.7856454746868751,-0.7887489805758024,0
-1.1341677631420446,21.803573,68.152317,-0.431607587846771,0.36296158462212774,0
0.135142830337381,-77.928467,28.845603,-1.0688757841589585,-0.6447851599260612,0
-0.8845292813512823,-35.031364,118.333758,-0.9980682067909376,0.0750339433226452,0
0.6171465377068662,89.963257,177.134069,0.9845439595136454,1.3707083291703166,0
-0.10357865286445504,-13.465386,109.894003,0.06404545372937474,-1.2206404425250263,0
-1.025585287411114,-85.024351,-58.544141,1.0553515368816662,0.2189977639723865,1
1.0700709271067648,-16.784221,-112.064476,0.8429288047776038,-0.6447851599260612,0
1.8785684237371996,89.342393,-8.87731,0.5596984953055205,-0.9327128012255437,0
0.4648495022641188,79.281587,176.861447,1.3385818463537495,-0.9327128012255437,0
1.9789325563307563,-72.385259,67.594544,-0.0775697010066669,0.36296158462212774,0
0.41613148746919587,-53.768053,-134.103152,-0.36080001047875015,1.514672149820058,0
-0.5632526386245583,10.508414,115.72542,0.9845439595136454,0.0750339433226452,0
-0.07373503543565596,41.488076,34.171109,-0.36080001047875015,-0.5008213392763199,0
-1.4790740087010077,35.012068,-85.026789,1.6926197331938535,-1.6525319044742501,0
1.1015448105482475,82.446708,19.469288,0.34727576320145803,-0.7887489805758024,0
0.9074579815369502,26.855421,-174.011548,-0.006762123638646077,-1.5085680838245088,0
-0.40163647219925236,49.011519,94.730252,-0.006762123638646077,-0.7887489805758024,0
0.31662391957618535,89.271536,-125.814171,-1.2812985162630208,-0.9327128012255437,0
-1.2319840826894664,40.502669,35.677004,-0.006762123638646077,-1.3646042631747675,1
-0.4841445765847095,-42.682583,90.295237,0.6305060726735413,-1.2206404425250263,0
-1.357736714754381,-36.297042,62.32503,0.4180833405694788,1.514672149820058,0
0.6023043096066794,74.310342,-28.36045,0.7721212274095829,0.2189977639723865,0
-0.9154997737698215,-64.926561,100.438155,-0.856453052054896,1.514672149820058,1
-0.7777132926412421,-15.706817,1.918223,-0.5732227425828126,-0.5008213392763199,0
-1.4603058900637855,-40.235006,36.032349,0.5596984953055205,-0.21289369797683735,0
0.9648832592392441,43.701739,-135.92781,-1.7061439804711458,0.506925405271869,0
1.3583409987058537,41.139112,124.93827,1.6218121558258327,0.2189977639723865,0
0.7071921944077517,-55.38452,32.487389,0.34727576320145803,1.514672149820058,0
-0.5644607887128853,-47.332474,-77.141719,-1.7061439804711458,0.9388168672210928,0
1.283839144710829,42.882647,-120.506388,-1.3521060936310416,-0.5008213392763199,0
0.9392929617068887,0.556894,-117.909333,0.2056606084654164,0.0750339433226452,0
0.20184591763052898,-7.940053,161.283436,0.8429288047776038,1.3707083291703166,0
-0.7200112995664142,41.290283,144.238978,-0.431607587846771,0.6508892259216102,0
-0.7145996641675426,-65.283508,-55.727301,-1.210490938895,-1.076676621875285,0
-0.7431385580634756,-40.262344,-83.304997,0.2764681858334372,0.0750339433226452,1
-0.8282336641019482,69.35526,38.627021,0.5596984953055205,-0.21289369797683735,1
0.33188110901574946,10.22268,-118.408035,-1.5645288257351042,-0.3568575186265786,0
0.040737185283106075,15.835264,83.893436,1.0553515368816662,-1.076676621875285,0
2.004248100822223,-63.863727,-16.907068,0.9137363821456246,0.36296158462212774,0
1.132518363152483,55.578539,-157.183054,-0.006762123638646077,-0.5008213392763199,0
2.9855698722339734,-48.236595,-46.010009,-0.006762123638646077,-0.9327128012255437,0
-0.6559588409486663,-53.451757,-112.98715,1.126159114249687,-1.6525319044742501,0
1.7283226931953117,77.547611,-112.972006,-0.14837727837468773,1.2267445085205755,0
-1.2852824270875858,-47.296223,-173.341706,-0.36080001047875015,-0.7887489805758024,0
-0.34825475152804464,-47.380055,51.139735,-0.006762123638646077,-0.7887489805758024,0
-0.9822227949395926,-10.731901,94.778562,0.34727576320145803,-1.5085680838245088,0
-0.546127292716933,52.923278,-50.961746,-0.5024151652147918,0.36296158462212774,0
-0.24473869351293354,61.866541,-169.676291,-1.1396833615269792,0.506925405271869,1
1.3864969532747418,-88.064629,124.141923,-1.4229136709990624,1.514672149820058,0
1.8986520033737462,-24.565966,175.549847,-1.635336403103125,0.7948530465713516,0
-0.7803370297293152,-0.154907,-134.562707,-1.4229136709990624,-1.3646042631747675,0
-0.46664264212293893,6.372667,49.661071,-1.5645288257351042,0.506925405271869,0
-0.4417644386838355,-80.618796,62.005387,1.126159114249687,-1.2206404425250263,0
-1.459281013557543,70.918399,26.56909,1.4801970010897911,-0.7887489805758024,0
1.581307806404457,89.684091,37.190906,1.126159114249687,-0.7887489805758024,0
-0.5037885455927077,46.339741,68.2899,-0.9272606294229168,-0.21289369797683735,0
-0.6150368978697246,-78.501111,148.822295,0.7013136500415621,-1.2206404425250263,0
-0.331139705471954,-0.17014,69.485922,-0.7148378973188543,1.514672149820058,0
-0.05903065712536642,-81.84798,-161.352603,-0.9272606294229168,-1.6525319044742501,0
-0.0382618726650747,5.407638,142.375811,-1.7061439804711458,-0.7887489805758024,0
-0.7114762713650399,-19.142687,-21.250078,-1.3521060936310416,0.7948530465713516,0
1.4865744187388417,-52.265038,132.630831,-0.5732227425828126,-0.21289369797683735,0
-0.43437798486992474,-81.05745,60.310087,-0.9980682067909376,0.0750339433226452,0
0.24119614625733196,-56.160592,-161.102448,-0.431607587846771,-1.2206404425250263,0
0.03923044210223115,71.1673,113.341715,0.9137363821456246,0.2189977639723865,0
0.17207682758368825,73.231724,1.479575,0.34727576320145803,-1.2206404425250263,0
-1.2692277777229621,12.531898,71.745051,-0.7856454746868751,1.0827806878708341,0
0.823559352849453,37.156465,-59.908444,0.7013136500415621,-1.076676621875285,0
-0.6924767164894994,-89.316667,111.850007,1.3385818463537495,-0.9327128012255437,0
0.18809301623186822,-39.638979,-71.33991,-1.2812985162630208,-1.5085680838245088,1
-0.3812058733639632,77.238234,-11.730808,0.6305060726735413,0.2189977639723865,0
1.0646451318789485,18.466923,-173.880803,0.4180833405694788,-0.7887489805758024,0
0.9550980324432508,-39.415921,-159.432377,0.7721212274095829,-0.21289369797683735,0
-0.5482176356005425,-36.472252,9.388598,0.5596984953055205,1.0827806878708341,0
-1.2614263311161944,72.626094,11.237812,-0.36080001047875015,0.36296158462212774,0
-0.4691542181021893,-36.658365,99.624867,-1.3521060936310416,1.3707083291703166,0
-0.21872105264209013,17.336717,131.277354,-1.635336403103125,0.506925405271869,0
0.3747687166906592,53.579375,-82.348589,-0.7856454746868751,0.7948530465713516,0
-1.145749501172484,-24.742596,-111.270896,-1.5645288257351042,-1.076676621875285,0
-0.2374923667131485,78.531171,9.828233,0.8429288047776038,-0.5008213392763199,0
-0.023967486895722145,56.198156,70.101294,1.126159114249687,-0.3568575186265786,0
-0.042341338624036294,80.990832,25.473823,-0.7148378973188543,0.36296158462212774,0
-0.8876360257306554,56.361499,-78.494886,1.126159114249687,-0.06892987732709607,0
-0.5034799476366537,3.456036,-12.254459,-1.2812985162630208,-1.3646042631747675,0
0.9242264117927689,-86.222775,158.825103,-0.856453052054896,0.9388168672210928,0
-0.2306002707828366,29.08249,-126.033796,-1.4937212483670832,-1.2206404425250263,0
-1.1647557484696727,47.378728,171.813137,-0.0775697010066669,0.7948530465713516,0
-0.32385000371173395,59.069126,-126.198699,-0.9980682067909376,0.2189977639723865,0
-0.26277710662126547,67.103975,129.600384,0.48889091793749967,-0.9327128012255437,0
-0.9740884749589405,20.598966,-81.352836,-0.856453052054896,-0.3568575186265786,0
-0.24206371778603575,-0.65032,118.817778,-1.1396833615269792,-1.076676621875285,0
0.6240469453415117,70.060861,-49.199626,0.6305060726735413,-1.6525319044742501,0
-0.41150468896356207,-53.27044,-68.42547,0.06404545372937474,1.3707083291703166,0
-0.353709647946282,87.127105,7.310438,0.48889091793749967,-0.21289369797683735,0
-0.7929048531885703,-76.796363,8.712347,-1.210490938895,-0.7887489805758024,0
-0.0743079341846659,-14.660158,76.579847,1.126159114249687,-0.3568575186265786,0
-0.14308725407507628,16.626327,-33.368388,0.7013136500415621,0.506925405271869,0
0.8387289490239979,47.832696,-123.199906,1.3385818463537495,0.0750339433226452,0
0.16838325292599954,-59.196876,-7.30673,-0.5732227425828126,1.6586359704697993,0
-0.9399763388577939,38.092672,-127.54877,1.2677742689857288,0.9388168672210928,1
-0.31463901389835375,19.210992,163.950332,0.4180833405694788,-0.5008213392763199,0
-1.2752488604681038,-17.526166,-152.350146,-1.4229136709990624,-0.7887489805758024,0
-0.2152262562192761,6.159673,39.93239,-0.21918485574270855,-0.6447851599260612,0
1.655156476022271,-14.397885,126.825061,1.126159114249687,0.36296158462212774,0
0.43458200120575896,-52.387259,-22.081054,-1.2812985162630208,1.0827806878708341,0
-0.9724721551890317,-65.07854,16.384214,-1.210490938895,1.6586359704697993,0
-1.088598124458652,28.590701,56.049633,0.06404545372937474,-0.06892987732709607,0
0.1704923219063598,-85.649799,-6.099325,0.2056606084654164,-0.7887489805758024,0
-0.18098681780342504,-17.501834,-19.138042,0.5596984953055205,0.0750339433226452,0
-1.184750482089038,52.566584,-89.927828,-1.0688757841589585,0.9388168672210928,0
-0.7968779650304144,-63.969067,-115.9916,-1.4229136709990624,1.2267445085205755,0
-0.5136716600571675,-30.630201,-24.531128,-1.210490938895,-1.2206404425250263,0
-0.4290611555885851,16.839264,33.259925,0.06404545372937474,-0.21289369797683735,0
0.07747039994334988,-57.98046,-79.582017,0.34727576320145803,-0.7887489805758024,0
-0.30584577977254385,7.989412,-72.920049,-0.5732227425828126,-0.6447851599260612,0
0.8388185787072124,36.247466,3.023581,-1.4937212483670832,-1.6525319044742501,0
2.421458258897805,0.411593,-135.009501,1.0553515368816662,-1.6525319044742501,1
-0.7651728164535209,51.859415,-4.477895,1.126159114249687,-1.076676621875285,0
-1.3944142408977778,-35.034515,24.793952,-1.4937212483670832,-0.9327128012255437,0
-0.5683307326192102,63.77173,59.045331,1.196966691617708,-1.5085680838245088,1
0.5493694955783257,-16.296103,-153.391694,0.34727576320145803,-1.3646042631747675,0
-0.5487779034078972,-48.486014,38.684211,-0.21918485574270855,-0.7887489805758024,0
0.05426015288597674,31.367051,-8.846276,-1.7061439804711458,0.0750339433226452,0
-0.6092751848627934,35.584358,-100.435739,1.0553515368816662,1.514672149820058,1
-1.365738762461334,-37.711806,-26.240666,0.9845439595136454,-0.5008213392763199,0
3.125915142182072,-49.932789,-18.977031,0.4180833405694788,0.2189977639723865,0
2.8499520787677945,4.787217,-50.461672,1.126159114249687,0.6508892259216102,0
-0.38511947632509763,11.93377,-119.439712,0.7721212274095829,1.0827806878708341,0
1.2522913880784456,13.11234,60.415046,-0.9272606294229168,0.36296158462212774,0
0.18120362253590733,-39.702512,37.352312,-0.0775697010066669,-0.6447851599260612,0
-0.4930691376779767,51.091822,66.79824,-0.36080001047875015,1.3707083291703166,0
0.34964754764504696,-10.969185,-154.569013,-0.7856454746868751,-1.3646042631747675,0
-0.38397407133546446,12.681428,-143.242701,1.196966691617708,-1.5085680838245088,0
-0.9781464952862062,52.55547,127.505141,-1.1396833615269792,-0.9327128012255437,0
0.06871701482983773,72.553969,-122.113995,0.5596984953055205,-0.3568575186265786,1
-0.4372862803733358,65.487093,-120.5695,-0.856453052054896,-0.9327128012255437,0
0.20672755687988356,-44.909179,-69.163855,-1.4229136709990624,-0.21289369797683735,0
-0.7343597752177267,64.840737,-35.617771,-1.5645288257351042,1.2267445085205755,0
-0.7370384502432371,-1.05156,-65.869442,0.2056606084654164,1.2267445085205755,0
-0.8010910743045611,-53.356297,134.608211,-1.210490938895,0.2189977639723865,0
0.3442861133675423,-51.860317,9.521968,-0.0775697010066669,0.0750339433226452,0
-1.3910805561432231,29.087746,25.655356,1.196966691617708,0.2189977639723865,0
-1.4072902050656508,14.794686,149.733092,1.0553515368816662,-0.7887489805758024,0
0.2535319388581703,4.975006,172.392109,1.6926197331938535,0.7948530465713516,0
-1.438581030809611,50.074505,-91.719386,1.6926197331938535,1.2267445085205755,0
-1.1511534076270353,-58.04002,26.961221,1.551004578457812,1.3707083291703166,0
-1.0663682676214317,46.831359,-48.132805,-0.5732227425828126,0.2189977639723865,0
0.2425266819531831,-0.398133,2.401137,0.8429288047776038,-0.7887489805758024,0
2.7886968878926384,56.121796,54.614099,-0.6440303199508335,-1.076676621875285,0
0.45196828568656056,59.102538,161.367492,1.6926197331938535,1.2267445085205755,1
1.5436330805194718,-63.980737,60.111166,1.0553515368816662,0.506925405271869,0
1.2538037396929582,-55.24265,106.714482,-0.14837727837468773,0.2189977639723865,0
0.009222165158254544,60.657241,-156.851821,1.0553515368816662,1.2267445085205755,0
0.5433732395952456,61.849996,169.441522,0.7013136500415621,-1.076676621875285,0
0.6766449364467391,5.087594,-163.507849,0.9137363821456246,-0.9327128012255437,0
1.229480136352389,45.491737,174.248945,-0.6440303199508335,-1.6525319044742501,0
-1.2326702505568718,63.12383,169.786147,1.3385818463537495,-0.6447851599260612,0
0.07598590453950754,-81.24046,57.598652,-0.9272606294229168,1.6586359704697993,0
-1.160990949632529,52.849915,-147.677563,-0.9980682067909376,0.0750339433226452,0
1.1709115457670543,15.38876,-90.024985,1.126159114249687,1.0827806878708341,0
-0.5990058994061934,45.719874,139.432569,0.2764681858334372,0.7948530465713516,0
-0.1675719201677642,-17.850701,88.723362,-1.0688757841589585,0.9388168672210928,0
0.8462823216655989,51.28524,60.55285,-0.6440303199508335,0.506925405271869,0
-0.6402792631146058,49.907177,129.797248,-0.7856454746868751,0.6508892259216102,0
1.3240502331399937,39.70656,66.810214,-0.6440303199508335,-0.6447851599260612,0
-0.3313403117566372,79.565115,150.44065,-0.36080001047875015,1.514672149820058,1
-0.7694457963607476,-75.630178,55.25938,-1.5645288257351042,-0.7887489805758024,0
2.7694556608458387,-86.327788,-115.310028,-0.28999243311072936,1.514672149820058,0
-0.7271894612994451,-3.341741,-28.161439,1.0553515368816662,0.9388168672210928,0
-1.352387436941592,-68.476486,-139.61636,0.5596984953055205,0.0750339433226452,0
1.11939853175059,83.68967,154.315026,-0.14837727837468773,-0.6447851599260612,0
-1.1596183808107248,-52.614186,-38.244881,0.13485303109739558,0.6508892259216102,0
-0.4108163356894898,-51.551568,103.627076,-0.9980682067909376,0.9388168672210928,0
0.2556721584938224,69.347044,177.792006,-0.6440303199508335,-1.6525319044742501,0
0.9250465749272975,39.923673,73.38866,-0.856453052054896,-1.3646042631747675,0
0.551505200318323,8.955048,63.099,-0.7148378973188543,-0.9327128012255437,0
0.33893077688485956,-74.574874,-9.692601,1.6218121558258327,1.0827806878708341,0
-0.13897906194501805,-43.20613,-71.71803,-1.0688757841589585,0.6508892259216102,0
0.696411214617945,-2.640991,-98.265093,0.5596984953055205,1.0827806878708341,0
-1.204754704156628,14.606539,-173.520121,0.13485303109739558,0.0750339433226452,0
-0.38394848757951366,-59.709966,-100.186022,-0.856453052054896,-1.5085680838245088,0
-0.04340567502038932,-75.513741,-93.677909,-0.21918485574270855,-0.6447851599260612,0
2.8381576218461033,-37.327021,-72.048814,0.34727576320145803,-0.21289369797683735,0
-0.1079109381061232,-24.684621,-164.47871,-0.28999243311072936,-0.7887489805758024,0
-0.41552614488212486,-1.858198,65.902148,-1.210490938895,-1.2206404425250263,0
-0.7412789473443082,-12.496809,62.587625,-1.5645288257351042,-0.21289369797683735,0
-0.6611981692748411,-24.153327,-94.899399,-0.006762123638646077,-0.7887489805758024,0
0.2478673317747378,-50.444187,163.161549,0.9845439595136454,-0.06892987732709607,0
0.5668094048476269,7.122709,-42.078526,-0.006762123638646077,-0.7887489805758024,0
1.4757773038516744,-76.564446,-31.119026,1.4093894237217703,-1.6525319044742501,1
-0.8731637998154856,-14.537756,112.622345,-0.9272606294229168,-0.9327128012255437,0
1.499858478311481,-6.866423,-42.560439,0.13485303109739558,-0.21289369797683735,0
-0.35691845092043606,80.667692,-84.03453,0.48889091793749967,1.6586359704697993,0
-1.1629071312838948,-38.513095,-109.641374,-0.006762123638646077,-1.3646042631747675,0
-0.27465156718132344,-19.156467,-37.699743,0.7721212274095829,0.506925405271869,0
1.552269918803166,18.942273,-25.694637,-0.21918485574270855,0.7948530465713516,0
0.6505887072001922,-1.376707,-86.3001,-0.9980682067909376,1.6586359704697993,0
-0.29249180276497166,-82.498091,-164.06911,-0.006762123638646077,1.0827806878708341,0
-0.2026719323445182,-54.019954,150.894577,-0.5732227425828126,0.6508892259216102,0
0.6595065779018795,28.960134,175.277206,1.2677742689857288,-0.6447851599260612,0
-0.5502727038468544,-71.593955,41.89556,0.6305060726735413,-0.21289369797683735,0
-0.0811333433345101,-15.150133,-27.178804,1.0553515368816662,1.2267445085205755,0
-0.3372662712413435,55.504241,161.637009,0.7721212274095829,1.0827806878708341,0
1.071667202889041,3.322186,-85.625596,1.2677742689857288,1.0827806878708341,0
-1.2890033773686327,-53.302974,-37.827008,-0.5024151652147918,-1.6525319044742501,0
0.31674290756650597,-46.5517,-107.362927,1.4093894237217703,-1.076676621875285,0
1.4945316293724236,-12.196879,-19.134878,1.196966691617708,-1.3646042631747675,0
0.19382173028405164,69.742392,148.274688,1.3385818463537495,0.2189977639723865,0
0.11831671487721333,11.901564,-110.772081,-0.9980682067909376,-0.9327128012255437,0
0.5216741578922705,68.6873,21.635067,1.6926197331938535,-1.3646042631747675,1
-0.7258037673156903,-48.809992,-110.762982,1.4093894237217703,-0.06892987732709607,0
-1.3088544081163462,-62.232477,-42.397671,0.48889091793749967,-0.6447851599260612,0
1.157654534582278,40.849628,-130.652135,-0.36080001047875015,-1.076676621875285,0
0.9565487602882072,1.327279,134.443461,-1.210490938895,1.6586359704697993,0
0.6388037774294351,83.861072,-93.364562,-0.5732227425828126,-0.6447851599260612,0
-0.15715830950603443,47.655262,88.768307,1.2677742689857288,-1.3646042631747675,0
-0.5377266053700747,30.259354,50.308827,0.13485303109739558,-1.2206404425250263,0
-0.44731937050062154,89.339378,129.56182,-0.7856454746868751,-0.5008213392763199,0
-0.5411031957096383,53.15911,69.116383,0.8429288047776038,-1.076676621875285,0
-1.122093718942787,51.191107,-118.882541,1.551004578457812,0.7948530465713516,0
0.25077264269287775,-20.233313,-117.533271,1.2677742689857288,1.2267445085205755,0
0.6163515618691192,-63.873772,-150.298087,0.5596984953055205,1.2267445085205755,1
-0.8543669533006865,-35.047744,-69.685142,-1.4937212483670832,0.0750339433226452,0
-0.41761217591794164,-61.592989,133.117425,-1.1396833615269792,1.514672149820058,0
0.433890324544081,70.378183,103.154592,-1.635336403103125,-1.5085680838245088,1
0.8423946727715751,1.471003,19.651179,0.7721212274095829,0.2189977639723865,0
0.3083461216854921,63.424884,74.136397,1.551004578457812,-1.3646042631747675,0
-0.43524268227890106,-39.974032,19.653555,1.4801970010897911,1.514672149820058,0
0.09818453602821736,64.608075,10.79914,-1.210490938895,0.6508892259216102,0
2.8733858108805066,-45.504775,-152.073623,0.9845439595136454,0.2189977639723865,0
0.8036585698156595,46.367232,154.188531,-1.4937212483670832,1.2267445085205755,0
-1.130859452698297,68.317589,127.55082,-0.0775697010066669,1.6586359704697993,0
0.39230269566209663,-35.620977,156.661918,1.6926197331938535,1.0827806878708341,0
-0.6606931850162377,18.472065,-55.421468,-1.635336403103125,0.36296158462212774,0
-0.6245668736455375,-62.417327,-19.124446,0.4180833405694788,0.506925405271869,0
-0.37006446018971284,-19.382162,92.684678,0.2056606084654164,-1.3646042631747675,0
-0.21447142896233534,3.828944,-94.151536,0.13485303109739558,-1.3646042631747675,0
-1.2426628375973163,-59.847962,38.813221,-1.1396833615269792,1.0827806878708341,0
0.9087871915614019,-69.24815,163.327605,-0.9980682067909376,1.6586359704697993,0
-0.4839948796965862,-11.175625,31.337138,-0.6440303199508335,-1.5085680838245088,0
-1.3279409220423317,43.830614,119.25757,1.3385818463537495,-1.5085680838245088,0
0.3206941954956319,-53.479893,-102.531295,0.2764681858334372,0.6508892259216102,0
0.7313207502825919,-27.32525,13.50268,-1.7061439804711458,-0.3568575186265786,0
0.2079716621786487,68.954878,-168.418594,0.6305060726735413,-0.06892987732709607,0
-1.512359808783065,-72.289476,60.117392,-0.9980682067909376,0.2189977639723865,0
-1.1145926693483905,-16.868476,169.351295,-0.14837727837468773,1.6586359704697993,0
0.9778577546752596,1.55847,130.050919,-0.28999243311072936,0.0750339433226452,0
-1.0295598768704515,74.718033,-88.76004,-0.7148378973188543,1.0827806878708341,0
0.5756298740027234,-21.363988,-77.968414,-1.3521060936310416,0.36296158462212774,0
-0.9848638603735164,0.495177,13.042091,0.13485303109739558,-1.5085680838245088,0
0.2179731944217147,-74.944319,-170.623621,1.0553515368816662,0.506925405271869,0
-0.20807260450400275,-10.81986,-97.725806,1.3385818463537495,1.514672149820058,0
1.6081278023639993,67.393216,-4.58864,1.551004578457812,-0.06892987732709607,0
-0.2726800173979553,-78.179447,-118.801141,0.9845439595136454,-0.6447851599260612,0
-0.39326366917466,51.104612,-167.713294,-0.856453052054896,1.2267445085205755,0
-0.6440802278019282,-48.246142,16.621134,-1.1396833615269792,1.514672149820058,0
2.905094192100232,-54.534058,-75.392264,-1.5645288257351042,0.506925405271869,0
0.7148969198697497,20.642181,117.047932,0.34727576320145803,1.2267445085205755,0
1.8616959964869637,-39.194431,-0.694382,-0.21918485574270855,1.2267445085205755,0
0.9190465229794449,-74.821365,-85.53323,0.5596984953055205,1.2267445085205755,0
0.3795906708767989,73.020255,-167.445833,-0.36080001047875015,1.2267445085205755,0
0.39483593738745815,-39.374592,10.449044,-0.7148378973188543,-0.3568575186265786,0
1.6170680298368696,-46.366981,139.013803,1.4801970010897911,0.0750339433226452,0
-1.467429290240201,-82.601572,38.388432,-0.21918485574270855,-0.5008213392763199,1
-0.1288434041889698,82.106548,5.700157,0.34727576320145803,-0.5008213392763199,0
3.677972687856033,-10.951951,33.597836,0.06404545372937474,-1.076676621875285,0
1.3520277461005832,-47.284345,-145.918958,-0.28999243311072936,0.9388168672210928,0
1.1209036741094252,-89.50749,-137.085645,-0.006762123638646077,1.514672149820058,0
-1.3077730873286462,-37.012058,-150.705852,0.48889091793749967,0.506925405271869,0
-0.9797480596329051,-35.079066,134.620401,1.0553515368816662,0.506925405271869,0
0.14338375398936895,-75.475384,-114.039513,-1.3521060936310416,-0.21289369797683735,0
0.6115012282683603,-79.498713,5.584898,-0.006762123638646077,0.9388168672210928,0
0.8399095093075182,47.551448,103.351417,0.48889091793749967,1.2267445085205755,0
-0.7607341607336373,59.778601,-94.119856,-1.4229136709990624,0.7948530465713516,0
-0.48660047754597624,-61.561465,6.920347,-1.1396833615269792,-0.9327128012255437,0
0.8329761351868027,57.457402,-145.504811,-1.3521060936310416,1.0827806878708341,0
-0.24488723482676328,-72.609364,-59.082458,1.126159114249687,1.3707083291703166,0
-0.3884633471153474,51.723924,-24.92674,0.13485303109739558,0.9388168672210928,0
1.0591305394329662,45.243185,68.18906,-0.9980682067909376,-0.9327128012255437,0
0.4417437438557219,51.262982,42.959445,0.9845439595136454,-0.9327128012255437,0
-0.28046705978851766,-26.555771,118.611127,-0.5024151652147918,-1.2206404425250263,0
-0.484150642376328,50.397214,64.087142,0.7013136500415621,1.0827806878708341,0
-0.7408547414146005,-69.807737,130.426014,0.8429288047776038,0.2189977639723865,0
3.396507324332981,1.820953,104.564928,-0.856453052054896,1.3707083291703166,0
2.5979178264283944,-64.157136,6.333022,1.0553515368816662,-1.5085680838245088,0
0.2851333646581918,4.175661,178.275733,0.8429288047776038,-0.21289369797683735,0
-0.8981607599270086,63.723151,-150.011186,-1.7061439804711458,0.6508892259216102,1
1.0454687014016912,14.442405,119.450566,-1.7061439804711458,-0.5008213392763199,0
-0.8458802111279146,83.292248,-145.281645,0.9137363821456246,-0.7887489805758024,0
1.0313043631487893,-49.591718,-49.087223,-0.9980682067909376,0.506925405271869,0
3.0521171171329913,76.931388,137.162068,-0.5732227425828126,1.0827806878708341,0
-1.1250482617445594,59.02474,73.36895,-0.9272606294229168,1.2267445085205755,0
0.1669328563249327,37.047876,-3.585275,0.4180833405694788,1.6586359704697993,0
-0.5165474010149449,-74.293137,-4.582494,-0.431607587846771,-0.7887489805758024,0
-0.9194226802942226,56.329742,-164.723762,-0.6440303199508335,-1.2206404425250263,0
-0.05006142549127967,52.500157,-75.201625,-1.635336403103125,-0.06892987732709607,0
0.051683956365664856,27.127383,-77.524559,1.126159114249687,-0.9327128012255437,0
0.3286403415778168,-13.565435,152.206998,1.551004578457812,-1.6525319044742501,0
-1.4595296482813795,-42.096944,-152.294191,1.4801970010897911,-1.5085680838245088,0
-0.06415180164653125,27.053964,32.763597,-0.21918485574270855,-0.5008213392763199,0
0.2451588977729126,-49.596392,6.200385,-0.856453052054896,-0.7887489805758024,0
-0.08610824012280205,-70.133316,48.750937,-0.7148378973188543,-0.3568575186265786,0
-1.4374664774028534,-12.58147,-71.853557,-0.0775697010066669,-0.21289369797683735,0
-0.2195053627011749,48.487715,62.421007,0.5596984953055205,1.0827806878708341,0
0.005125387567070884,-77.416874,-1.294414,-0.6440303199508335,1.0827806878708341,0
-0.854215346042935,75.640736,95.832185,-0.5024151652147918,1.0827806878708341,0
-0.06989320117394185,-71.750345,113.675337,-1.0688757841589585,-0.06892987732709607,1
-1.091997245148725,-89.360112,-131.951283,0.4180833405694788,0.36296158462212774,0
-1.3196892434574508,67.195844,83.638333,-0.006762123638646077,0.7948530465713516,0
-0.5954001831315151,76.325671,28.807074,0.34727576320145803,-0.9327128012255437,0
-1.159304926536326,77.02191,13.462873,1.196966691617708,0.36296158462212774,1
0.47403662102474836,-49.502039,-0.392397,-0.5024151652147918,1.3707083291703166,0
0.018355620874869222,79.936331,-39.965919,1.551004578457812,1.514672149820058,0
0.5416882924143624,7.467345,176.027162,-1.210490938895,-0.5008213392763199,0
-0.44948064995077996,52.696351,-153.490817,-0.14837727837468773,-0.3568575186265786,0
1.2302872924367605,39.591698,104.011445,1.4093894237217703,1.0827806878708341,0
-0.9985068786423397,-33.638392,16.967141,-0.856453052054896,1.2267445085205755,0
-0.9242672583160826,2.733822,111.231708,-0.14837727837468773,0.9388168672210928,0
0.994229734513141,67.72565,-47.304084,-1.635336403103125,1.514672149820058,0
0.8684988746347857,70.182785,79.332762,1.3385818463537495,-1.076676621875285,0
-0.05491646364286649,51.958762,-153.23253,0.34727576320145803,-1.5085680838245088,0
1.861201891654888,-39.228696,151.122216,-0.36080001047875015,0.0750339433226452,0
0.3640664600937977,50.515646,-94.042983,-1.1396833615269792,0.2189977639723865,0
-0.5292659046797256,60.383637,-5.423317,1.126159114249687,0.2189977639723865,0
-1.1057338333072946,-67.812213,125.152086,1.6218121558258327,-1.3646042631747675,0
-0.1153097930102332,-34.456384,-98.008957,-0.21918485574270855,1.3707083291703166,0
-1.4055978802361186,73.185276,-165.561221,0.9137363821456246,-1.3646042631747675,0
-0.9157178095995573,66.264099,80.706226,-1.3521060936310416,0.9388168672210928,0
-0.015273810605151093,27.542284,61.999157,-0.21918485574270855,-0.9327128012255437,0
-0.15860815484113694,-39.677269,78.37519,1.4801970010897911,-0.21289369797683735,0
-0.2628387409093436,-72.919803,-132.852513,-1.0688757841589585,1.3707083291703166,0
2.0143869505864824,-48.584835,115.744862,-0.28999243311072936,-0.3568575186265786,0
0.9980842620854691,72.901398,42.200336,1.6218121558258327,-1.6525319044742501,0
-0.351354009975922,3.677386,-145.007865,-1.3521060936310416,0.506925405271869,0
3.3957465422316555,-31.135002,81.253361,-0.006762123638646077,-1.5085680838245088,0
2.6513819593762897,25.578487,150.322407,0.13485303109739558,-0.5008213392763199,0
-0.25064326352923494,16.846728,-52.886628,1.551004578457812,1.0827806878708341,0
-0.9600750347637752,-60.558134,68.96106,-1.4229136709990624,0.0750339433226452,0
-0.07070980117082296,19.701559,15.872874,-1.210490938895,-1.5085680838245088,0
0.13534641485792934,82.814743,-27.13878,-0.006762123638646077,1.514672149820058,0
-0.7124018544305737,18.070709,-165.130068,-0.14837727837468773,-0.9327128012255437,0
0.001947999355723623,54.977324,-20.383063,-0.14837727837468773,-0.21289369797683735,0
1.2836721240534585,65.998551,-130.404168,0.06404545372937474,-0.21289369797683735,1
0.6461757808484434,-72.623774,-97.165476,-0.9980682067909376,-1.3646042631747675,0
-1.0512081443726646,-0.1523,-154.089439,0.5596984953055205,-1.2206404425250263,0
-1.2033494999160386,30.478266,72.89648,1.6218121558258327,-0.7887489805758024,0
0.7532155285474648,-71.421967,65.095678,-0.0775697010066669,-0.21289369797683735,0
0.316628343158041,23.469381,76.191813,-0.7148378973188543,-1.2206404425250263,0
-1.4122053915882669,24.205314,-140.832211,0.9845439595136454,0.9388168672210928,0
1.5115644232927452,-76.061453,17.160671,-0.5732227425828126,-0.3568575186265786,0
-0.6933022707159588,53.080628,91.60966,1.6218121558258327,1.0827806878708341,0
0.96603685318934,7.148874,24.8426,-0.5732227425828126,-1.5085680838245088,0
0.7635229657207314,66.017649,-51.276353,-1.210490938895,0.6508892259216102,0
0.011879323932913724,89.265471,0.206962,-0.14837727837468773,-0.21289369797683735,0
-0.09346629197053573,53.685213,103.56324,-1.4937212483670832,-0.5008213392763199,0
0.21775320146532245,63.99313,55.7122,-1.635336403103125,-0.9327128012255437,0
-0.5066893734331525,-65.929561,-2.087377,-1.5645288257351042,-0.6447851599260612,0
1.2540344045931948,-27.88144,-40.742131,-0.9272606294229168,0.36296158462212774,1
-0.025785984670438473,38.010892,-36.896077,1.6218121558258327,1.514672149820058,0
-0.11797284635076792,17.500564,86.636659,-0.5024151652147918,-1.6525319044742501,0
-0.8717170681265178,45.171975,-63.528709,1.2677742689857288,-0.21289369797683735,0
-0.2752278141705476,-82.508175,-20.452788,1.4801970010897911,-0.9327128012255437,0
0.902944290674828,42.123088,-21.465692,0.48889091793749967,-0.9327128012255437,0
-0.2562222345332716,75.272305,54.945453,-0.5024151652147918,0.506925405271869,0
2.41623548505254,-87.63091,146.302848,0.5596984953055205,-1.6525319044742501,0
0.1697356568110321,-4.645083,12.978766,-1.1396833615269792,-0.9327128012255437,0
0.24173105393151254,79.894652,-125.164661,-1.3521060936310416,-0.6447851599260612,0
0.07812300500860173,-59.952825,-173.874543,1.0553515368816662,-1.6525319044742501,0
0.37677657341764564,-11.344441,72.528998,0.06404545372937474,-1.076676621875285,1
-0.5830774632021996,64.567851,174.759578,-1.0688757841589585,0.506925405271869,0
0.8538756801683649,-60.326861,-7.878861,-1.1396833615269792,-0.6447851599260612,0
0.7888598756811693,-58.960903,-25.345654,-0.6440303199508335,0.7948530465713516,0
-1.173601853197246,-76.712873,35.238128,-0.9272606294229168,0.0750339433226452,0
1.7809252041246333,29.088897,-118.867169,-0.856453052054896,-0.3568575186265786,0
-0.24572490696434954,56.01794,154.491194,-1.3521060936310416,1.6586359704697993,0
-0.9808048916871324,-14.09029,-159.033841,1.3385818463537495,0.6508892259216102,0
-0.5611986158583638,-30.321898,170.685912,0.6305060726735413,0.9388168672210928,0
-0.1585474055471649,-52.794093,-133.639208,1.0553515368816662,1.2267445085205755,0
0.08037311617219076,-82.075956,-167.105717,-1.4937212483670832,-0.5008213392763199,0
0.8076561964906405,35.633119,-81.483675,0.4180833405694788,-0.6447851599260612,0
-0.9058465652691284,34.584496,56.589846,-0.5732227425828126,0.506925405271869,0
0.17617787651643563,-11.925819,117.959635,-0.9272606294229168,-1.2206404425250263,0
-0.9696289986169735,-31.767932,-86.101675,1.6218121558258327,-1.6525319044742501,0
0.3994040552122391,62.007103,-58.969779,0.2056606084654164,-0.5008213392763199,0
-0.5925046741974346,48.399588,108.372196,-0.5024151652147918,-1.6525319044742501,0
0.0296286408866956,17.107123,-131.781578,1.2677742689857288,0.506925405271869,0
1.5136259939077517,21.998124,-144.097434,0.4180833405694788,-0.21289369797683735,0
-1.1337532044967376,11.369811,-62.344751,0.06404545372937474,1.6586359704697993,0
-0.6937769081719207,-23.740761,-104.510877,-0.21918485574270855,0.6508892259216102,0
-0.650599711763961,-88.884565,-148.055482,1.0553515368816662,-0.3568575186265786,1
0.265056233730492,-40.226126,41.508231,0.4180833405694788,1.514672149820058,1
2.038709178037558,-67.978312,-19.160824,-1.7061439804711458,-0.9327128012255437,0
0.42689232318495723,36.734431,100.860017,-0.0775697010066669,-0.6447851599260612,0
1.4850684819481497,65.236904,36.407308,-0.856453052054896,0.36296158462212774,0
-0.1911944200852247,20.676208,47.916094,1.2677742689857288,-0.5008213392763199,0
-1.163390060160428,-34.176667,-149.264596,-0.36080001047875015,-0.6447851599260612,0
0.7347339515207705,4.004101,-105.650974,-0.431607587846771,1.2267445085205755,0
0.9857397979942605,64.209678,-77.095275,-1.1396833615269792,1.2267445085205755,0
-0.13294097811135458,50.049817,-21.489331,-1.4937212483670832,1.0827806878708341,0
-0.5478152363805242,87.28966,-125.232763,-1.4229136709990624,0.9388168672210928,0
1.036055633671556,-55.434711,-34.596526,-1.4937212483670832,0.36296158462212774,0
0.2888309214034551,50.568669,89.052232,0.9137363821456246,0.7948530465713516,0
-0.44247994948337477,-14.884247,117.626191,1.3385818463537495,-0.21289369797683735,0
-1.0756765756732063,-29.790386,-163.406583,-0.7148378973188543,0.36296158462212774,0
-1.5066335284588326,36.972952,117.859407,-0.7148378973188543,-1.076676621875285,0
-1.0983441966301655,86.709311,-28.286521,1.6926197331938535,0.9388168672210928,0
-0.522722633351125,-42.529613,172.087712,0.6305060726735413,-0.6447851599260612,0
-1.3937856949723424,8.653543,-89.262783,1.4801970010897911,-1.3646042631747675,0
0.8446081398375489,-63.632993,43.38493,-0.431607587846771,1.2267445085205755,0
0.5658211347913876,36.698829,-97.597569,0.9137363821456246,0.36296158462212774,1
0.04944478181679643,27.566309,27.025047,-1.4937212483670832,1.6586359704697993,0
-0.7184896723817288,53.74026,-140.176597,0.7721212274095829,-0.6447851599260612,0
0.6335255455948431,60.07369,34.635022,-0.0775697010066669,0.2189977639723865,0
-1.1219981822100984,62.219199,173.93594,1.4801970010897911,1.6586359704697993,0
-1.2931409442711435,-70.544975,-38.999536,-0.431607587846771,-0.5008213392763199,1
-0.10889251244493779,6.123409,-73.186032,0.2764681858334372,-1.2206404425250263,0
2.5419518789013655,-54.460964,5.964786,0.34727576320145803,1.514672149820058,0
0.42135288905430457,49.068043,-168.478254,1.2677742689857288,1.6586359704697993,0
-0.9696896263506412,48.659046,-30.487215,-0.431607587846771,0.7948530465713516,0
2.231507978652647,-47.134245,82.55251,-0.6440303199508335,-0.06892987732709607,0
0.5318663339722789,3.424831,131.036736,0.13485303109739558,-0.06892987732709607,1
-0.3997432129799736,83.435885,80.964338,-0.6440303199508335,-0.5008213392763199,0
0.03033358715729332,-41.700363,148.055233,0.13485303109739558,-0.21289369797683735,0
-1.4234254999028597,-79.825575,70.028809,-1.4229136709990624,0.9388168672210928,0
1.0461840758838319,-32.824173,-91.693113,0.7721212274095829,-0.21289369797683735,0
0.7737713333443054,2.901614,21.138056,1.196966691617708,1.0827806878708341,0
1.3275438964599877,-74.35867,-144.813201,-0.7148378973188543,-0.7887489805758024,0
-0.9513837597106196,49.561752,-56.381946,0.34727576320145803,0.2189977639723865,0
1.407470958777838,-76.478525,-13.222638,-1.1396833615269792,0.0750339433226452,1
-0.36123090380630857,-24.428889,119.488946,1.6218121558258327,-0.7887489805758024,0
-0.36496998753922655,-21.806462,-55.217435,1.0553515368816662,1.3707083291703166,0
-0.012706764134890936,39.681835,-132.546899,1.6926197331938535,1.2267445085205755,0
-0.5491111495384471,14.03149,-160.317463,-0.7856454746868751,-0.7887489805758024,0
-0.8498056135589214,69.214308,-25.317179,1.3385818463537495,-1.3646042631747675,0
-0.0915478302836021,14.204396,-171.307566,1.126159114249687,-1.6525319044742501,0
0.12170678305395108,-62.093779,-110.095555,-1.210490938895,1.514672149820058,0
0.877305076257598,-37.679588,-27.777244,0.2056606084654164,-0.7887489805758024,0
-1.4826256369272817,61.558209,117.942021,0.2056606084654164,1.514672149820058,0
1.0805239120438552,80.821246,-28.360638,0.5596984953055205,0.36296158462212774,0
-0.09940915029944894,45.898461,170.739216,-1.1396833615269792,-1.3646042631747675,0
-0.6090404227386839,-8.888993,82.819801,-1.5645288257351042,-1.2206404425250263,0
-0.08817083445892474,-47.733802,-133.696684,1.6926197331938535,0.9388168672210928,0
-0.6230617328318772,4.550076,-100.334025,1.6218121558258327,-0.21289369797683735,1
-1.3817981839407394,-70.833243,-162.150813,1.126159114249687,0.36296158462212774,0
0.2326288179766955,-51.53151,-127.864098,1.6926197331938535,-0.6447851599260612,0
-1.2038105886958816,-27.036034,-12.96316,0.06404545372937474,-1.5085680838245088,0
-0.5417225831633228,-42.652766,131.995313,0.9845439595136454,-0.21289369797683735,0
0.021608329560218346,-22.926152,11.059405,-0.856453052054896,-1.2206404425250263,0
0.3914290233627636,-64.740969,147.741228,0.06404545372937474,-0.21289369797683735,0
0.9326493555603853,57.350081,-59.110067,-0.0775697010066669,0.6508892259216102,0
-0.5052603125776236,72.838518,33.563543,-1.635336403103125,0.0750339433226452,0
-0.09588325300603691,39.493067,44.467336,-0.7148378973188543,-0.7887489805758024,0
-1.502000134998116,54.270107,-42.406294,1.6218121558258327,-1.076676621875285,0
-1.1754263836420469,14.899909,-31.996878,1.551004578457812,-1.2206404425250263,0
-1.1580320340175208,10.086153,45.197365,1.551004578457812,1.2267445085205755,0
-0.7558327466954904,-84.744649,-155.74324,-0.36080001047875015,1.2267445085205755,0
-0.7988747208621385,-79.951225,138.099125,1.126159114249687,-1.2206404425250263,0
-1.0199849525696625,-59.166314,-48.681397,-1.2812985162630208,-0.06892987732709607,0
-1.3119067478177344,-39.698723,40.073576,0.7721212274095829,-1.076676621875285,0
-1.0347089135374514,-41.543443,136.375059,0.2056606084654164,-1.2206404425250263,0
-0.5352165505604566,-41.443132,109.233271,0.4180833405694788,1.514672149820058,0
1.0897306724020503,32.201994,-64.744622,-0.006762123638646077,1.6586359704697993,0
1.5612171104507047,-65.503113,55.113504,1.4801970010897911,-1.6525319044742501,0
-0.23637535496611942,39.107302,96.676551,0.9845439595136454,-1.3646042631747675,0
-0.9161017788113311,-65.577737,-122.435572,-1.0688757841589585,-1.3646042631747675,0
-0.742365140533361,86.48513,-170.842081,-0.7856454746868751,1.514672149820058,0
1.025495913959016,-24.916494,-102.138271,1.196966691617708,-1.3646042631747675,0
-1.4200880896378567,-43.233511,59.586028,0.5596984953055205,0.9388168672210928,0
-1.4096038976146232,-50.996553,-137.189257,-0.9272606294229168,0.2189977639723865,0
0.9072395775066847,78.699021,-108.847774,-1.3521060936310416,1.6586359704697993,0
-1.0611420243618455,9.881998,107.413414,-0.856453052054896,0.6508892259216102,0
0.6014410484860557,-89.369447,-131.661739,-1.2812985162630208,-1.076676621875285,0
-0.7783163598444041,77.604298,-141.910627,-0.36080001047875015,1.2267445085205755,0
0.3713694721593828,-77.925411,-158.589805,-1.2812985162630208,-0.6447851599260612,0
-0.6051885185173826,57.24187,17.094048,1.0553515368816662,0.0750339433226452,0
0.03437236788310682,69.117676,-34.724006,1.6926197331938535,0.6508892259216102,0
0.01383226952223275,88.412809,-147.725393,1.2677742689857288,-1.5085680838245088,0
-0.9409674135397132,43.824347,27.645213,0.6305060726735413,-1.076676621875285,0
-0.8264648315240981,-28.404239,35.956992,1.551004578457812,-0.21289369797683735,0
1.0806707666615174,34.659122,-19.145215,-0.36080001047875015,-0.6447851599260612,0
-0.14310317969922706,37.218377,-12.289062,-1.210490938895,0.9388168672210928,0
0.33279604241795563,24.86781,-24.820698,0.13485303109739558,0.0750339433226452,0
-0.7103088173393873,72.655629,-173.818458,1.2677742689857288,-1.2206404425250263,0
-0.5869350112534109,35.347895,156.607872,1.2677742689857288,-0.7887489805758024,0
0.3460616636727364,-36.908586,140.087987,-1.1396833615269792,0.7948530465713516,0
-1.3310727583168958,-42.443543,-23.19795,-0.28999243311072936,-1.2206404425250263,0
0.4733193616556938,-45.504026,65.433507,1.551004578457812,1.514672149820058,0
-0.08665980546160748,77.788423,-120.557901,1.6218121558258327,0.506925405271869,0
0.5459478772279409,57.016179,108.421367,-0.6440303199508335,-0.06892987732709607,0
-0.7389683513992351,-88.804676,116.328499,-0.5732227425828126,-1.3646042631747675,0
0.08001426045982382,-28.212471,-164.072278,0.2764681858334372,-0.6447851599260612,0
-0.44886075972798806,-59.488172,50.458067,-1.5645288257351042,-0.21289369797683735,0
-0.171973808993888,-70.339431,-79.165654,0.7013136500415621,1.2267445085205755,0
0.8247962719966679,-52.703952,153.596344,1.196966691617708,0.7948530465713516,0
0.3877852206264477,-26.830115,-149.494628,0.06404545372937474,-0.21289369797683735,0
-0.3238746165003805,5.017895,-91.027659,0.48889091793749967,-0.06892987732709607,0
1.5746287472353064,-11.984165,-50.588462,1.2677742689857288,-1.6525319044742501,0
0.33274388756384937,9.828631,110.265716,1.551004578457812,-1.5085680838245088,0
2.0405052733561937,3.427346,-139.865799,-0.431607587846771,-1.3646042631747675,0
-0.2293951450948383,-43.646207,24.701632,1.196966691617708,0.9388168672210928,0
-1.1643637870058507,-63.487508,27.816576,-0.7148378973188543,1.2267445085205755,0
1.066144529843869,14.356507,-144.40855,-1.1396833615269792,-1.3646042631747675,0
0.36711657047893,-23.063245,-104.037216,-0.7856454746868751,-0.06892987732709607,0
1.441563115252552,21.344364,-107.58909,1.4093894237217703,-0.6447851599260612,1
0.28301264823613326,46.642746,106.101073,-0.5024151652147918,0.9388168672210928,0
-0.1480243038558591,-45.791426,56.729607,-0.14837727837468773,0.7948530465713516,0
-0.2659378654124589,-73.309674,39.077888,-0.5732227425828126,1.3707083291703166,0
-0.1814283424131864,43.859361,-73.74408,-0.5024151652147918,-1.5085680838245088,0
-0.04267925866885598,-59.512368,-11.919476,-0.9980682067909376,-1.2206404425250263,0
0.6750703116088564,-2.144979,-101.225391,-0.28999243311072936,0.6508892259216102,0
-0.09612629845599434,73.568414,-149.170725,-0.431607587846771,-0.6447851599260612,0
-0.0997196743609148,-9.338412,21.763881,-0.856453052054896,1.6586359704697993,0
-0.6041888538862508,19.460986,160.371344,0.5596984953055205,-0.9327128012255437,0
0.05309399098971571,10.774286,-43.619695,0.34727576320145803,-0.7887489805758024,0
0.4859161155192327,-4.044851,-39.995207,0.2056606084654164,-1.3646042631747675,0
-1.1002656911687876,26.024522,-138.232924,-0.9980682067909376,0.0750339433226452,0
0.4234053219325473,-46.495306,55.853741,-0.7148378973188543,-0.7887489805758024,0
0.3980789703079879,-77.305206,177.076189,0.34727576320145803,0.2189977639723865,0
0.5998158903639675,-63.828034,164.298162,-1.3521060936310416,-1.2206404425250263,0
0.039919718390054634,14.460369,-67.069274,0.6305060726735413,-1.2206404425250263,0
0.35848014713450976,-15.959414,-159.802192,0.06404545372937474,-0.06892987732709607,0
0.7895690653881979,0.9019,-85.644274,0.13485303109739558,-0.5008213392763199,0
-0.032986651160246516,33.144605,-53.107696,-1.3521060936310416,1.6586359704697993,0
1.0662245628795015,-36.201273,-43.056129,-0.006762123638646077,1.6586359704697993,0
1.4605946324114596,-61.751294,127.882267,0.34727576320145803,-0.6447851599260612,0
0.6452488767346957,-77.177966,37.566272,-1.2812985162630208,1.3707083291703166,0
0.08672611901430145,-7.010967,84.717555,1.4093894237217703,1.0827806878708341,0
0.16848574440688696,-73.599876,177.700481,-0.5024151652147918,-0.5008213392763199,0
0.3075747933744569,-86.533556,-168.120993,-1.4229136709990624,-1.3646042631747675,1
-0.33666305514230843,-66.210758,158.940578,1.2677742689857288,1.6586359704697993,1
-0.3949819159167391,88.202395,-165.535533,-0.14837727837468773,0.36296158462212774,0
0.5084786467603154,57.889727,-16.526315,-1.635336403103125,0.36296158462212774,0
0.414619967492543,57.705473,2.450756,0.9845439595136454,-0.3568575186265786,0
-0.6703298185472837,41.141688,81.791233,-0.431607587846771,-1.6525319044742501,0
-0.07790244544760468,-49.382664,-34.709998,0.06404545372937474,0.506925405271869,0
0.14683164263334236,76.665158,-90.394262,-0.9980682067909376,0.506925405271869,1
2.214144774383383,37.022557,-178.314147,0.34727576320145803,1.6586359704697993,0
-0.8522136399861937,-71.689657,-96.195214,1.4093894237217703,1.0827806878708341,0
-0.4612149003250504,21.574501,106.132783,1.4093894237217703,-1.6525319044742501,0
0.708605659652923,72.345338,20.845853,-1.210490938895,-0.3568575186265786,0
-0.054598325782095274,76.193878,92.927679,0.2764681858334372,0.7948530465713516,0
-1.3380389229349536,-15.133418,150.543424,-0.14837727837468773,0.9388168672210928,0
-0.12497920093230454,4.342915,-126.809622,0.13485303109739558,-0.6447851599260612,0
1.3539715039783113,-33.047856,124.377066,0.2056606084654164,0.2189977639723865,0
0.4986898006210896,80.8378,-114.598189,0.48889091793749967,-1.2206404425250263,0
-1.3158417066552421,-6.077809,-0.146394,-0.856453052054896,0.2189977639723865,0
-0.5641020880908925,-7.956228,-3.631878,-1.3521060936310416,-1.076676621875285,0
-0.8195890968815018,-13.655635,137.782521,-1.4229136709990624,1.2267445085205755,0
1.408960153552325,-81.648049,134.946002,-0.21918485574270855,1.0827806878708341,1
-1.444360571908668,-0.972355,147.153113,0.6305060726735413,0.506925405271869,0
-0.8693627893734931,-9.455954,-18.318857,0.13485303109739558,-1.3646042631747675,0
-1.0726492848712141,-1.287945,-169.74584,1.0553515368816662,-0.3568575186265786,0
-0.10236046664240246,-3.266249,8.487272,-1.210490938895,-0.6447851599260612,0
-0.28081575237634027,-6.677497,14.732312,-1.4937212483670832,-0.3568575186265786,0
1.5711503542324408,49.330335,-173.745407,-0.5732227425828126,-1.2206404425250263,0
0.515369288334654,56.474565,170.061264,1.6218121558258327,1.514672149820058,0
0.14752681667234643,-13.13131,-140.898042,1.4801970010897911,0.0750339433226452,0
1.4646310106677396,-25.469151,-173.567467,1.196966691617708,-1.5085680838245088,0
-0.2979453939248141,27.832248,-130.823751,0.8429288047776038,-1.3646042631747675,0
-0.20706764882774367,-4.459139,128.855561,-1.2812985162630208,-0.06892987732709607,0
-1.3280563223118969,64.007266,-12.717536,0.2056606084654164,1.514672149820058,0
0.13882131121139182,-65.912758,-176.417977,-1.210490938895,0.9388168672210928,0
1.177139269750136,32.558218,156.660269,0.7721212274095829,-1.6525319044742501,0
0.7160698350773591,-58.22988,-12.776352,-1.1396833615269792,-1.3646042631747675,0
0.1713419313446948,-35.879409,146.454827,0.4180833405694788,-0.3568575186265786,0
-1.5099793870791811,41.057593,-38.699194,-0.28999243311072936,-1.2206404425250263,1
-0.8613297977169788,83.401733,27.852344,0.9137363821456246,0.0750339433226452,0
2.835652327430762,39.18658,171.230753,-0.0775697010066669,0.36296158462212774,0
-0.9117971613093439,-5.629656,-89.454031,-0.0775697010066669,-0.5008213392763199,0
-0.06373555875612966,10.955922,-130.604531,-0.21918485574270855,1.2267445085205755,0
0.5716564147148854,-7.350227,44.03136,-0.856453052054896,-0.21289369797683735,0
-0.12416645866627492,-38.270371,-12.368465,-1.3521060936310416,0.36296158462212774,0
1.1453590578040358,20.123775,-8.940741,-0.7856454746868751,1.0827806878708341,0
-0.3776161494137957,14.077459,-103.307526,-0.5732227425828126,-0.5008213392763199,0
0.6787038253886832,1.26792,128.98517,-1.210490938895,0.6508892259216102,0
1.700322215276586,-64.641973,47.628952,-0.0775697010066669,-1.6525319044742501,0
1.3928026025244564,4.146143,35.003353,0.6305060726735413,1.0827806878708341,0
0.3640817019071253,-35.073897,-13.983632,0.8429288047776038,0.6508892259216102,0
-0.44767005405074367,-39.621413,-134.730535,0.4180833405694788,-1.076676621875285,0
0.23710354093462818,73.399343,-55.018632,-0.7148378973188543,1.2267445085205755,0
-0.12425557057123718,-15.380008,-137.216217,0.7013136500415621,1.514672149820058,0
-0.22853572899048608,-63.593352,-86.082556,-0.0775697010066669,-1.2206404425250263,0
1.4374264503939715,-30.786086,-161.566732,-0.7148378973188543,0.36296158462212774,0
-1.3122312825490203,76.121453,100.259843,1.3385818463537495,-1.6525319044742501,0
-1.2921663804309134,-10.908248,29.666867,-0.006762123638646077,-0.3568575186265786,0
0.3808174730252163,35.730797,27.21527,0.9137363821456246,1.3707083291703166,0
2.537727143981334,45.645871,-78.933066,-0.6440303199508335,1.2267445085205755,0
-0.23070639717830743,9.355384,-138.495593,0.6305060726735413,-0.3568575186265786,0
-0.6532524246907238,-82.873611,-118.748756,0.48889091793749967,-0.21289369797683735,0
-0.15135118893861452,-29.611441,-5.26249,1.3385818463537495,-0.6447851599260612,0
0.9828117373343421,-19.960512,-72.561268,0.06404545372937474,0.506925405271869,0
-0.5246957189506907,-21.420438,-112.912787,0.4180833405694788,0.9388168672210928,0
0.5222327096507184,-16.550093,-1.563651,0.4180833405694788,-0.21289369797683735,0
0.7098791810259141,-78.029006,-39.796753,-1.210490938895,-0.5008213392763199,0
0.6360023807273527,-6.587977,-143.631404,-1.3521060936310416,0.7948530465713516,0
1.1019801069815316,-45.965049,52.642661,-0.431607587846771,1.2267445085205755,0
-0.26017476879323104,21.7369,-69.706994,-0.5024151652147918,-1.3646042631747675,0
-0.7660972990206607,55.188664,-117.085506,-1.0688757841589585,0.7948530465713516,0
0.3024282584561003,60.938544,67.104433,1.0553515368816662,-1.5085680838245088,0
1.0736099651588753,50.899776,-51.903348,-0.856453052054896,-0.6447851599260612,0
-0.4926169506256259,-54.024077,-114.851802,0.7013136500415621,0.6508892259216102,0
-0.5590185761915312,-56.592519,27.562137,-0.7856454746868751,0.506925405271869,0
-1.527328368152287,-4.909264,-137.271528,0.9137363821456246,1.514672149820058,0
-1.0143752872307992,-20.073464,45.038936,-1.4229136709990624,0.2189977639723865,0
-1.2435901809183247,-42.740217,-173.536866,1.551004578457812,1.514672149820058,0
-0.01758210867800858,26.149845,37.77533,0.8429288047776038,0.7948530465713516,0
0.015674219012057247,-13.567574,-11.812281,-0.5732227425828126,-0.7887489805758024,0
-0.012620921615171294,-27.917471,66.834147,-1.2812985162630208,1.3707083291703166,0
-0.4195402680286421,48.038448,44.380943,-1.5645288257351042,-1.2206404425250263,0
-0.0785857266139108,41.076181,158.672298,0.6305060726735413,-0.6447851599260612,0
1.119730004887238,-37.055893,123.506956,1.3385818463537495,1.6586359704697993,0
-0.6518313422676274,-78.433292,153.519034,1.0553515368816662,-1.3646042631747675,0
1.7033190898445283,-68.324904,-101.536859,0.48889091793749967,-1.2206404425250263,0
0.3270502387538457,-78.382268,154.24284,-0.7148378973188543,-1.3646042631747675,0
-1.4951494341243015,41.92937,-50.555953,-0.5024151652147918,1.6586359704697993,0
0.21394158857747592,-51.739191,-15.410447,-1.3521060936310416,-0.9327128012255437,0
-0.12984713342245324,89.223631,-157.708406,-0.5732227425828126,-0.5008213392763199,1
-0.8250023546164859,-35.779211,-175.062679,0.2056606084654164,-1.2206404425250263,0
-1.4991909447142575,71.747763,147.102688,1.551004578457812,-0.21289369797683735,0
0.7469196844955015,8.957637,136.262035,1.551004578457812,0.6508892259216102,0
0.12179663758395003,11.11087,126.42425,1.6926197331938535,-1.3646042631747675,0
-0.8858972999152428,53.973375,-0.358279,-0.36080001047875015,-1.076676621875285,0
2.5373055243843186,20.733583,-79.502013,1.4093894237217703,-0.3568575186265786,0
4.4031316287657,-43.860396,-48.180597,0.7013136500415621,-0.5008213392763199,0
0.4536536815695005,-63.71201,137.579385,0.2056606084654164,1.2267445085205755,0
-0.5461035522592355,54.479297,-5.080315,-1.4937212483670832,-0.3568575186265786,0
0.7453110845854762,-22.486977,165.619846,0.13485303109739558,1.6586359704697993,0
0.8849340593871827,33.415264,2.35207,0.6305060726735413,-0.06892987732709607,0
-0.7871748754788819,83.420582,-122.601904,-1.5645288257351042,-0.21289369797683735,0
1.7403110811397697,-66.993931,136.863408,-0.6440303199508335,-0.5008213392763199,0
0.02265790864866632,-9.427458,-132.69537,-1.5645288257351042,0.7948530465713516,1
1.7186570984019516,79.486327,-86.524708,-0.431607587846771,-1.076676621875285,0
-1.0002999358724713,15.296943,-43.37393,0.13485303109739558,-1.3646042631747675,0
-0.7252413677729798,27.761024,-39.629511,-0.5024151652147918,-1.5085680838245088,0
0.38589772991967985,51.893394,-82.252206,1.196966691617708,1.514672149820058,0
0.31595090738910875,52.785961,25.211527,0.06404545372937474,-1.076676621875285,0
-0.23782813126888866,86.105599,152.387675,-1.635336403103125,-0.7887489805758024,0
0.5562797413122529,54.028582,-26.455362,0.8429288047776038,0.9388168672210928,0
0.31580745896450274,-47.590851,-81.684795,1.551004578457812,0.2189977639723865,1
-0.8170100887490792,18.840325,58.359816,1.551004578457812,-0.9327128012255437,0
0.7852600761382644,10.375791,-168.559322,0.48889091793749967,-0.9327128012255437,0
-1.5448853683172692,-51.676965,67.567773,-1.7061439804711458,0.506925405271869,0
0.20310532287388539,-66.412463,-40.236759,0.2056606084654164,-0.21289369797683735,0
-1.5352835639830968,-29.227782,-162.109883,-1.635336403103125,1.3707083291703166,0
-0.4061263263634919,-88.284148,113.194044,0.5596984953055205,0.36296158462212774,1
0.032613404261796444,-65.383784,-137.517282,-0.36080001047875015,0.2189977639723865,0
-0.627648504911357,45.066095,-161.58395,-1.210490938895,-1.2206404425250263,0
0.9881484859951454,-69.251763,-10.849018,0.13485303109739558,1.6586359704697993,0
-0.6676434552785958,75.781905,133.765833,-1.0688757841589585,0.9388168672210928,0
-0.7470370309379188,39.866461,-155.950799,-0.9980682067909376,-0.3568575186265786,0
-0.6061175723907671,16.757756,-21.545589,0.13485303109739558,1.0827806878708341,0
-0.9751025865911681,-58.998071,162.010366,-0.28999243311072936,0.7948530465713516,0
-0.25548997577366783,-45.964396,-156.735409,0.8429288047776038,1.3707083291703166,0
0.9221253849733242,18.676234,74.260108,1.4801970010897911,-0.5008213392763199,0
-1.2755886758886605,58.565829,-122.652204,-0.5732227425828126,1.6586359704697993,0
-0.9185879432691579,53.835706,108.597899,0.2056606084654164,0.506925405271869,0
-0.35152123593384177,27.261949,104.316946,0.2056606084654164,-0.06892987732709607,0
0.13161984722223027,-8.626657,-102.583428,0.48889091793749967,-0.6447851599260612,0
-0.8748137078794247,59.361852,-27.000796,1.2677742689857288,-0.06892987732709607,0
-0.6322131302019495,26.081707,109.710489,-0.36080001047875015,-1.3646042631747675,0
-0.4572446230302719,-60.901042,151.76298,0.9137363821456246,1.6586359704697993,0
-0.4429524453962533,9.629667,-110.919628,-1.4937212483670832,1.0827806878708341,0
-0.995374318068917,73.215288,-151.355789,1.4093894237217703,-1.076676621875285,0
-0.2707345024996267,66.609603,74.544315,1.4093894237217703,0.9388168672210928,0
0.11950573358695397,-54.759387,90.735482,-1.2812985162630208,-1.3646042631747675,0
-0.3414040034868439,-6.926431,-127.137639,-1.3521060936310416,-1.2206404425250263,0
0.30240159072781475,72.236481,-102.837225,-0.5024151652147918,1.0827806878708341,0
-0.8514465597982259,35.193105,138.051545,1.4093894237217703,-0.21289369797683735,0
3.114926433649657,-25.102075,-15.951446,-1.5645288257351042,1.514672149820058,0
-0.47271043024316217,-56.748144,20.650947,0.7721212274095829,-0.9327128012255437,0
1.2078094906253265,64.359793,131.805536,0.48889091793749967,0.7948530465713516,0
-0.5496156390247611,-52.510301,-168.193565,1.3385818463537495,-1.3646042631747675,1
1.8532212437760964,-15.115811,-29.516858,-0.5732227425828126,-1.5085680838245088,1
0.9629720863265809,-12.146788,100.303555,0.4180833405694788,0.7948530465713516,0
-0.24390535506729893,-50.536372,141.356381,-1.1396833615269792,-1.3646042631747675,0
-1.1513663951764217,61.538742,-52.636096,-0.5024151652147918,0.2189977639723865,0
-0.6495574190645302,14.360965,-132.954066,0.4180833405694788,0.6508892259216102,0
0.5188847990424998,-11.06052,-24.009852,1.551004578457812,-0.3568575186265786,0
0.01109286123440014,-81.019457,-18.718974,1.4801970010897911,1.514672149820058,0
0.9923537473107463,-59.02759,100.560811,-0.14837727837468773,0.7948530465713516,0
-0.7372734799081557,-6.392652,-23.707039,-0.14837727837468773,-1.6525319044742501,0
0.22770790313216216,5.315351,-27.110813,0.9137363821456246,0.36296158462212774,0
-0.6757853094535053,42.494376,-107.902271,0.7013136500415621,-1.2206404425250263,0
-0.2709416622234988,89.465289,87.697138,0.48889091793749967,-0.9327128012255437,0
0.6114974688170535,42.806783,-81.929525,-1.210490938895,0.36296158462212774,0
-0.7552992915845153,39.065981,134.722318,1.551004578457812,0.7948530465713516,0
-1.5437990173559193,-73.592975,-82.872975,0.34727576320145803,-0.5008213392763199,1
0.7867241769988339,-0.439361,-143.588956,0.2056606084654164,-1.076676621875285,0
0.1225428860783417,15.846557,87.774822,-0.431607587846771,-1.5085680838245088,0
-0.645324105651225,56.33602,-75.426069,1.3385818463537495,-0.5008213392763199,0
0.06211650802289754,-31.967046,118.084508,0.06404545372937474,-1.6525319044742501,0
0.46809379029066983,50.405983,79.63864,-0.0775697010066669,-0.5008213392763199,0
1.7917824816220824,22.758663,168.414676,-0.7148378973188543,-0.06892987732709607,0
-1.4066368998436884,61.304866,165.130968,-1.5645288257351042,-0.9327128012255437,0
-0.47772417281194524,29.50352,111.220936,-0.28999243311072936,1.0827806878708341,0
0.4750734742405595,-40.521243,-41.29652,0.2056606084654164,0.0750339433226452,0
1.3313810147414016,45.436194,51.772821,-1.5645288257351042,0.7948530465713516,0
-0.16377655980058844,59.348704,37.68684,1.6218121558258327,-1.6525319044742501,0
-1.482554244388756,84.11815,-172.148126,-1.5645288257351042,-1.6525319044742501,0
-1.1328094650191225,-28.52752,-58.646948,-0.9272606294229168,-1.5085680838245088,0
-0.5428723440431461,87.342669,-147.612653,-0.7856454746868751,-0.5008213392763199,0
-1.131039795461084,43.503014,159.310076,0.2764681858334372,1.6586359704697993,0
3.6096102938738737,-12.195495,-165.95443,0.7721212274095829,0.0750339433226452,0
-0.5562557919428598,76.081053,38.44232,1.126159114249687,0.36296158462212774,0
-0.1544692941050425,-81.122469,-9.859737,0.8429288047776038,-0.06892987732709607,0
-1.328312526460751,-8.44867,-46.590453,-1.635336403103125,-0.21289369797683735,0
0.29618210592755567,-19.679348,123.570243,-1.7061439804711458,-1.6525319044742501,1
0.8978095965541515,-88.113995,66.700101,0.34727576320145803,-0.6447851599260612,0
-1.4634221555125246,3.957817,-169.646384,-1.1396833615269792,-0.06892987732709607,0
1.3034847510138026,75.710394,-20.807315,1.196966691617708,0.36296158462212774,0
0.9628331572767147,78.943199,166.94475,1.196966691617708,0.0750339433226452,0
-0.022315734034341353,-0.577179,101.186447,-0.5732227425828126,0.2189977639723865,0
-0.3643521425414152,-71.562244,101.272019,-0.28999243311072936,-1.5085680838245088,0
-0.1929797872897277,-43.57878,170.358323,-0.9980682067909376,1.2267445085205755,0
-0.25838768787052696,-35.548857,174.432334,-1.2812985162630208,-0.3568575186265786,0
0.09797185265988774,-7.275298,-8.264356,1.196966691617708,-0.9327128012255437,0
-0.7896059699038832,87.519275,46.366921,0.34727576320145803,-0.6447851599260612,0
0.02398838958790152,49.347361,-140.121796,-0.9272606294229168,-1.3646042631747675,0
-0.48308695162053616,-25.06294,-23.194511,1.3385818463537495,-0.3568575186265786,0
-1.253704980079755,-14.984058,149.386091,-0.9272606294229168,0.7948530465713516,0
-0.8940512255879016,52.358727,69.396803,-1.5645288257351042,0.6508892259216102,0
2.705360882424116,-31.504831,-31.661435,-0.431607587846771,0.7948530465713516,0
0.3536876401280845,-53.472966,-55.75217,1.551004578457812,1.3707083291703166,0
0.0652470735965312,66.145056,-25.385296,-0.431607587846771,-0.3568575186265786,0
-1.0797822103357648,-76.562609,-24.714888,1.4093894237217703,0.0750339433226452,0
-0.3311844137143271,70.798432,169.36157,1.2677742689857288,-0.06892987732709607,0
-0.09071388337217183,-15.204971,132.934503,0.9137363821456246,-0.7887489805758024,0
0.0866140050669433,-10.329467,-93.113515,-1.4937212483670832,0.506925405271869,0
-0.33313043423769534,14.37885,105.298283,-1.635336403103125,-0.7887489805758024,0
0.5802150818475895,-42.746863,-153.285737,-0.6440303199508335,-0.21289369797683735,0
0.30083053894499195,-61.825011,154.299404,-0.28999243311072936,-1.076676621875285,0
-0.5788972155441355,-85.41995,82.832892,0.9137363821456246,-1.6525319044742501,0
-1.5217503450837984,-71.291198,162.272761,-1.4229136709990624,1.3707083291703166,0
1.376259918357989,53.83471,-75.959257,0.7721212274095829,-0.06892987732709607,0
1.346594296807221,-1.661891,-61.820015,-1.4229136709990624,0.6508892259216102,0
-0.35345273833349683,-50.845905,-78.843092,0.7721212274095829,0.2189977639723865,0
-1.0252507853032389,61.783045,100.331061,-0.36080001047875015,1.514672149820058,0
-0.18929375809898885,-54.259621,-48.206485,-0.28999243311072936,-1.3646042631747675,0
-0.170625317499359,56.90739,146.88846,0.9845439595136454,-0.6447851599260612,0
-1.4966734822298542,-76.646587,-169.269885,-1.635336403103125,-0.06892987732709607,0
-1.0531470792155018,-87.262547,-154.095645,0.9137363821456246,-0.21289369797683735,0
0.1486053965388661,-72.895367,-172.573886,-0.36080001047875015,0.6508892259216102,0
0.03805128189474529,-85.336529,47.073101,-0.9980682067909376,-1.5085680838245088,0
0.2356619224679402,-72.417963,16.525989,-0.0775697010066669,-0.06892987732709607,0
-0.5549949040449882,27.747355,-24.927371,-0.431607587846771,-0.6447851599260612,0
-0.5065387091548357,-72.904061,-20.30391,0.4180833405694788,1.0827806878708341,0
0.297266585012356,-87.153673,53.951407,1.196966691617708,-1.2206404425250263,0
-0.5623994780114371,-86.6128,19.739706,1.4093894237217703,-0.7887489805758024,0
-1.094165469992325,-40.714952,-99.533746,-1.4937212483670832,0.36296158462212774,0
-1.1978723459042875,-54.508613,-25.350187,1.0553515368816662,-0.7887489805758024,0
-0.6556127477348243,-18.061153,107.785634,-0.21918485574270855,0.2189977639723865,0
-1.2304938377049086,-20.148868,-115.603847,1.4801970010897911,0.2189977639723865,0
-0.3601686201229568,-87.645005,76.507542,1.6218121558258327,-1.076676621875285,0
-1.4279278832677171,-37.99477,35.229145,-0.36080001047875015,-0.06892987732709607,0
-0.28276169885363456,48.604748,174.494613,-1.3521060936310416,1.6586359704697993,0
-0.0464750726159704,-18.805695,126.127986,1.3385818463537495,-0.6447851599260612,0
1.6826290690012018,10.122872,-110.02154,-1.2812985162630208,-0.7887489805758024,0
-0.968405584139137,-23.364104,97.993633,-0.7148378973188543,-0.9327128012255437,0
0.19379098235669384,-18.391816,30.287659,-1.5645288257351042,1.514672149820058,0
-0.2943764255558912,-31.924783,126.258707,-0.856453052054896,1.2267445085205755,0
-0.26326564984801154,26.946034,93.047466,0.48889091793749967,-1.2206404425250263,0
-0.4480709280330522,54.452874,-83.175882,-0.856453052054896,1.2267445085205755,0
-0.6035619665235747,78.621709,-9.519597,0.34727576320145803,-0.6447851599260612,0
1.4829637672575666,27.495442,145.658171,-1.210490938895,-0.7887489805758024,0
-0.3228922367592298,-55.772839,-14.22912,1.4093894237217703,-0.06892987732709607,0
0.02675180252557431,77.012588,113.998168,0.7721212274095829,-0.9327128012255437,0
-0.7947405243154142,1.956722,54.775167,0.2056606084654164,0.36296158462212774,0
-0.3127240705700823,-57.950596,-22.285818,-1.2812985162630208,0.7948530465713516,0
-0.1978070387183929,-41.165061,5.787317,-1.4229136709990624,-0.6447851599260612,0
0.07419580869686866,-6.641992,92.98441,1.6926197331938535,0.506925405271869,0
1.020951503205696,30.041492,-133.53607,-1.4229136709990624,-0.7887489805758024,0
0.6759715114667506,-75.269969,-114.271029,-1.0688757841589585,-0.9327128012255437,0
-0.2881299301254239,-43.787968,115.541272,0.8429288047776038,1.514672149820058,0
-0.18945192019459203,-69.135107,-26.257463,1.551004578457812,-0.06892987732709607,0
3.122594401714327,64.170308,78.785328,1.2677742689857288,0.506925405271869,0
-0.9835464818642977,-38.127445,157.427515,1.2677742689857288,1.0827806878708341,0
0.5249549861903685,54.212647,-129.831023,0.48889091793749967,-1.3646042631747675,0
-0.2838192864692781,15.507484,-153.524569,1.196966691617708,-0.5008213392763199,1
0.518766500512198,-8.630948,-48.129965,0.8429288047776038,-1.5085680838245088,0
0.277700257922462,30.301125,-80.202616,-0.14837727837468773,-1.076676621875285,0
2.3509210654397568,33.871921,-161.293323,-0.9980682067909376,-1.076676621875285,0
-1.305187984761121,-28.469411,-14.280637,-0.9980682067909376,1.514672149820058,0
-0.7076965527138818,16.850097,17.715058,0.5596984953055205,-0.6447851599260612,0
-0.6003501524085758,-29.352701,-152.543849,1.6218121558258327,0.36296158462212774,0
-0.8885064423517722,49.325642,87.674086,1.2677742689857288,-0.9327128012255437,0
-0.7852589721258154,-25.036939,-65.889023,1.2677742689857288,-0.3568575186265786,0
-1.1390240786873413,89.153782,-136.38058,0.13485303109739558,-0.21289369797683735,0
1.2345190609222034,8.771041,-122.719795,1.6926197331938535,1.6586359704697993,0
-0.06935797394781579,54.861946,127.621622,-1.1396833615269792,-1.076676621875285,0
0.07710787833424172,69.151347,-39.314788,0.06404545372937474,-0.06892987732709607,0
0.6138988412174669,15.708583,104.455868,1.196966691617708,-0.7887489805758024,0
-0.8090172261727102,-83.492894,-93.765948,-0.9980682067909376,1.514672149820058,0
-1.071122241342121,45.784334,110.402239,0.9845439595136454,1.2267445085205755,0
1.7659050586407536,-23.491453,-47.062909,1.4801970010897911,-1.076676621875285,0
-0.49387724419747614,2.903269,-12.242736,0.48889091793749967,1.2267445085205755,0
-0.7289362444975453,-0.394159,-71.25254,0.9845439595136454,0.0750339433226452,0
-0.9383975747018491,20.397382,-147.858159,1.551004578457812,-0.21289369797683735,0
0.8109108071044387,-15.523883,85.207792,0.5596984953055205,-0.06892987732709607,0
-0.8569197397330411,-1.144926,-118.380088,1.4801970010897911,1.3707083291703166,0
1.938714090060667,52.533942,163.488355,0.7721212274095829,-0.9327128012255437,0
-0.341572845115213,34.10765,-152.194252,-1.0688757841589585,-0.6447851599260612,0
0.07223608030125922,9.845636,-72.545603,-1.210490938895,0.36296158462212774,0
-1.3366166116819977,-83.028353,-153.885256,-0.28999243311072936,-1.076676621875285,0
0.8009998148296387,-2.540167,-120.937501,-0.28999243311072936,-0.7887489805758024,0
0.11974802198550548,50.57453,23.896088,0.13485303109739558,-1.3646042631747675,0
0.26667263673400626,-67.200888,12.34365,0.9845439595136454,0.6508892259216102,0
-0.2624048645186539,32.821864,-160.24605,0.06404545372937474,-0.21289369797683735,0
-0.8429415888631901,21.432123,-5.991645,1.3385818463537495,-1.6525319044742501,0
0.5617967278057002,74.298947,149.604932,1.0553515368816662,-0.3568575186265786,0
1.0853050727128624,-78.254566,70.476537,0.6305060726735413,0.2189977639723865,0
0.11794377976639896,-76.898272,-164.468573,0.13485303109739558,0.7948530465713516,0
0.857051071869131,9.62135,37.897391,-1.2812985162630208,-0.21289369797683735,0
-1.4870563910187269,-32.013668,-34.744345,0.7013136500415621,0.36296158462212774,0
2.7218544815561163,63.938535,57.512249,0.34727576320145803,-1.5085680838245088,0
0.6664582302274072,-64.768882,14.875544,1.551004578457812,-1.6525319044742501,0
0.15302563257919632,-33.388325,33.358293,-0.006762123638646077,-1.3646042631747675,1
-0.6314849566123177,-42.059122,44.619832,-1.1396833615269792,1.6586359704697993,0
2.2403152336538508,-10.89472,-81.683834,0.7013136500415621,0.2189977639723865,0
-0.08306623932319292,62.914869,55.669949,1.551004578457812,-0.6447851599260612,0
-0.706633668948266,-46.627382,-133.073276,0.7721212274095829,0.7948530465713516,0
-0.7401881707443436,24.988344,-78.028043,-0.0775697010066669,-1.5085680838245088,0
0.6059505228994442,-36.365862,-2.239685,-1.4937212483670832,-0.21289369797683735,0
-1.5481457047190783,-60.858089,54.478916,-0.9272606294229168,1.0827806878708341,0
0.5473108412708323,-16.572037,-101.033829,-0.0775697010066669,-0.21289369797683735,0
-0.8554399159370148,-2.51464,-120.75396,-1.4229136709990624,0.9388168672210928,0
-1.2686980479878942,-72.287314,19.031879,-1.1396833615269792,-1.6525319044742501,0
3.3973427490344084,18.817365,95.886703,-1.0688757841589585,0.36296158462212774,1
-0.7859578484092163,59.831986,-62.999038,-0.7148378973188543,1.6586359704697993,0
-1.2528406950511397,-25.064384,-75.814145,-0.0775697010066669,1.3707083291703166,0
0.09024808083795863,20.547693,-117.969247,-0.21918485574270855,-1.5085680838245088,0
-1.330667910355502,-78.544929,109.865738,-0.9980682067909376,-0.06892987732709607,0
2.2828399073767778,66.117698,30.988802,0.48889091793749967,0.7948530465713516,1
0.44543128937334453,-53.047646,108.913991,1.4093894237217703,-1.3646042631747675,0
-0.46889738120201696,-64.782683,150.561427,1.126159114249687,-0.06892987732709607,0
0.503304090832989,-41.286863,12.39778,0.9845439595136454,0.6508892259216102,0
-1.2219769390880995,-48.083711,174.704172,-1.2812985162630208,-1.6525319044742501,0
-0.3626323449368267,-12.909995,-12.48795,-0.7148378973188543,0.7948530465713516,0
0.2913980069172384,57.836379,-105.972444,-1.3521060936310416,0.36296158462212774,0
1.7695964767992682,63.291772,-127.746214,1.126159114249687,-0.06892987732709607,0
0.20615968331533047,-27.597177,-36.646073,1.4093894237217703,-0.6447851599260612,0
3.006704989802826,57.261672,-164.997482,1.196966691617708,-0.6447851599260612,0
-0.7001851618253275,-2.187328,146.158902,1.6218121558258327,-0.9327128012255437,0
0.09914430074308252,82.192048,-54.089415,1.2677742689857288,-0.21289369797683735,0
-1.3514743822756232,-89.64436,134.839859,-0.431607587846771,1.514672149820058,0
-1.265099800014139,-64.81477,-46.094284,-0.7148378973188543,0.36296158462212774,0
1.3702550019328203,68.500318,-144.695096,0.13485303109739558,0.6508892259216102,0
0.7328704297104253,59.913439,9.513558,-0.7148378973188543,-0.7887489805758024,0
-0.4043724328206411,-32.519258,16.753964,1.4801970010897911,1.2267445085205755,0
0.7413590987179072,62.439848,126.137661,0.7013136500415621,0.9388168672210928,0
-0.27754185307738727,47.393233,-8.288676,-1.635336403103125,1.3707083291703166,0
-0.8967648874496612,-42.83636,-96.160266,-0.0775697010066669,-1.076676621875285,0
0.3704257488636745,-28.62832,138.627875,-0.21918485574270855,0.9388168672210928,0
-1.140344020245053,14.285259,-85.658681,-1.2812985162630208,-1.5085680838245088,0
-0.27466098208422624,30.900967,30.890255,-0.21918485574270855,0.36296158462212774,0
-0.10910114241330418,-56.119646,-120.977759,-1.7061439804711458,1.2267445085205755,0
0.11671472203914152,-29.585974,-118.56831,1.4801970010897911,1.6586359704697993,0
-0.4714608542948569,29.485629,-156.992267,-0.28999243311072936,-0.6447851599260612,0
-0.6695921457253746,-68.306144,18.543714,-0.431607587846771,-1.6525319044742501,0
-1.438539342764856,8.618394,-59.821391,0.9845439595136454,0.6508892259216102,0
-0.7556613716262457,71.139012,-50.756214,-0.28999243311072936,-0.9327128012255437,0
-0.6301956769215332,40.828467,-91.031267,0.34727576320145803,-0.06892987732709607,0
0.13716086874094158,84.192734,171.091026,1.0553515368816662,-0.21289369797683735,0
-1.2513993953522675,34.971776,-23.393696,0.7013136500415621,-0.9327128012255437,0
-0.6906049844459511,83.892381,-31.666995,1.2677742689857288,-1.2206404425250263,0
-0.5417945389636092,59.762884,143.284596,1.6218121558258327,-0.6447851599260612,0
-0.004564722465668316,-79.730771,-86.998011,-1.5645288257351042,-1.076676621875285,0
-0.25027989804172246,-27.251284,-51.655464,-1.635336403103125,-0.9327128012255437,0
0.495109457964363,-12.358656,-66.064095,-0.006762123638646077,-0.7887489805758024,0
0.8664025331423044,84.164509,-86.137066,1.4093894237217703,-1.2206404425250263,0
-1.1824247145262134,-6.99914,-119.907478,0.7013136500415621,-0.6447851599260612,0
0.41679894669649414,50.344868,-165.803341,-1.635336403103125,1.3707083291703166,0
2.3295883350746425,-61.960765,38.049058,1.551004578457812,0.6508892259216102,0
-0.6878323408202772,54.140013,97.245934,1.6218121558258327,1.0827806878708341,0
-1.1688863973567931,26.892388,-174.840614,0.9137363821456246,-0.3568575186265786,0
-0.8628411491221281,22.139966,-68.413057,0.06404545372937474,-0.21289369797683735,1
-0.01578820074172678,52.490649,106.067358,-1.2812985162630208,-1.076676621875285,0
0.33536194833789246,45.282966,-64.776003,0.6305060726735413,0.0750339433226452,0
-1.4914934111509766,14.910197,-157.501358,1.196966691617708,-1.3646042631747675,0
1.5469813921540614,-48.92086,92.21061,-1.4229136709990624,0.2189977639723865,0
-0.708761446253229,-57.060265,6.19107,-0.5732227425828126,1.0827806878708341,0
-1.1902273576475235,-66.483066,-161.072317,-0.14837727837468773,1.0827806878708341,0
0.9524367956468998,70.090978,90.209053,-0.5732227425828126,0.2189977639723865,0
0.10639986179915713,-23.831198,-79.438715,-0.5732227425828126,0.6508892259216102,0
-0.8404505862676497,-18.146632,99.302839,0.5596984953055205,1.2267445085205755,0
-0.8694674046952009,48.239189,29.404765,-0.7856454746868751,0.506925405271869,0
-0.15443953027755908,65.786084,44.441835,-0.28999243311072936,-0.6447851599260612,0
0.7229511425163784,-67.004038,-89.350346,1.4093894237217703,-1.3646042631747675,0
-0.7978611921653355,-79.402057,-53.606358,-0.5732227425828126,0.0750339433226452,0
0.3545397992471161,83.47653,39.628275,0.13485303109739558,-0.21289369797683735,0
1.2316202371236984,13.051285,146.267584,-0.28999243311072936,1.2267445085205755,0
0.5651497484241989,87.331918,84.828095,-0.5024151652147918,1.3707083291703166,0
0.4289680135614644,87.74026,-134.087436,-0.7148378973188543,-0.21289369797683735,0
-0.7279310116284046,44.172888,39.570489,-0.14837727837468773,-1.076676621875285,0
-0.319914675686097,-50.407767,75.297581,1.4801970010897911,0.7948530465713516,0
-0.5081488818819435,-85.656194,149.733867,-0.0775697010066669,0.36296158462212774,0
-0.023324576802758155,21.4001,-13.358781,0.48889091793749967,0.9388168672210928,0
0.11808216109415626,-77.56069,132.635004,0.48889091793749967,0.9388168672210928,0
-1.3800298807102085,-25.147506,-94.749243,1.0553515368816662,1.3707083291703166,0
0.11800476965670266,65.233595,-115.22632,-0.14837727837468773,0.7948530465713516,0
-0.17166585789044247,70.031819,63.337016,-1.1396833615269792,1.0827806878708341,0
0.11461242223524036,63.536712,156.1906,-0.5732227425828126,1.0827806878708341,0
-0.18741827169939013,38.806582,-114.404728,0.4180833405694788,1.6586359704697993,0
1.12182679766427,-85.657141,-106.817058,-1.0688757841589585,0.2189977639723865,0
-0.2577794660916204,42.089731,-87.425266,-0.28999243311072936,-0.7887489805758024,1
-1.1304292812240824,-86.629403,79.589934,-1.3521060936310416,-1.2206404425250263,0
-1.1024926763124292,-80.762901,-67.841798,1.6926197331938535,0.2189977639723865,0
1.0567007461795253,51.458474,92.678187,-0.5732227425828126,1.6586359704697993,0
0.8009312794233868,-49.284646,-81.92678,0.6305060726735413,-0.5008213392763199,0
-0.710913023146659,-14.684808,-98.918485,0.48889091793749967,0.0750339433226452,0
-0.4842540787101428,17.787041,31.020304,1.0553515368816662,-0.7887489805758024,0
-0.6168710261024796,-39.947732,79.795143,0.2764681858334372,0.6508892259216102,0
-1.0562594813729607,4.520968,-139.134036,-0.7856454746868751,0.7948530465713516,0
0.3768568618035888,-67.447799,109.186771,0.6305060726735413,0.9388168672210928,0
-0.07360337562638622,8.224172,-42.345156,0.13485303109739558,-1.3646042631747675,0
-0.37969601163339367,-85.465335,-115.339061,1.4093894237217703,0.9388168672210928,0
-0.33569392710984725,-8.537681,-52.816699,1.551004578457812,-1.076676621875285,0
-1.031851646134211,15.196771,-143.757653,0.13485303109739558,0.9388168672210928,0
-0.2101065080329206,-16.099815,18.487404,-0.6440303199508335,0.2189977639723865,0
-1.5166608961152366,-61.429108,8.737972,-0.14837727837468773,-1.3646042631747675,0
-0.36533552002165404,1.416602,-85.715315,-1.4229136709990624,1.3707083291703166,0
0.1399442922944691,43.40294,54.98376,1.551004578457812,0.9388168672210928,0
0.24149566151350285,-69.36232,1.237387,-0.21918485574270855,-1.5085680838245088,0
-0.2572509791724969,4.839536,-160.668372,1.551004578457812,0.2189977639723865,0
-0.8837476657039692,71.639022,-39.065307,1.3385818463537495,-0.7887489805758024,1
0.23689039803929038,-70.704396,-96.89319,-0.9272606294229168,-1.6525319044742501,0
1.0441551799979563,-79.420001,54.79181,-1.3521060936310416,-1.3646042631747675,0
-1.1546100327858626,53.082881,35.566168,1.3385818463537495,1.0827806878708341,0
-1.3176180158787487,-45.889871,-74.513852,-1.5645288257351042,1.6586359704697993,0
-0.8793218511954658,-7.401454,-53.505927,1.6926197331938535,1.6586359704697993,0
0.33347103763692093,-47.711232,-129.021385,-1.635336403103125,1.0827806878708341,0
0.8517742578997488,-72.872672,-101.657246,0.6305060726735413,-0.3568575186265786,0
-0.008011200485450157,-50.241438,18.659485,0.48889091793749967,1.3707083291703166,0
0.36662490060320085,-36.220183,-18.375126,0.06404545372937474,1.2267445085205755,0
0.08183464405302456,78.08927,55.829735,0.9137363821456246,-0.9327128012255437,0
1.4470997494343478,31.570318,35.999533,0.48889091793749967,1.514672149820058,0
0.17978950261712678,-62.411376,-15.965644,1.0553515368816662,1.514672149820058,0
0.5040970952934001,-54.706109,22.27698,-0.7856454746868751,-0.06892987732709607,0
-0.5689901264084907,-73.265101,0.477726,1.6926197331938535,-0.21289369797683735,0
-0.4334061585234045,-53.421095,56.474425,0.2764681858334372,-0.21289369797683735,0
-1.4795665256000112,6.150703,32.131625,1.6926197331938535,0.2189977639723865,0
-0.05387057182696381,-71.479167,178.491067,-0.21918485574270855,-0.6447851599260612,0
0.7976360754161458,-0.081626,-119.704557,1.126159114249687,-0.3568575186265786,0
-0.3597728763584153,-6.593167,110.229511,-0.14837727837468773,-1.076676621875285,0
-0.12203484732346546,63.769977,-164.648701,-1.7061439804711458,-1.6525319044742501,0
-0.7641916433402036,-26.036299,-153.501512,0.48889091793749967,-0.5008213392763199,0
0.4946113747497846,63.86663,77.537907,0.2056606084654164,1.0827806878708341,0
0.7745916911917705,18.440075,82.17087,-0.9980682067909376,-0.21289369797683735,0
-0.7890715932319037,5.216293,36.580588,-0.7856454746868751,-0.7887489805758024,0
0.04210218481445038,29.372476,87.417406,-1.7061439804711458,1.6586359704697993,0
0.09248681024921031,-18.347206,8.509266,0.34727576320145803,-0.21289369797683735,0
-0.5528914138966066,-11.442698,-40.152586,0.34727576320145803,-0.5008213392763199,0
-1.3438731601844254,-47.995044,9.528572,-1.1396833615269792,-1.6525319044742501,0
0.32931624476784893,-10.288289,-33.844383,-1.2812985162630208,-1.6525319044742501,0
0.3085621451897591,76.403351,57.30218,0.9845439595136454,-0.9327128012255437,0
0.20549265848338719,32.785211,-134.516269,0.9845439595136454,-1.076676621875285,0
-1.478047081482148,-72.959797,-120.691072,-1.0688757841589585,-0.6447851599260612,0
-1.3644184113725202,15.078918,105.306936,1.6926197331938535,0.36296158462212774,0
1.497216879660394,3.081193,90.646679,-0.7856454746868751,-1.2206404425250263,0
0.28474120811906667,-3.652513,154.148015,-0.0775697010066669,1.3707083291703166,0
1.144352442438194,86.373055,-27.434717,0.7721212274095829,-0.7887489805758024,0
0.7931354960109319,79.328994,-28.24322,0.8429288047776038,-0.21289369797683735,0
-0.7332090003652734,59.220062,-38.449761,1.3385818463537495,0.9388168672210928,0
1.9450389921575986,78.810032,-38.166926,-0.006762123638646077,0.0750339433226452,0
0.2369694175318907,62.052994,-98.358066,-0.9980682067909376,0.36296158462212774,0
2.202481376918101,15.52955,164.341228,1.3385818463537495,-1.076676621875285,0
-0.08065000027346486,66.692726,-52.193642,0.8429288047776038,0.506925405271869,0
-0.555324639932824,40.975488,-91.689216,0.5596984953055205,0.506925405271869,0
0.12229456843980291,-21.640799,45.190386,-1.5645288257351042,-1.3646042631747675,0
-1.222615916558651,68.729174,-37.703753,-1.3521060936310416,-1.3646042631747675,0
-0.497829683580611,-71.305706,-45.353782,-0.431607587846771,0.0750339433226452,0
-0.09680993069616886,-68.479713,10.572613,0.7013136500415621,0.7948530465713516,0
-0.5928446040955595,-29.489139,-16.417009,-1.2812985162630208,-1.3646042631747675,0
-0.25298684080940614,-28.639132,-151.342163,1.3385818463537495,0.9388168672210928,0
-0.8499849979921748,-64.292572,-110.065595,-1.1396833615269792,0.506925405271869,0
-1.1142445227244167,78.668895,120.862245,0.6305060726735413,-0.7887489805758024,0
-0.18669241714039475,33.991739,-137.54481,-0.5024151652147918,-1.6525319044742501,0
-0.8918774568788219,29.085666,27.271719,-0.5024151652147918,-1.3646042631747675,0
0.35048652312339784,-4.909771,-50.55553,1.4093894237217703,0.9388168672210928,0
0.5627990014360291,62.759256,49.991117,1.4093894237217703,0.36296158462212774,0
-0.699899597565894,-3.801026,-69.250044,-1.7061439804711458,0.9388168672210928,0
-1.2813086661996251,-59.680764,34.449659,-1.4229136709990624,1.6586359704697993,0
0.525586334503863,81.098914,77.502,1.0553515368816662,-1.2206404425250263,0
-1.300279493346742,17.922881,-166.230227,1.2677742689857288,0.506925405271869,0
-0.16094679861515074,-24.678994,88.910703,-1.3521060936310416,-1.5085680838245088,0
0.519498048074004,-50.595232,26.511587,-1.0688757841589585,-0.7887489805758024,0
0.5244684335616842,-52.908645,-1.873889,-1.0688757841589585,1.2267445085205755,0
0.4189770430110652,48.821975,86.43936,-1.1396833615269792,-1.5085680838245088,0
-1.3545202355456856,-63.498903,36.630767,0.2764681858334372,0.7948530465713516,0
-0.9103255019465643,-24.046486,154.937649,0.9137363821456246,-1.076676621875285,0
4.097034646545014,-88.529748,57.143986,1.6926197331938535,0.2189977639723865,0
0.6949230521847791,-18.78521,20.813814,-0.856453052054896,0.0750339433226452,0
0.11591738650908578,-60.513763,-123.029878,1.4801970010897911,0.9388168672210928,0
-1.3242499793024063,-77.550129,-128.457025,0.9137363821456246,-0.5008213392763199,0
-0.15898202990163426,-84.487253,-161.912314,-1.1396833615269792,-0.06892987732709607,0
0.5440758433404721,45.586464,176.883415,1.6218121558258327,1.2267445085205755,0
-0.6313808801173192,-18.653685,-111.327952,-0.28999243311072936,1.514672149820058,0
-0.5324252151145832,22.742284,133.364221,-1.3521060936310416,-0.6447851599260612,0
0.3348087261290673,-21.507083,178.075948,-0.431607587846771,0.9388168672210928,0
0.9481992950740827,-11.429505,52.041106,0.8429288047776038,-1.5085680838245088,0
-1.4842097049762502,-40.195453,-129.072605,-0.7856454746868751,1.2267445085205755,0
-0.8598784719723443,66.846572,142.908682,1.4093894237217703,0.7948530465713516,1
-0.3910006424363651,25.223606,-14.806663,1.3385818463537495,-0.06892987732709607,0
1.0775294522469065,87.944534,-88.588345,-0.9272606294229168,-0.7887489805758024,0
0.38562738819953374,61.915086,145.493105,1.6218121558258327,1.6586359704697993,0
-0.07003601502410305,59.370669,-56.45712,-0.431607587846771,1.3707083291703166,0
-0.5348176976884308,86.143984,-124.005221,-1.0688757841589585,-0.9327128012255437,0
-0.06827950170904704,31.602959,167.85504,0.48889091793749967,-0.7887489805758024,0
-0.4220910131300093,-16.356849,93.263699,-0.856453052054896,-0.3568575186265786,0
-0.7502116790236442,9.2e-05,94.754707,-0.21918485574270855,-1.6525319044742501,0
2.4747998339797626,72.677267,-39.846142,0.4180833405694788,0.9388168672210928,0
-0.8275675982617035,-61.266224,-172.719015,-0.28999243311072936,1.0827806878708341,0
-0.7549505229912035,4.237094,117.748982,-0.9980682067909376,-1.6525319044742501,0
1.144888424072967,-11.505373,-1.091757,-1.7061439804711458,1.3707083291703166,1
-0.39784518249863066,-70.733792,8.385787,1.551004578457812,1.6586359704697993,0
-0.9556743973166403,31.609867,-28.942126,-1.0688757841589585,-1.076676621875285,0
-0.3781897118271092,11.213113,23.48763,-0.431607587846771,1.2267445085205755,0
0.4575912971764028,47.0818,-168.410131,0.9845439595136454,0.2189977639723865,0
0.4075163790335106,85.286163,-91.956592,1.2677742689857288,-0.3568575186265786,0
-0.34751324916430343,-24.768609,69.270676,-0.5732227425828126,-0.3568575186265786,0
0.20574410013177732,-42.73042,-142.935874,1.3385818463537495,-0.9327128012255437,0
-0.26142709892813487,74.229586,-19.751034,0.4180833405694788,0.2189977639723865,0
0.35380564466055114,73.294572,-91.348711,1.126159114249687,-1.2206404425250263,0
-1.1504894210825216,83.831391,-39.984365,-0.36080001047875015,-0.7887489805758024,0
-1.4348112167373919,64.474278,133.731998,-0.0775697010066669,-1.3646042631747675,0
2.2958719837739543,66.282216,32.445762,-1.0688757841589585,-1.6525319044742501,0
0.03762410549603716,-68.08894,44.626407,-0.9272606294229168,-0.7887489805758024,0
-0.32208111326167455,-39.716157,-138.944122,-0.7148378973188543,1.0827806878708341,0
0.932768754373939,76.226926,-139.608588,1.196966691617708,-0.7887489805758024,0
1.2415787456360683,-3.028795,127.968171,-0.14837727837468773,1.2267445085205755,0
1.0650187246953033,36.45597,-72.13277,0.2056606084654164,0.36296158462212774,0
2.9016217148081966,22.243599,-37.219491,-1.635336403103125,-0.9327128012255437,0
0.21696517697344372,-53.26856,-171.78109,-0.5024151652147918,-1.3646042631747675,0
-0.8500118122301805,-24.14024,-75.096864,-1.3521060936310416,0.506925405271869,0
-1.2870323235149492,81.340449,-118.810795,1.126159114249687,-0.21289369797683735,0
0.4538482397257116,23.590131,-169.968509,1.126159114249687,0.6508892259216102,0
0.4425717022238602,21.44781,-147.700143,0.06404545372937474,-0.5008213392763199,0
-0.594826472659275,32.989925,76.174212,-0.5732227425828126,1.514672149820058,0
-0.32952474458860903,-34.655027,148.271823,0.13485303109739558,0.0750339433226452,0
1.3462875159839047,-74.106527,72.085069,-0.21918485574270855,0.506925405271869,0
-1.4024124161166307,-87.25772,114.294652,-1.3521060936310416,0.9388168672210928,0
-0.3200274527001276,36.556504,-77.679182,-1.210490938895,1.6586359704697993,0
0.5451946744401556,42.425424,163.621618,-0.9272606294229168,-0.21289369797683735,0
-1.074332542255633,-47.804765,38.962815,1.2677742689857288,1.514672149820058,0
-1.3871570266725302,-30.928962,47.357681,0.06404545372937474,0.36296158462212774,0
-0.9001108903752921,45.509221,-0.486677,0.06404545372937474,0.7948530465713516,0
0.763402037020376,55.366508,-92.89404,1.126159114249687,1.2267445085205755,0
-1.2068030091309274,-62.000177,-1.235234,-0.5024151652147918,1.0827806878708341,0
2.491665861742919,6.738572,-48.873553,-0.9980682067909376,-0.21289369797683735,0
0.12586721482734795,43.276267,33.194631,1.4093894237217703,1.3707083291703166,0
-1.036114900121965,3.437924,-123.141167,1.2677742689857288,0.506925405271869,0
0.4818759241760242,23.629156,-59.286456,-0.21918485574270855,-0.5008213392763199,0
-0.32372056909038005,-45.677362,104.000339,0.6305060726735413,-0.21289369797683735,0
-0.968058029309487,78.394768,46.35126,-1.7061439804711458,1.0827806878708341,0
-0.8842773473652913,-28.257052,-126.730096,-0.28999243311072936,-1.076676621875285,0
-0.8800691338413458,38.450231,-120.820454,0.2056606084654164,0.6508892259216102,0
5.256141538575947,1.594443,-22.111637,0.6305060726735413,0.7948530465713516,0
3.1423591304527227,38.821499,-83.703013,1.2677742689857288,-1.2206404425250263,0
0.4871042823947174,30.05418,128.207475,1.6218121558258327,0.2189977639723865,0
1.0945311539558638,46.422,-64.052408,0.2764681858334372,-0.9327128012255437,0
-0.09794124315389943,-48.962205,107.28362,-1.3521060936310416,0.506925405271869,0
-0.3327428448885548,-18.023948,-109.96316,0.2056606084654164,-1.6525319044742501,0
-0.7348716842925082,52.478945,178.100122,-1.5645288257351042,-0.3568575186265786,0
-0.017122742356241383,53.396889,67.212406,0.7721212274095829,1.6586359704697993,0
1.0989088129901747,-19.32236,-34.794543,0.6305060726735413,0.2189977639723865,0
-0.19862448766306498,33.820572,146.466519,-0.7148378973188543,0.2189977639723865,0
-0.16893008550436656,-49.029624,-115.936661,1.4093894237217703,-1.6525319044742501,0
1.8594285179535663,79.962721,135.122217,0.4180833405694788,1.2267445085205755,0
-1.2971576273445495,-15.581953,-7.61809,0.9137363821456246,1.2267445085205755,0
-1.0138991698616966,60.525557,102.025279,-0.431607587846771,-0.06892987732709607,1
-0.5905068319014914,-73.631147,28.748219,-1.1396833615269792,1.2267445085205755,0
0.48101800567282826,-34.374506,-142.132017,-0.5024151652147918,0.2189977639723865,0
0.46667760759134763,-77.675983,44.322953,1.2677742689857288,0.0750339433226452,0
1.7183635688184444,63.789505,-122.068472,-1.7061439804711458,0.36296158462212774,0
-0.8217296374589307,-33.034205,88.0235,0.34727576320145803,0.36296158462212774,0
-0.9437447297632879,-5.594265,-92.917565,0.5596984953055205,-0.06892987732709607,0
0.40752172363549755,58.844763,-68.336305,0.7721212274095829,1.6586359704697993,1
1.421507946715719,-3.531984,19.030788,0.13485303109739558,-1.6525319044742501,0
-0.3630694091967943,53.03686,-43.776419,0.6305060726735413,1.6586359704697993,0
-1.04355975526967,41.113095,-98.753688,0.7721212274095829,1.514672149820058,0
-0.22383528398913616,12.301241,-152.752102,0.13485303109739558,-0.21289369797683735,0
0.6028790096663013,35.131353,165.552144,0.7721212274095829,1.514672149820058,0
-0.09539312534474044,-0.996612,20.875682,-0.9272606294229168,-0.3568575186265786,1
1.252238718780971,57.955587,-123.224948,1.3385818463537495,-1.5085680838245088,0
-0.9916811772490496,29.301617,101.461674,0.5596984953055205,1.3707083291703166,0
-0.8509388287717587,-51.883766,-106.767261,0.34727576320145803,-0.21289369797683735,0
0.05395659932707989,-20.187405,161.092454,0.8429288047776038,-1.2206404425250263,0
2.9203724772690576,67.007862,-25.108824,-1.2812985162630208,0.0750339433226452,0
-1.1036968906605946,0.769228,-97.580439,0.5596984953055205,-0.6447851599260612,0
1.5994916433115156,18.612048,118.120867,1.6926197331938535,-1.6525319044742501,0
0.7764658311035548,41.234578,-148.723003,-1.5645288257351042,0.7948530465713516,0
-1.3573157491225212,-53.646429,-142.845773,1.6218121558258327,-1.3646042631747675,0
0.8680252101324456,-51.496112,-179.626123,-0.28999243311072936,0.506925405271869,0
-0.21702744138299374,37.586517,136.388294,-1.4937212483670832,-0.9327128012255437,0
1.0814746256146255,-72.110294,-146.659381,0.7721212274095829,0.2189977639723865,0
1.1725208598838635,-18.389301,75.758912,0.34727576320145803,-0.06892987732709607,0
1.5525367388205535,-17.373471,109.90118,1.3385818463537495,-1.5085680838245088,1
-0.5509624254095404,27.424795,78.118349,-0.6440303199508335,-0.3568575186265786,0
0.49716760719065173,-31.057747,160.902608,0.7013136500415621,-0.5008213392763199,0
-0.8805719224916232,77.440642,41.402711,-1.1396833615269792,-1.3646042631747675,1
-0.2231172649225112,71.506893,-88.724324,-0.9980682067909376,-1.3646042631747675,0
-0.4389692750143419,22.520861,151.85022,-1.1396833615269792,1.0827806878708341,0
-0.2886428733275309,55.627826,173.6011,-1.3521060936310416,0.7948530465713516,0
0.8498534958329709,10.808771,85.517631,0.7013136500415621,0.7948530465713516,0
0.34695012785172546,-79.956412,-161.305234,-0.7148378973188543,-1.2206404425250263,0
-0.46360922006793975,-87.361806,-14.458185,-1.2812985162630208,-0.3568575186265786,0
-0.5838007399077573,-48.272799,-15.024669,-1.5645288257351042,0.506925405271869,0
-0.49339550659963827,45.346505,83.027745,-0.28999243311072936,0.7948530465713516,0
0.030696526806368703,-66.832107,134.160087,-0.0775697010066669,-0.6447851599260612,0
-0.27333798443372376,11.380205,-71.985139,1.2677742689857288,-1.6525319044742501,0
1.928717573201769,56.738114,158.306548,-0.5732227425828126,-0.21289369797683735,0
0.4224627991432026,32.235333,-38.607593,-1.0688757841589585,-1.3646042631747675,0
-1.0867827010442963,-16.335161,-80.083716,-0.7148378973188543,1.2267445085205755,0
-1.088836770689775,-35.045611,104.754832,0.5596984953055205,1.0827806878708341,0
-0.38164863891268364,45.780456,116.864609,1.196966691617708,-1.3646042631747675,0
-1.2051803859477261,-77.256228,-25.193412,1.2677742689857288,-0.06892987732709607,0
-0.7370116763809603,-49.005809,168.155719,0.5596984953055205,-1.6525319044742501,0
0.15802311638102517,-83.551971,-45.782541,1.0553515368816662,-0.21289369797683735,0
-1.4343258761439326,-10.782584,-64.822933,0.9845439595136454,1.2267445085205755,0
-1.526933564115104,-54.707689,148.427512,1.3385818463537495,-1.076676621875285,0
2.450671093290325,-23.635517,-140.580789,0.4180833405694788,-0.21289369797683735,0
0.4071473460876782,-20.763884,-127.595568,-0.9980682067909376,1.2267445085205755,0
-1.085994531851438,23.245767,-92.871074,0.2764681858334372,-1.6525319044742501,1
-0.7773801191105344,33.687889,-90.388695,0.4180833405694788,-1.5085680838245088,0
0.007995990262545636,48.254708,-173.97856,-0.7856454746868751,-1.3646042631747675,0
-1.318828570188195,33.385137,68.253029,1.4093894237217703,-0.9327128012255437,0
0.025716031216325496,5.250676,-114.658328,-0.5024151652147918,0.6508892259216102,0
-0.2694435490458806,-40.98055,-22.706908,1.4093894237217703,0.2189977639723865,0
-0.8103759066180438,-69.082074,-1.845437,0.7013136500415621,1.0827806878708341,0
-0.8248321647677425,12.665001,38.949095,-0.9272606294229168,1.6586359704697993,0
1.92636142847704,15.837953,-14.153273,0.7721212274095829,0.6508892259216102,0
-0.3322122431714473,-4.371402,85.294102,-0.6440303199508335,-0.3568575186265786,0
-0.23829544595230465,-88.097547,123.712912,1.3385818463537495,0.506925405271869,0
0.6761322516084943,67.708664,-167.362631,-1.5645288257351042,-1.5085680838245088,0
1.0538346770010207,-35.982095,-76.703798,-1.1396833615269792,-0.5008213392763199,0
0.0492989448645549,1.59112,-135.650937,-1.5645288257351042,-0.7887489805758024,0
-0.571669822458413,12.062939,-93.195244,1.196966691617708,0.0750339433226452,0
1.0267677199868235,2.101747,132.032605,-0.5024151652147918,-0.6447851599260612,0
0.08221514535336799,-63.490686,86.489026,-0.856453052054896,-0.06892987732709607,0
-1.3750002114682214,53.193806,75.176003,-1.7061439804711458,0.36296158462212774,0
0.535750543561471,-21.944618,-110.210443,1.196966691617708,-1.2206404425250263,0
1.6562695830148062,-79.042697,-16.607774,1.6926197331938535,-0.3568575186265786,0
-1.5273705174599148,76.338561,-2.58958,0.2764681858334372,1.514672149820058,0
-0.18100232677174466,-71.703052,25.32173,-0.5024151652147918,-1.5085680838245088,0
-0.26749796820770405,30.029458,-176.364793,0.9845439595136454,1.514672149820058,0
-1.0653421105344405,52.199791,-98.042887,-1.4937212483670832,0.36296158462212774,0
-0.18216531427632363,-23.818615,-126.116911,0.13485303109739558,-0.5008213392763199,0
-0.42306657100510586,-36.491676,164.620889,-0.0775697010066669,-0.06892987732709607,0
2.780632324135479,-51.891871,-129.064308,-1.2812985162630208,0.36296158462212774,0
0.9079237278885773,-31.900379,175.922048,-0.0775697010066669,-0.3568575186265786,0
-0.7574047037843634,30.013475,106.350875,0.9137363821456246,-0.21289369797683735,0
-0.7194239435532431,-29.314161,-88.531128,-0.36080001047875015,0.9388168672210928,0
-1.0109826782581213,-11.243525,97.771149,-1.3521060936310416,-1.6525319044742501,0
-0.8759374787697761,-69.459582,33.905553,1.4801970010897911,-1.076676621875285,0
0.5547766469578552,-57.192274,24.251523,-0.431607587846771,-1.5085680838245088,0
0.3951883122397267,8.344596,-79.573146,-1.4937212483670832,-0.6447851599260612,0
-1.0105075477478216,-61.995034,126.891611,-1.7061439804711458,1.514672149820058,1
-0.016226692182349865,-42.096079,-65.274068,1.0553515368816662,-0.9327128012255437,0
1.0373722326928763,-11.746276,149.215953,-0.9980682067909376,0.2189977639723865,0
1.082781026777165,-7.077032,168.414201,1.6926197331938535,-1.2206404425250263,0
-1.1704220911831817,11.593039,0.94989,0.8429288047776038,0.9388168672210928,0
-0.8488971981622979,83.309607,107.7401,1.6218121558258327,-1.6525319044742501,0
1.0041348561332606,-35.417173,10.728083,-0.36080001047875015,1.514672149820058,0
-1.179999213819085,-88.679075,61.687343,-1.4229136709990624,-0.6447851599260612,0
2.1140331552756035,29.155563,-123.838404,0.9845439595136454,0.6508892259216102,0
-0.24161248232659863,-71.599278,10.566209,-0.9980682067909376,1.3707083291703166,0
-1.535571447103395,20.55979,-92.020647,-0.5024151652147918,1.0827806878708341,0
1.8148830555703517,1.089781,-45.998069,-0.5732227425828126,0.6508892259216102,1
1.8245654121456454,-86.854093,56.892708,-1.4937212483670832,0.0750339433226452,0
-0.11380388820924053,18.6847,-107.004392,1.6926197331938535,0.9388168672210928,0
1.9955888612448496,-54.380225,5.47407,1.6218121558258327,-1.5085680838245088,0
-1.1319745318506524,30.70098,-15.80698,0.9845439595136454,0.2189977639723865,0
0.3055857404430607,43.047665,116.838435,-0.21918485574270855,-1.2206404425250263,0
-0.9324063190051598,-27.210599,85.305167,-0.7856454746868751,-1.6525319044742501,0
0.36903786845759257,-37.055686,38.474504,-0.21918485574270855,-0.06892987732709607,0
-0.6424915648285133,73.478457,103.209139,-1.210490938895,0.7948530465713516,0
-0.9934668695204181,-42.52273,-1.210012,-0.006762123638646077,-0.06892987732709607,0
0.25075563543851376,-48.389863,-65.354911,-0.0775697010066669,1.6586359704697993,0
-0.1472728689874047,13.048466,-98.894736,0.34727576320145803,-0.5008213392763199,0
1.3961027059548332,-62.627598,127.989292,-0.36080001047875015,1.3707083291703166,0
-0.40587429448237955,68.32474,-132.301083,1.2677742689857288,0.9388168672210928,0
-0.34773961920514845,-29.643121,-115.499785,-0.28999243311072936,0.7948530465713516,1
-0.5146780645025993,34.8334,29.730344,-0.9272606294229168,1.514672149820058,0
-0.4803042706702315,5.835965,-83.582274,1.3385818463537495,0.2189977639723865,0
0.35148630167832945,6.611047,-99.378105,0.9137363821456246,0.9388168672210928,0
0.04786701970297318,-21.301588,10.488588,-1.4229136709990624,-0.7887489805758024,1
0.15640181675631745,2.67463,-6.07316,0.6305060726735413,-0.7887489805758024,0
0.07170532999707718,-39.573349,-170.689355,1.6218121558258327,-1.5085680838245088,0
-0.44291219768640894,-33.598712,72.979519,1.3385818463537495,-0.7887489805758024,0
-0.3023103857032772,-4.262563,-67.036272,-0.36080001047875015,1.3707083291703166,0
0.5150945909387551,71.497438,-133.463944,-0.0775697010066669,0.6508892259216102,0
-0.501600416623115,-64.06757,-175.413952,1.0553515368816662,0.36296158462212774,0
0.25594969013973506,-61.184883,-18.468844,0.6305060726735413,-1.5085680838245088,0
1.3386174889820313,-23.474715,-143.975844,0.7013136500415621,1.6586359704697993,0
-0.2786592905293551,71.99895,-131.376918,1.4801970010897911,0.0750339433226452,0
-0.6299851363784315,-58.60084,-89.693235,-0.5732227425828126,0.2189977639723865,0
-0.5656906325564909,60.819564,-1.58481,-0.9272606294229168,-0.06892987732709607,0
-0.9950293782177909,-11.720575,-39.275493,-0.7148378973188543,0.2189977639723865,0
-0.3573741826779906,-86.564286,50.131667,0.13485303109739558,-1.2206404425250263,0
-0.4880302915131549,-28.416401,-63.242059,0.4180833405694788,-0.6447851599260612,0
-0.5052615647080657,-69.440719,-156.23351,1.6218121558258327,-0.21289369797683735,0
0.04846629026181405,45.992317,-63.74286,0.9845439595136454,1.6586359704697993,0
-1.038749639273835,-26.093192,-144.882706,-0.431607587846771,1.6586359704697993,0
-1.0705147746244004,-86.377101,102.95158,1.0553515368816662,0.0750339433226452,0
0.1107295606396778,-77.700349,139.80846,0.6305060726735413,-0.21289369797683735,0
-0.3121134720457861,36.856636,-95.604719,-1.4937212483670832,1.514672149820058,0
-1.5475259403021888,-73.507895,-159.813407,0.48889091793749967,-1.076676621875285,0
1.475465624740106,52.041865,-158.518978,0.34727576320145803,0.9388168672210928,0
-0.861309630134164,-89.514027,87.338234,-1.4229136709990624,0.6508892259216102,0
0.32564807117575967,-79.299015,173.863287,-1.1396833615269792,0.36296158462212774,1
-0.9784763100998461,-36.315402,168.806016,1.551004578457812,-0.7887489805758024,0
-0.8806706386936687,-11.028218,-29.573916,0.9845439595136454,-1.076676621875285,0
0.20758070984803056,-64.180952,167.174042,-1.0688757841589585,-1.5085680838245088,0
0.3186009685705872,45.209739,57.928567,-0.0775697010066669,-1.2206404425250263,0
0.1923619556497682,-88.52849,87.692617,1.551004578457812,0.506925405271869,0
-0.05996264912415073,-6.645016,-53.978629,0.2764681858334372,1.3707083291703166,0
-0.09565922082670723,-57.227889,50.523522,0.6305060726735413,-0.21289369797683735,0
-1.3859240438040532,54.950514,-54.36024,0.34727576320145803,-1.076676621875285,0
-1.329319936704192,83.931254,31.075522,-0.006762123638646077,-0.3568575186265786,0
-0.23256836311589454,-51.649045,-143.101843,-0.5024151652147918,1.2267445085205755,0
-0.25623600923572165,8.273328,-155.199237,-0.7856454746868751,0.0750339433226452,0
-0.9596322211273862,51.32861,-84.727571,-1.2812985162630208,0.506925405271869,0
-0.28123482749669104,-49.117889,-55.726942,0.2056606084654164,-0.06892987732709607,0
0.16944321281351607,-9.164159,-38.207551,0.9845439595136454,0.7948530465713516,0
0.8891336321669968,-82.461139,-115.954259,-0.5024151652147918,0.506925405271869,0
-0.008372737985363563,-12.479609,130.648687,0.48889091793749967,-1.076676621875285,0
1.1756310586770737,-32.452142,-55.227442,-1.4937212483670832,1.2267445085205755,0
3.668339802379048,-21.765679,83.807567,0.7013136500415621,-0.6447851599260612,1
-0.6927479981220231,-44.195827,-61.053814,-0.36080001047875015,-0.6447851599260612,0
0.5869593080556585,-76.800629,107.278923,1.551004578457812,-1.3646042631747675,0
-0.27532262968607757,-25.64668,89.016226,-0.5024151652147918,1.2267445085205755,0
0.8279155019694623,-50.239583,52.263443,0.13485303109739558,-0.3568575186265786,0
3.3358581049624223,-46.566654,-92.283637,-0.431607587846771,1.6586359704697993,0
4.83794809529639,-76.519872,-65.912475,-0.431607587846771,0.2189977639723865,0
-0.18967215978657959,-86.355554,128.365345,-0.006762123638646077,-1.3646042631747675,1
0.11428176939458908,38.952038,-66.969364,1.6926197331938535,0.9388168672210928,0
0.26955011987618505,-47.999949,-60.144286,1.126159114249687,1.6586359704697993,0
0.4993614176704944,-53.551053,-102.501475,1.196966691617708,-0.06892987732709607,0
-0.3565729245210616,74.120749,104.759549,1.6926197331938535,-0.9327128012255437,0
-0.5666943433148122,-70.014283,-2.303698,-1.1396833615269792,-0.06892987732709607,0
0.6172462457181297,-63.782261,-99.350618,-1.5645288257351042,-1.076676621875285,1
-1.034719129886642,88.548825,-151.765959,0.6305060726735413,1.514672149820058,0
-0.36656581901491386,88.452838,-36.553408,-1.3521060936310416,0.36296158462212774,0
-1.4454745878064172,30.633425,-25.142169,1.4093894237217703,-1.6525319044742501,0
0.5036546946572092,-18.57578,-85.778868,0.8429288047776038,-1.076676621875285,0
0.08624516859099456,58.758972,116.279458,-1.0688757841589585,1.6586359704697993,0
-0.5304262963102099,77.026054,-67.904245,-0.28999243311072936,1.2267445085205755,0
0.38004913315198097,20.170294,149.521437,-1.4229136709990624,0.36296158462212774,0
1.0077885265819928,-17.697369,53.798207,-0.7148378973188543,1.3707083291703166,0
-1.4924920863582103,-66.138882,-80.280393,0.4180833405694788,-0.9327128012255437,0
-0.727529615658918,-49.6881,167.201816,-0.5732227425828126,-0.7887489805758024,0
-0.5001700336772418,63.202621,158.934734,1.0553515368816662,0.9388168672210928,0
1.36038369642665,-4.747318,167.712158,0.7721212274095829,-0.3568575186265786,0
0.45704661475519653,-78.546488,-146.073537,-0.0775697010066669,-1.5085680838245088,0
-0.0023073730454434382,-0.162991,-101.512261,-0.28999243311072936,-0.06892987732709607,0
1.0806253170662667,63.167926,53.114925,-0.6440303199508335,-0.06892987732709607,0
-0.4134829389146714,83.150114,-11.177086,-0.006762123638646077,-0.6447851599260612,0
0.04960664853673408,66.142303,-45.653266,-1.7061439804711458,0.36296158462212774,0
0.9415568423490178,84.260472,-5.696836,-0.21918485574270855,-0.06892987732709607,0
-1.1585633002352245,-84.570969,-32.803225,-0.006762123638646077,1.2267445085205755,0
0.41497253025666564,-4.929865,-74.142206,0.6305060726735413,0.36296158462212774,0
-0.5049494499970812,20.549793,-35.133727,1.6218121558258327,-0.21289369797683735,0
0.6029049659919176,-57.009014,-171.554125,0.8429288047776038,-1.6525319044742501,0
-0.3227826962665952,66.389076,173.607163,0.7013136500415621,-1.6525319044742501,0
2.396210546956708,25.994766,-126.843923,1.196966691617708,0.7948530465713516,0
-1.2880689683921376,72.134604,95.760996,-0.7856454746868751,-0.6447851599260612,0
0.7492834199806331,25.26773,-83.362281,-0.6440303199508335,-1.2206404425250263,0
-1.2861336413437139,73.622416,-123.857545,1.4801970010897911,-0.3568575186265786,0
-0.21142451091830794,-10.286467,172.165393,-1.5645288257351042,0.9388168672210928,0
-0.03847966676948996,70.748377,-99.23165,-0.9272606294229168,1.3707083291703166,0
0.13805634855415727,82.670036,-47.116305,-0.5732227425828126,-0.21289369797683735,0
-0.1744286145947015,37.301706,152.65397,-0.5732227425828126,-0.21289369797683735,0
-0.2667621912786633,-61.189635,-151.566496,1.126159114249687,-1.6525319044742501,0
-0.6584514745400688,77.272965,-89.41671,0.4180833405694788,0.6508892259216102,0
-1.5446616918204032,42.116105,-15.996848,-0.006762123638646077,1.514672149820058,0
-0.10813739240342347,-68.77751,16.779934,0.9845439595136454,0.2189977639723865,0
0.45731672312197,-28.789018,-163.27696,0.9845439595136454,0.2189977639723865,0
-1.3481259353639583,0.10921,-142.591944,-1.0688757841589585,-1.6525319044742501,0
-0.72389763068349,-27.843743,-130.369017,-1.0688757841589585,-0.6447851599260612,0
0.23461507316242353,-17.323051,111.075195,0.48889091793749967,0.9388168672210928,0
-1.3627765829039935,-30.413157,-0.476154,-0.006762123638646077,-0.6447851599260612,0
0.6460076526254371,-68.352208,57.130748,0.06404545372937474,-0.5008213392763199,0
0.06748898922714089,31.866417,-160.236127,-1.4937212483670832,-1.076676621875285,1
-0.5443200625139336,-51.604938,-104.215432,-1.1396833615269792,1.6586359704697993,0
0.021899404424470508,4.750972,-4.480215,0.5596984953055205,0.9388168672210928,0
-1.1181645080007692,56.035666,-13.136919,-0.0775697010066669,0.2189977639723865,1
-1.0488986933012032,-27.15441,-106.608597,-0.21918485574270855,-0.6447851599260612,0
0.17683112958504496,71.292993,145.454498,-1.4937212483670832,-0.3568575186265786,0
-0.08923190457423587,-2.989466,-78.858913,-0.431607587846771,0.9388168672210928,0
-1.1475232754486455,-35.611825,-143.474191,-0.9980682067909376,-0.7887489805758024,0
-0.7669537415065221,-23.174756,-80.957847,0.6305060726735413,0.9388168672210928,0
-0.6244541773167737,32.45189,139.910028,0.6305060726735413,-1.5085680838245088,0
3.827592029034188,19.528462,131.967436,-1.2812985162630208,-1.076676621875285,0
-0.773140499585653,-32.254767,42.368884,-1.4937212483670832,-0.9327128012255437,0
4.083055718376611,-18.315927,136.521395,-0.7148378973188543,1.6586359704697993,0
1.4341701921428083,-1.311039,-108.624587,1.4801970010897911,-0.6447851599260612,0
0.031136323745669624,-66.667885,79.564594,1.6926197331938535,-0.06892987732709607,1
-0.7984123164454332,-58.318949,86.712585,-1.2812985162630208,1.6586359704697993,0
-0.4379544543684292,-28.499834,-73.490701,-0.36080001047875015,1.0827806878708341,0
-0.7739152234935355,5.282487,146.178697,1.2677742689857288,-0.6447851599260612,0
-1.5359963494025357,67.283616,-142.703866,-1.0688757841589585,-0.21289369797683735,0
-0.760608108655891,-42.379278,145.644322,0.8429288047776038,0.6508892259216102,0
0.7044027597926688,-54.798974,122.761021,0.5596984953055205,1.2267445085205755,0
-1.3575968288498816,-1.330878,27.198618,-1.4229136709990624,-0.06892987732709607,0
-1.3109599104655656,-56.506444,108.590143,1.4093894237217703,-0.3568575186265786,0
0.011662658243340784,-12.616928,52.03197,0.6305060726735413,0.36296158462212774,0
0.4132544289978483,-10.284273,40.065241,-0.7148378973188543,0.506925405271869,0
1.3901010326957801,-45.041871,-71.147646,-0.0775697010066669,-1.3646042631747675,0
0.12678613305478065,69.524039,123.371578,1.4801970010897911,1.0827806878708341,0
-0.42873616548579174,-81.903277,32.778017,-0.7856454746868751,0.2189977639723865,1
0.6302504409031134,-73.199428,90.232919,-1.5645288257351042,-0.06892987732709607,0
-0.31623965516293456,74.778974,30.757846,1.551004578457812,-0.06892987732709607,0
1.3789704717670992,-79.714592,-157.310951,-1.1396833615269792,0.0750339433226452,0
-1.0576317501793833,31.960757,5.506236,0.6305060726735413,-1.2206404425250263,0
0.36076183318488236,2.770728,-64.867505,-0.5732227425828126,0.6508892259216102,0
1.515482762486237,46.026743,-161.839888,-1.2812985162630208,0.9388168672210928,0
-1.1430871773225793,-16.128453,12.814609,1.4093894237217703,1.6586359704697993,0
-0.47221792388415834,13.436591,37.748685,1.3385818463537495,0.2189977639723865,0
-1.0271126822790926,-63.182345,-5.376896,-1.2812985162630208,1.3707083291703166,0
-0.5965237878688645,-21.441304,122.456319,1.126159114249687,0.506925405271869,0
-0.39398798053086137,-88.264553,-147.964335,-1.210490938895,1.0827806878708341,0
1.0142674286099393,-77.687929,21.660594,0.7721212274095829,0.0750339433226452,0
0.2743675265426695,-13.117326,119.849575,0.2764681858334372,0.0750339433226452,0
-1.1585655092846956,1.524304,-171.754981,-0.5732227425828126,0.0750339433226452,0
0.4445881783928329,-42.284622,145.0837,-1.0688757841589585,1.514672149820058,0
0.2728728069055824,-33.570487,-150.135443,-0.7148378973188543,0.6508892259216102,0
1.1297884061185648,47.40101,144.897715,-1.3521060936310416,-0.7887489805758024,0
-1.0030905277729756,58.728375,40.064753,0.8429288047776038,1.0827806878708341,0
-0.41803395048042175,23.853388,-176.517198,0.5596984953055205,0.2189977639723865,0
-1.2039638697257888,-1.933164,-13.998474,0.9137363821456246,1.6586359704697993,0
-1.3318361654806998,11.002755,100.379344,-1.4229136709990624,0.36296158462212774,0
2.0413049692388134,-62.14905,-102.643865,1.3385818463537495,0.6508892259216102,0
-1.5324823125405553,-25.229012,39.455775,1.4801970010897911,-0.7887489805758024,0
0.29713099667719256,42.99786,11.137346,-0.5024151652147918,-1.3646042631747675,0
-1.3384945209856913,67.698381,79.04108,1.4801970010897911,1.2267445085205755,0
-0.1779145313992759,-69.912814,146.80211,0.9845439595136454,-1.076676621875285,0
0.1401782345995219,-72.019577,-127.445516,1.0553515368816662,1.3707083291703166,0
-0.9493782355681329,-18.121018,-151.291299,-0.14837727837468773,1.2267445085205755,0
1.173156079961672,-25.954734,162.051665,-1.1396833615269792,-1.2206404425250263,0
0.04201369983987508,-45.977081,147.139696,0.34727576320145803,-0.7887489805758024,0
0.206879550816129,-65.263099,130.452598,-0.7856454746868751,-0.06892987732709607,0
0.39057709712636196,36.347027,-101.457004,-1.1396833615269792,-1.2206404425250263,0
-1.0406115453050664,88.079034,5.396356,0.4180833405694788,-0.06892987732709607,0
-1.1717889845333755,-31.341866,-19.319299,-1.0688757841589585,0.506925405271869,1
-0.07459616271204876,84.070382,-153.153275,-0.006762123638646077,0.506925405271869,0
-1.0172838038439376,-27.51071,-98.203378,0.06404545372937474,0.2189977639723865,0
-0.1252375445644164,-36.133248,-33.512754,0.7721212274095829,0.7948530465713516,0
-0.9460688149435313,50.087472,-148.352992,1.551004578457812,-1.6525319044742501,0
1.5928704465578534,-34.156442,-160.62908,-1.0688757841589585,-1.2206404425250263,0
-1.3051977370706105,-34.415935,-89.336599,1.0553515368816662,0.506925405271869,0
-0.38774733759856994,-76.283264,-139.290859,0.7721212274095829,0.36296158462212774,0
-1.363535925196827,-36.292164,-36.616389,0.13485303109739558,-1.076676621875285,0
0.4276225656969558,-16.387445,-83.481904,0.48889091793749967,-1.5085680838245088,0
-1.1419201405822679,45.856064,-157.731487,1.551004578457812,-1.6525319044742501,0
0.14381051687571408,-2.46174,98.95194,1.0553515368816662,0.36296158462212774,0
-0.5395541537664158,63.082587,147.326224,-0.431607587846771,-0.9327128012255437,0
-0.012340211720545308,60.936488,47.729181,1.4801970010897911,1.3707083291703166,0
2.7314326477990147,-64.510382,-145.199449,-0.6440303199508335,0.0750339433226452,0
-0.137466440159753,18.954056,3.833305,-0.14837727837468773,-0.9327128012255437,0
0.4098247551241572,-54.051756,-89.531344,0.6305060726735413,-0.21289369797683735,0
-0.3194818706432793,36.425447,-1.105717,-0.21918485574270855,0.36296158462212774,0
-1.330471989005563,82.526126,-60.922327,0.13485303109739558,1.6586359704697993,1
-0.579380433735565,21.949495,-163.310282,-0.0775697010066669,0.2189977639723865,0
-0.6857460035931505,31.421826,101.772556,1.6218121558258327,1.2267445085205755,0
0.10379356992899155,-51.530703,146.971955,-0.21918485574270855,0.2189977639723865,0
1.5665334219321054,-38.482064,114.890226,-1.7061439804711458,-0.5008213392763199,0
-0.43611228130421215,87.195706,15.412447,-1.4229136709990624,-0.3568575186265786,0
-1.547660607170773,12.57117,112.756457,1.6926197331938535,1.3707083291703166,1
-0.5319319088213232,-53.473584,7.618087,0.2764681858334372,0.0750339433226452,0
1.234841055457263,-39.034661,-77.397981,-0.36080001047875015,-0.7887489805758024,0
-0.47992765779234337,-68.989421,87.424293,-0.006762123638646077,-1.5085680838245088,0
-0.5751064921661245,27.896995,81.946085,0.34727576320145803,-0.9327128012255437,0
0.7805249350909533,-55.442007,-40.356828,1.2677742689857288,-0.5008213392763199,0
0.25305749205087086,-44.231049,22.680973,0.6305060726735413,0.2189977639723865,0
1.3724291221976332,79.600041,-44.173155,-0.5732227425828126,-0.21289369797683735,0
3.481530544489938,-39.965745,107.365383,-1.2812985162630208,-0.9327128012255437,0
-0.6722387575069417,49.139278,32.144899,-0.7148378973188543,0.506925405271869,0
2.775612851432171,-21.63882,175.847691,0.06404545372937474,0.6508892259216102,0
1.4336881752954804,86.824111,10.869067,-0.7856454746868751,0.0750339433226452,0
0.44637793625108985,74.825043,73.519209,0.5596984953055205,0.9388168672210928,0
-0.8402882953837709,-25.614934,-90.482172,1.196966691617708,0.36296158462212774,0
-0.2830157220471117,85.822558,-7.509575,-0.6440303199508335,1.2267445085205755,0
2.4132096069767703,26.098239,100.375924,-1.2812985162630208,-0.3568575186265786,0
-0.6864494277978364,-81.714461,98.145255,-1.4937212483670832,-1.6525319044742501,0
-1.163144900881194,11.599597,4.55768,-1.0688757841589585,0.506925405271869,0
0.16192144465122793,14.403099,-40.780913,-0.14837727837468773,1.3707083291703166,0
0.8559589928537689,-61.661112,-131.505318,0.2056606084654164,0.2189977639723865,0
-0.5154208586832252,25.403463,-96.300555,-0.0775697010066669,1.514672149820058,0
-0.995205243770565,73.184027,143.19037,-0.21918485574270855,1.2267445085205755,0
0.22523446379968887,14.879487,-143.680733,1.2677742689857288,0.0750339433226452,0
0.42719280222157047,-31.95125,18.835683,-0.6440303199508335,-0.6447851599260612,0
-0.4156127783541395,72.13314,-122.135709,-1.4229136709990624,-1.5085680838245088,0
1.4726850830158689,-75.770783,-75.985431,-0.6440303199508335,-0.06892987732709607,0
-0.2938041159443469,36.12231,-94.252359,0.7721212274095829,0.6508892259216102,0
-0.2374978123092464,50.605708,-4.806796,-0.856453052054896,1.514672149820058,0
0.6686669427212071,81.882687,176.349302,-0.21918485574270855,1.2267445085205755,0
-0.5163146427385572,85.833162,-101.138231,-1.2812985162630208,-0.6447851599260612,0
0.22550485181029611,-13.728127,-154.750208,0.2764681858334372,1.0827806878708341,0
-0.6571035273079643,13.17951,38.158874,1.2677742689857288,0.6508892259216102,1
-0.9560907483528737,-63.610617,9.377548,0.6305060726735413,1.3707083291703166,0
-1.3822784057734268,57.028906,179.247062,1.4093894237217703,-0.9327128012255437,0
2.66698102658967,74.019767,137.852089,0.48889091793749967,0.36296158462212774,0
0.5930393246876109,36.583199,-171.388824,1.4093894237217703,-0.3568575186265786,0
-0.19498500527443913,-71.06851,-161.288382,0.48889091793749967,1.2267445085205755,0
0.4483626446622467,-11.98036,74.591383,-0.431607587846771,-0.5008213392763199,0
0.2613805245137123,-76.200246,-156.726462,-0.7148378973188543,0.36296158462212774,0
1.1112997268618376,-2.725946,-109.060149,0.2056606084654164,1.3707083291703166,0
0.07395700018912259,87.09424,146.919751,-1.2812985162630208,1.6586359704697993,0
-0.2531206871714805,-47.437149,-76.07167,-1.1396833615269792,1.2267445085205755,0
-0.7944854096641806,66.774892,-102.593965,1.551004578457812,-0.7887489805758024,0
1.1343820093982964,56.808593,-119.111549,-0.006762123638646077,0.0750339433226452,0
0.0034249152013668092,-32.876902,82.798878,-1.210490938895,0.506925405271869,0
-1.2928631405759463,-88.609818,94.865573,-1.635336403103125,0.9388168672210928,0
-0.24753216506558073,55.13293,48.011615,-0.431607587846771,1.0827806878708341,0
-0.07423387489305015,75.41275,135.694226,1.3385818463537495,0.0750339433226452,0
3.499490609295432,86.862619,-80.717213,0.48889091793749967,1.3707083291703166,0
0.6661796281348239,-74.582284,0.4771,1.4093894237217703,-0.3568575186265786,0
1.9355226406690453,3.963872,-156.62401,1.2677742689857288,1.6586359704697993,0
0.05982507149016694,78.025183,-51.066516,-0.0775697010066669,-1.5085680838245088,0
-0.5103403634104894,43.198224,169.471131,1.4093894237217703,0.506925405271869,1
-0.9492272395989759,-55.064727,52.627451,-0.5732227425828126,0.6508892259216102,0
0.8412767516155476,43.617731,72.60055,1.0553515368816662,-1.076676621875285,0
0.016733479772947743,74.604686,120.946251,-0.431607587846771,1.3707083291703166,0
-0.6281113593786665,41.587194,174.446741,-0.7856454746868751,-0.06892987732709607,1
-1.41281793978063,-87.401238,100.506271,1.3385818463537495,-1.076676621875285,0
1.506190809266191,73.708489,150.09359,1.3385818463537495,0.7948530465713516,0
-0.9764546061267922,66.63853,40.533038,-0.28999243311072936,1.2267445085205755,0
1.6477748367490306,-10.49567,-13.618943,-1.4937212483670832,-1.076676621875285,0
1.80154829998557,-70.003257,-153.773354,-0.7148378973188543,0.7948530465713516,0
-0.5875822132660866,22.791263,97.919023,-0.0775697010066669,0.9388168672210928,0
-0.56895603509429,54.169869,-174.339902,-1.2812985162630208,0.506925405271869,0
-0.3725303539925729,8.715009,-168.568859,0.2056606084654164,-1.076676621875285,0
1.9969498625327315,-24.308722,-79.747948,0.48889091793749967,-0.3568575186265786,0
-1.363034209668171,-2.68798,104.469572,1.3385818463537495,-0.6447851599260612,0
0.1120815990164173,56.175956,25.479768,-0.9980682067909376,-0.7887489805758024,0
-1.3565785664824022,-33.142372,66.893005,-0.14837727837468773,-1.2206404425250263,1
-0.6974988397573969,-70.78489,-144.19508,1.196966691617708,1.514672149820058,0
-0.6805537498795864,-0.027728,154.978981,-0.14837727837468773,1.514672149820058,0
0.1989763366963439,-22.939631,-179.571591,0.4180833405694788,-0.5008213392763199,0
-1.1013425614507402,-26.973857,124.087454,1.6218121558258327,-0.9327128012255437,0
-0.1844608331578819,58.365283,-80.985566,-0.006762123638646077,0.9388168672210928,0
-0.572257496467706,10.345439,-55.552451,-0.28999243311072936,0.2189977639723865,0
1.3316169469593298,9.579693,-171.094893,1.3385818463537495,0.7948530465713516,0
-0.34731858062236853,15.349321,-103.073689,-1.4229136709990624,0.7948530465713516,0
-0.8555797942847858,71.998565,137.845111,-0.7148378973188543,0.7948530465713516,0
-0.24014493964635408,51.341178,-153.761367,-0.21918485574270855,-1.2206404425250263,0
-1.038250295999886,-25.570961,-124.103306,0.9137363821456246,-1.2206404425250263,0
-1.1019287924289727,-24.285254,-135.627556,1.551004578457812,-1.2206404425250263,0
-0.04882810303085686,-69.525466,34.588518,1.551004578457812,0.6508892259216102,1
-0.9396057898742924,-79.699513,-26.904949,0.7721212274095829,0.0750339433226452,0
-0.6539058876841313,-39.814618,30.40668,-0.7148378973188543,0.2189977639723865,0
0.03063933143823295,-42.588322,-167.848244,0.48889091793749967,-0.06892987732709607,1
-1.180747314746962,-24.870005,-167.341492,0.13485303109739558,-1.5085680838245088,0
-1.3116321862955092,-87.47503,-103.205583,-0.7856454746868751,-1.076676621875285,0
0.5197573634503599,-5.110911,87.184098,-0.9272606294229168,-1.2206404425250263,1
-0.6060580660313153,43.830895,126.943398,0.34727576320145803,-1.076676621875285,0
3.46746773710264,43.970468,125.563166,0.7013136500415621,-1.6525319044742501,0
0.4060452537999662,18.699149,-165.607914,-0.856453052054896,1.6586359704697993,0
0.25278181919148063,32.622867,13.830306,-1.3521060936310416,-0.6447851599260612,0
0.848350335714551,85.389818,114.093652,1.551004578457812,-0.21289369797683735,0
-0.26622057616654843,-76.661871,17.417742,1.3385818463537495,1.0827806878708341,0
-0.02212000513424464,56.12625,-71.924341,0.8429288047776038,-0.06892987732709607,0
1.1739567641198771,-55.858329,-112.948187,0.06404545372937474,-0.5008213392763199,1
-1.3295344671101672,62.562138,125.94764,0.2056606084654164,-1.2206404425250263,0
-0.27151310816243496,-71.615879,-168.011675,0.6305060726735413,0.7948530465713516,0
0.8129554498548432,-56.46147,126.776367,-1.1396833615269792,0.9388168672210928,0
-0.07698538933759311,54.489404,20.53979,-1.4937212483670832,-0.5008213392763199,0
1.4837623992069062,33.562282,71.194267,-0.7856454746868751,1.6586359704697993,0
0.9509415393272784,-55.349339,-90.467252,-1.1396833615269792,0.0750339433226452,0
-0.1396621593734439,74.073828,-52.274752,-0.9980682067909376,-0.9327128012255437,0
0.2574349020766344,-31.626167,-86.655336,-1.210490938895,0.9388168672210928,0
-0.31417169935484396,-64.962787,113.622767,-1.0688757841589585,-0.9327128012255437,0
-0.9621614032496133,12.120762,-107.829376,-1.1396833615269792,-0.6447851599260612,0
-0.13902164193757297,-68.639856,85.289637,0.4180833405694788,-0.7887489805758024,0
-0.24483698329574283,56.506605,-143.931741,0.2056606084654164,1.0827806878708341,1
-1.3141819108422668,4.457758,20.808827,0.5596984953055205,0.0750339433226452,0
-1.3049408298755016,-38.530213,124.391708,-0.5024151652147918,0.6508892259216102,0
0.18042283920597443,-73.09983,177.142922,0.2764681858334372,-0.06892987732709607,0
-0.47088965509232245,6.151218,-62.257393,-0.6440303199508335,0.2189977639723865,0
0.4984580720701928,8.40315,-135.349183,-0.0775697010066669,0.7948530465713516,0
-1.530841248642298,-68.347132,109.00632,-1.0688757841589585,-1.2206404425250263,0
-0.8813348368185216,-2.257058,-31.20141,0.9845439595136454,-0.21289369797683735,0
-0.9875068486247711,-45.565433,-28.834878,1.4801970010897911,-0.5008213392763199,0
-0.9167887468217206,-74.91833,17.646536,0.9137363821456246,-1.3646042631747675,0
0.4252325798051208,31.3835,-111.541367,0.06404545372937474,-0.6447851599260612,0
-0.118314858577154,8.837013,71.878563,0.7721212274095829,-1.076676621875285,0
-0.6290039288991638,81.93122,-122.181569,1.551004578457812,-1.6525319044742501,0
-0.9668221255303026,-66.928588,113.102572,-1.4229136709990624,0.7948530465713516,0
1.6465305026636987,75.046876,-71.889829,-0.7148378973188543,-0.06892987732709607,0
0.04517706421138198,24.609093,70.564674,1.6926197331938535,0.0750339433226452,0
-1.0231361569736512,52.842903,-83.23887,1.196966691617708,-1.2206404425250263,0
-1.1421412854988355,15.741282,163.545025,-0.856453052054896,1.514672149820058,0
1.2313168331404252,-46.678524,-148.223956,-1.1396833615269792,1.0827806878708341,0
-0.25519815489502784,2.973239,116.577618,1.4801970010897911,-0.21289369797683735,0
0.522878796408041,14.878282,-59.188875,0.8429288047776038,1.3707083291703166,0
-0.350476009168704,29.402935,152.947252,0.06404545372937474,1.3707083291703166,0
0.9121080155370356,-89.779799,73.213539,-1.0688757841589585,-1.076676621875285,0
-1.2323786192547923,-69.289954,68.794279,-0.5024151652147918,-1.076676621875285,0
0.9012586787589686,-55.35346,99.088385,-1.0688757841589585,-0.3568575186265786,0
0.15148501463772715,-13.635228,-130.452765,0.8429288047776038,0.6508892259216102,0
-0.12930562211168026,-77.968492,116.982291,-0.0775697010066669,1.6586359704697993,0
-0.7585049510051417,8.83082,-160.987244,-0.9980682067909376,1.514672149820058,0
0.23337793238713808,86.276204,-15.88702,-0.5732227425828126,1.514672149820058,0
-0.24708166746424057,-83.05594,37.990114,-0.9980682067909376,-1.2206404425250263,0
-0.30620751075511876,28.661422,159.990828,0.6305060726735413,-1.3646042631747675,0
0.0429589436662056,12.396177,88.363738,0.4180833405694788,-0.21289369797683735,0
0.4653246973376144,66.800946,-134.218249,-1.635336403103125,0.7948530465713516,0
-0.282618428289312,1.787601,-168.349167,-0.9272606294229168,-0.5008213392763199,0
0.8529704291061583,-77.109098,83.399693,-0.5732227425828126,0.0750339433226452,0
0.5282129390321697,44.911442,-95.911276,1.6218121558258327,0.0750339433226452,0
0.7441790301819726,-36.324765,59.1765,-0.9980682067909376,0.2189977639723865,0
-0.8177633468094674,-76.074057,-179.64171,-0.006762123638646077,1.3707083291703166,0
0.9557948824439465,44.325226,-61.670473,-0.5024151652147918,-0.3568575186265786,1
-0.19635508350047598,28.484483,171.910257,1.4801970010897911,-1.2206404425250263,0
-0.8582450315837789,78.794838,-67.050341,-0.006762123638646077,1.3707083291703166,0
-1.2594065521870095,-44.92445,-72.234181,-0.14837727837468773,-0.06892987732709607,0
0.4816145773535831,35.752066,137.358414,-1.2812985162630208,-0.7887489805758024,0
-0.32786471726895056,-22.595368,-40.841934,0.8429288047776038,-1.2206404425250263,1
2.5981310619465856,20.486461,50.120258,1.6926197331938535,-1.2206404425250263,0
1.0888319559634094,-66.44978,-151.174542,1.126159114249687,0.0750339433226452,0
0.445909304458457,84.785783,-30.582266,-1.1396833615269792,-0.3568575186265786,0
0.8658507282254676,51.971323,-131.606171,-0.5024151652147918,0.9388168672210928,0
1.5903587270595478,-58.075464,-66.977913,-0.5732227425828126,-1.2206404425250263,0
0.5857697980842985,63.461657,24.58102,0.5596984953055205,1.0827806878708341,0
-0.13315087571604556,74.913761,-150.756997,0.4180833405694788,-1.2206404425250263,0
2.3318020967503563,-65.274958,79.144704,-1.5645288257351042,0.506925405271869,0
2.29254938065951,-85.502121,157.148363,-0.36080001047875015,0.9388168672210928,0
0.001678540381487528,-6.246863,-15.895019,0.9845439595136454,1.514672149820058,0
0.2046032747849734,11.097747,13.169903,1.2677742689857288,1.6586359704697993,0
0.7586642711165188,5.08516,-43.729894,-0.9272606294229168,-1.6525319044742501,0
-1.1871522487841066,85.146137,176.860541,0.7013136500415621,-0.5008213392763199,0
-0.22497416891784827,17.837828,-84.198473,-0.36080001047875015,1.3707083291703166,0
-0.3909715870217897,54.207003,95.918544,0.7013136500415621,0.36296158462212774,0
-0.14199357139221583,-21.647611,-72.266572,-0.5732227425828126,-0.9327128012255437,0
3.8933778641628867,-30.560994,127.598618,0.8429288047776038,1.2267445085205755,0
1.6884565275420877,-44.522757,-86.877501,1.6926197331938535,-0.21289369797683735,0
-0.9719574047231323,-59.690927,113.757882,1.0553515368816662,-0.7887489805758024,0
0.9499844182404962,14.71504,33.496813,-0.5024151652147918,-0.9327128012255437,0
-1.3370326933465855,-77.318341,-28.869773,0.9137363821456246,-1.076676621875285,0
-1.1179821827921508,82.909943,104.20303,-1.635336403103125,-0.7887489805758024,0
-0.20526237037227196,-39.68398,14.361913,-0.9980682067909376,0.36296158462212774,0
-0.3813277283490859,64.503018,-146.032568,0.2056606084654164,1.2267445085205755,0
0.3821538189909974,22.463013,71.863636,1.126159114249687,-0.9327128012255437,0
-0.5013643181737332,46.666,-3.043617,-0.0775697010066669,-0.5008213392763199,0
1.038912093926954,-45.272525,-128.001362,-1.3521060936310416,0.2189977639723865,0
-1.434216270902105,18.70306,7.879051,-1.4937212483670832,-0.9327128012255437,0
-1.5226443473326265,15.061609,131.029774,-0.21918485574270855,0.9388168672210928,0
-0.312156154769691,-82.793878,14.595426,0.06404545372937474,-0.5008213392763199,0
-0.19693503411062835,21.005498,-159.334709,1.4093894237217703,1.0827806878708341,0
0.2747072501990111,-17.198721,2.683432,-1.2812985162630208,-1.3646042631747675,1
0.9947655850218544,83.27305,40.992235,-0.431607587846771,-0.6447851599260612,0
-0.10890781056344583,65.300873,111.4228,1.4093894237217703,-0.6447851599260612,0
0.21677045639655873,43.949192,-93.992976,1.6218121558258327,1.514672149820058,0
0.7290664810467843,68.01784,61.385049,0.7721212274095829,0.506925405271869,1
0.0036125705503068134,85.40343,-139.532828,-1.2812985162630208,-0.3568575186265786,0
-0.09958556872436362,62.330621,-4.329195,1.3385818463537495,-1.076676621875285,0
1.4624646562094985,68.459853,-82.133788,0.06404545372937474,-0.9327128012255437,0
-0.32509865705760216,-43.406885,88.27445,-1.1396833615269792,-0.21289369797683735,0
-0.6942113016945106,-35.900821,-30.429963,-1.5645288257351042,0.7948530465713516,0
-0.6989670625039577,-64.463366,52.467264,-0.21918485574270855,0.506925405271869,0
1.7786324105025562,82.394218,-113.761954,-0.856453052054896,-0.6447851599260612,0
2.2012001856582186,80.598006,-133.344468,0.48889091793749967,0.7948530465713516,0
-0.44953706444081426,71.680364,-174.34872,-1.0688757841589585,0.9388168672210928,0
-1.516553950691917,-40.053551,4.038198,-1.0688757841589585,-1.6525319044742501,0
0.43474933068172295,75.431377,144.424757,0.5596984953055205,-0.06892987732709607,0
0.34393548571549976,-2.59779,-85.238845,1.2677742689857288,1.514672149820058,0
-0.17500603221379055,-65.687433,-86.320254,1.6926197331938535,-0.6447851599260612,0
-0.2955039688774153,77.23974,141.281921,-1.5645288257351042,1.2267445085205755,0
0.06267029885845869,84.563256,88.245037,-1.210490938895,-0.7887489805758024,0
-0.05187897145700528,80.486618,162.306406,0.4180833405694788,-1.6525319044742501,0
-0.6147446992021758,83.098712,-101.436856,0.9137363821456246,-0.7887489805758024,0
-1.4416725945425324,42.029169,23.32492,0.6305060726735413,-1.2206404425250263,0
-0.6810786048247243,-86.760604,8.975056,-1.2812985162630208,0.2189977639723865,0
-0.9722185150647554,13.430907,-124.012935,-0.0775697010066669,0.9388168672210928,1
0.5900271214540983,13.226052,19.753944,-1.3521060936310416,-0.21289369797683735,0
-1.3158793811625944,54.371519,142.547955,-0.36080001047875015,0.9388168672210928,0
-0.4665142959801319,3.274504,94.967239,-0.0775697010066669,1.514672149820058,0
-0.09921902911507113,-71.798517,-42.542074,-0.9980682067909376,-0.5008213392763199,0
0.4864805075284276,36.653756,-151.99471,-1.0688757841589585,1.514672149820058,0
-0.08878469096692815,-83.765144,31.439044,-0.006762123638646077,1.3707083291703166,1
-0.764168423331201,10.732737,-69.108571,1.6926197331938535,-0.21289369797683735,0
0.7310220195038967,-37.014913,-125.526001,-0.6440303199508335,1.6586359704697993,0
0.5125825344689499,-39.393538,-141.737403,0.5596984953055205,1.2267445085205755,0
0.9337254465556967,-44.143255,-76.692267,-1.3521060936310416,1.6586359704697993,0
-0.29418724630536136,-38.40669,-178.290617,-1.5645288257351042,-0.7887489805758024,0
2.1980082188339827,48.432889,-66.767099,-0.5732227425828126,1.6586359704697993,0
-0.5500748494154447,-36.526377,-170.112873,-0.9980682067909376,-0.3568575186265786,0
-0.05337465840175841,-39.867156,-173.196891,-1.210490938895,-0.06892987732709607,0
-0.143740479535995,23.609217,-95.363129,-1.4229136709990624,-1.5085680838245088,0
0.9149639425471346,-2.202967,72.326581,1.2677742689857288,-1.076676621875285,0
-0.8457587801983059,31.913631,-163.581854,-1.0688757841589585,1.3707083291703166,0
0.49605920503252837,29.244677,8.671533,-0.28999243311072936,1.514672149820058,0
0.10699421303279494,-2.060057,-4.473854,0.2764681858334372,-0.7887489805758024,0
-0.6169282216509054,-81.375721,-114.286305,-0.21918485574270855,-0.3568575186265786,0
1.254079744273223,24.964508,79.585398,-0.21918485574270855,-0.3568575186265786,0
-0.5230554924601041,28.567194,81.96101,-0.856453052054896,-0.5008213392763199,0
-0.7139768573139136,76.016942,23.754283,-1.1396833615269792,-0.06892987732709607,0
-1.0347422200619194,1.771347,16.457893,-1.210490938895,-0.9327128012255437,0
-0.16837361417362953,21.027501,64.365098,0.2764681858334372,-0.7887489805758024,0
-0.6018021636188088,33.614077,95.632214,0.2764681858334372,-0.6447851599260612,0
-1.0380407950298232,-69.550987,-98.120662,0.48889091793749967,0.0750339433226452,0
-1.0805887488630361,-10.253459,110.105022,-0.21918485574270855,0.2189977639723865,0
-0.7861240537969468,-0.192678,-132.215987,0.7013136500415621,1.6586359704697993,0
0.13559506129384363,38.632059,-127.847048,-1.2812985162630208,-0.06892987732709607,0
0.857773943755866,-76.773892,-66.282065,-0.856453052054896,1.514672149820058,0
-0.9645300355351232,73.672147,-11.936888,1.3385818463537495,-0.9327128012255437,0
-0.6455168028220678,14.126503,53.85039,-0.431607587846771,-1.3646042631747675,0
-0.8990598358253209,-67.685991,-22.510626,1.2677742689857288,-1.5085680838245088,0
0.05295768971772851,-6.675456,48.436431,1.0553515368816662,-0.9327128012255437,0
2.083563081354864,-43.417692,88.28619,0.9845439595136454,1.2267445085205755,0
1.3550905998069145,-34.174862,-47.048809,-0.9272606294229168,-0.7887489805758024,0
-0.0035892656352497936,40.842903,174.959436,1.0553515368816662,0.6508892259216102,0
-0.6816877193948214,36.710773,-77.487049,-0.6440303199508335,-0.3568575186265786,0
-0.2769751009679642,15.529541,-179.45009,-0.5732227425828126,1.2267445085205755,0
-0.9521194899317733,-80.594817,54.463277,0.5596984953055205,-0.3568575186265786,0
0.6246781012198748,-53.089687,-53.280031,-1.4937212483670832,-1.2206404425250263,0
-0.0007155706630462579,6.230822,-129.604408,-0.9980682067909376,1.6586359704697993,0
-0.43314527568503836,49.083604,91.93255,0.34727576320145803,1.2267445085205755,0
1.6869861180220331,18.125205,138.2345,-0.856453052054896,0.0750339433226452,0
0.4323538683172101,-45.883062,-105.840856,1.4093894237217703,-1.6525319044742501,0
-0.9306643690141818,1.587941,34.955999,-0.7856454746868751,-0.06892987732709607,0
-0.9141394559085362,-32.852043,161.854232,-1.0688757841589585,-1.6525319044742501,0
-0.2520137243044321,63.08546,-97.946115,1.3385818463537495,-0.5008213392763199,0
0.6311351956213465,6.551164,164.849324,-1.7061439804711458,0.2189977639723865,0
-0.19241280702049646,-48.429208,-74.786809,-1.2812985162630208,-0.3568575186265786,0
-1.1054497809661052,-12.31556,41.484234,-0.36080001047875015,-0.5008213392763199,0
-1.0735469506944797,-8.118214,97.634252,0.9845439595136454,0.36296158462212774,0
1.9656293740784605,6.613506,-150.665995,-1.0688757841589585,0.7948530465713516,0
-1.3009232339362717,16.252496,108.205264,-0.856453052054896,0.6508892259216102,0
-0.7346525903003623,-69.847243,133.697407,-1.0688757841589585,-0.6447851599260612,0
-0.8757977280980129,75.496965,-83.807399,-0.9980682067909376,-0.21289369797683735,0
0.31742212716206697,-25.199514,116.218475,1.3385818463537495,1.0827806878708341,1
0.5038432785815788,68.309443,-43.881368,0.13485303109739558,0.2189977639723865,0
-0.18246066062051036,-72.569797,175.726911,0.7013136500415621,1.514672149820058,0
0.7969951355802347,-44.47813,-67.85676,0.5596984953055205,1.514672149820058,1
-0.5639550126763315,-6.72201,153.866282,-1.4229136709990624,0.6508892259216102,0
-0.7609908145253729,56.913216,17.068013,-1.4937212483670832,-0.7887489805758024,0
0.14489050855730687,11.130726,-32.990517,1.4801970010897911,-0.06892987732709607,0
1.265136283886176,15.389624,113.946658,0.5596984953055205,-0.5008213392763199,0
-1.4207469386864666,-13.088727,25.602127,-0.7148378973188543,-1.3646042631747675,0
-1.1957089793605835,68.623192,79.736623,1.0553515368816662,-1.076676621875285,0
-0.212228837433481,22.394261,-109.822189,-0.0775697010066669,-1.3646042631747675,0
-1.2141454320808662,4.214532,-76.306004,1.126159114249687,0.0750339433226452,0
0.37070879909947385,-11.245401,-22.956021,-1.5645288257351042,1.2267445085205755,0
0.45466311246594565,-46.112796,100.964767,-1.7061439804711458,-0.6447851599260612,0
-1.150894695631481,-60.989177,79.5857,0.13485303109739558,1.3707083291703166,0
-0.31342839025222335,68.949454,4.941128,-0.431607587846771,-0.06892987732709607,0
-0.002777510973465017,62.711191,-126.895083,-0.856453052054896,-0.9327128012255437,0
-1.1569426934831912,35.83882,-84.837252,-1.4937212483670832,-0.7887489805758024,0
-0.6251081713822044,31.792555,-39.309882,0.9845439595136454,-0.9327128012255437,0
0.6665219464995561,-78.137531,-109.714394,0.06404545372937474,1.6586359704697993,0
0.42713996496790413,-23.389936,138.448522,0.8429288047776038,0.36296158462212774,0
-0.6476441934479086,-37.170096,21.74336,0.7721212274095829,-0.3568575186265786,0
0.5034944826146432,-80.440774,25.842076,-0.7148378973188543,0.7948530465713516,1
0.2914409912866822,-32.29135,-63.771982,-0.856453052054896,-1.5085680838245088,0
-1.4141948189079547,-53.536637,106.789968,-1.4229136709990624,0.9388168672210928,0
0.8997696682710643,-12.066199,70.312713,0.06404545372937474,-1.3646042631747675,0
0.6126980998323613,-40.06837,23.162453,-0.36080001047875015,0.506925405271869,0
-0.16879624845805116,40.77769,-178.305666,-1.1396833615269792,-1.6525319044742501,0
-0.25566545446487465,-52.134068,-135.062912,-0.36080001047875015,-1.6525319044742501,0
-1.4605881268247562,55.810463,-3.421121,0.34727576320145803,-0.7887489805758024,0
0.4288650314442466,2.273074,-7.95346,-0.9272606294229168,0.6508892259216102,0
0.3364109369378064,86.685923,-111.994814,0.48889091793749967,-0.6447851599260612,0
-0.3809385684766476,23.40399,139.425362,-1.1396833615269792,1.0827806878708341,0
-0.6292579849291454,22.65369,-71.056256,-1.2812985162630208,0.2189977639723865,0
-0.7418853793716216,-86.855012,-145.323173,1.4801970010897911,-1.5085680838245088,0
-0.9745335438444542,44.183754,-8.994024,-1.210490938895,0.9388168672210928,0
1.1171809581054122,60.245461,-48.46721,0.34727576320145803,1.2267445085205755,0
-0.4860392118873101,64.142297,133.472936,1.0553515368816662,-1.5085680838245088,1
0.6811035603019727,-87.419834,-0.011402,1.3385818463537495,-0.5008213392763199,0
1.119761887054881,-74.321846,-73.130282,1.4801970010897911,-1.6525319044742501,1
-0.8361667952526834,38.848983,-175.393132,-1.4937212483670832,-0.06892987732709607,0
-0.8137059678558507,66.001086,-157.32174,0.8429288047776038,0.506925405271869,0
-0.9224387485395769,19.554069,63.571774,1.4093894237217703,0.506925405271869,0
-1.3475635833841642,-10.468492,160.984817,-0.9980682067909376,0.2189977639723865,0
2.88284775971461,-41.072914,-104.686408,-1.4937212483670832,1.2267445085205755,0
0.1029217353604339,11.363637,-97.852569,-0.0775697010066669,-1.5085680838245088,0
-1.4569878904916687,71.502201,127.436012,0.5596984953055205,-1.2206404425250263,0
-0.9971248642018964,-39.081468,-172.541813,-1.2812985162630208,1.2267445085205755,0
1.3363444671851534,89.484563,85.070865,1.4801970010897911,0.506925405271869,0
0.4837728786010677,-58.804162,-14.319834,-1.7061439804711458,-0.21289369797683735,0
-1.2375677695152105,-64.264084,76.364091,1.551004578457812,0.506925405271869,0
-0.3696293162647334,-38.702455,153.706878,-0.9272606294229168,-0.9327128012255437,0
-1.2061606209539266,7.27226,175.32537,0.48889091793749967,-1.6525319044742501,0
0.698164312382084,86.615171,-133.254252,0.6305060726735413,1.514672149820058,0
0.34747069033709077,-41.595092,24.047451,-0.14837727837468773,0.0750339433226452,0
-0.2615517201721616,29.844975,89.886869,-0.7148378973188543,-0.21289369797683735,0
-0.6654743139149303,63.173093,174.997847,0.06404545372937474,0.2189977639723865,0
-0.056160257752172045,-58.054605,177.566243,-0.28999243311072936,-0.5008213392763199,0
-0.03363965772794943,-9.075005,126.655969,0.9845439595136454,-0.5008213392763199,0
-0.18706947927034412,64.091777,46.22638,-1.4937212483670832,0.2189977639723865,0
1.1005857983145408,50.562314,-138.028222,0.9845439595136454,-1.076676621875285,0
0.8848935972266129,-1.598068,66.277125,-0.9272606294229168,-0.21289369797683735,0
-0.23464747020862095,82.73192,-21.935093,-0.9980682067909376,-1.3646042631747675,0
-0.115874704124363,-74.955632,70.341196,-0.6440303199508335,1.0827806878708341,0
-1.070131945391044,87.42165,149.798376,0.34727576320145803,1.0827806878708341,0
1.4197672355102395,9.402618,87.400693,-1.210490938895,0.506925405271869,0
-0.5673748246439413,-19.39117,81.42684,1.4801970010897911,0.7948530465713516,1
3.8809358518450114,34.131623,-172.473477,-1.0688757841589585,0.0750339433226452,0
1.0720605898659004,-68.634217,-159.707297,-0.5024151652147918,-1.3646042631747675,0
0.9727918944318471,20.548718,-70.966772,-1.4937212483670832,0.9388168672210928,0
0.8998622824832209,45.861683,-178.043142,0.5596984953055205,0.2189977639723865,0
1.009432285001688,3.097352,-66.598916,0.9137363821456246,1.2267445085205755,0
-0.27295695928550806,45.730192,125.603244,1.6926197331938535,-0.5008213392763199,0
-0.40509667886241657,-56.27388,84.730842,0.6305060726735413,0.2189977639723865,0
1.4389975973090807,31.21579,-85.854632,1.2677742689857288,-1.076676621875285,0
2.640281255757593,11.145863,-0.425527,-0.9272606294229168,-1.3646042631747675,0
0.15277475638412297,36.396749,168.960542,1.126159114249687,1.0827806878708341,0
0.5981848829838773,76.977736,120.802579,0.48889091793749967,-1.5085680838245088,0
-0.2459554896056181,-69.866802,38.346782,-0.5732227425828126,-0.7887489805758024,0
-1.2738362280661004,-38.225112,-168.297657,-0.856453052054896,-0.06892987732709607,0
-0.1042246432311609,-41.520489,-145.700441,1.4801970010897911,-1.6525319044742501,0
-0.9317377581564648,0.822519,-135.831284,-0.28999243311072936,1.0827806878708341,0
1.3512990180344262,8.633583,5.855929,1.6926197331938535,-0.7887489805758024,0
-0.1863162626309241,-69.965902,-92.865142,-1.3521060936310416,1.3707083291703166,0
-0.745667003677707,38.226949,174.92389,-0.36080001047875015,-0.06892987732709607,0
-0.48426835257657175,36.777471,-29.806199,-1.2812985162630208,-1.076676621875285,0
0.4491643144984909,-60.817798,-132.675847,-1.4229136709990624,-0.21289369797683735,0
0.3816421150384621,-27.136505,-80.405909,-0.21918485574270855,0.2189977639723865,0
-1.3679134721952046,-12.285534,71.635965,-0.5732227425828126,-1.5085680838245088,0
0.4552952555728902,7.257227,96.949156,1.0553515368816662,-0.6447851599260612,0
-1.0206890489439004,-50.686819,54.783359,1.551004578457812,0.0750339433226452,0
0.8914083231700789,-20.076847,-111.82507,-0.006762123638646077,-0.6447851599260612,0
-1.1230322886024537,-66.239128,69.232234,-0.431607587846771,1.514672149820058,0
-0.23989098239639167,-3.135429,-117.723074,-0.9980682067909376,0.506925405271869,0
-0.12384160429722528,-35.35293,-4.642766,0.4180833405694788,-1.076676621875285,0
-0.9276611448822757,-50.114124,2.871344,1.551004578457812,-1.6525319044742501,0
-0.6995706175553288,-81.266774,48.717332,0.48889091793749967,-0.3568575186265786,0
-0.10443189858797083,84.656039,-7.113218,-1.0688757841589585,-0.6447851599260612,0
-0.3235421382088116,-45.843143,-43.700976,-1.2812985162630208,1.514672149820058,0
1.4329867819075062,21.807112,-54.146317,1.0553515368816662,-0.7887489805758024,0
-0.34231120550252464,22.480957,144.506768,1.6926197331938535,0.0750339433226452,0
1.2932323467202302,13.664357,38.069518,-1.2812985162630208,0.2189977639723865,0
-0.5751337567547651,11.856508,171.392598,-0.006762123638646077,0.2189977639723865,0
0.4398047372037032,-26.175536,143.447098,-1.5645288257351042,0.36296158462212774,0
0.23617105665735524,15.475338,-12.844192,-0.14837727837468773,1.6586359704697993,0
-0.37770889237366323,30.738431,-37.129855,1.126159114249687,-1.076676621875285,0
-1.5137048894408522,39.434,55.732174,1.0553515368816662,-0.06892987732709607,0
1.0408985996056668,56.437492,78.024485,-0.7148378973188543,0.7948530465713516,0
0.4114120636950159,-46.884652,-52.489399,-1.210490938895,-1.3646042631747675,0
-1.2921226190076307,-25.296331,143.797048,0.5596984953055205,0.0750339433226452,0
1.852852513270773,-62.449763,-124.696133,-0.0775697010066669,-1.2206404425250263,0
-0.6183346593412363,75.476173,-72.632312,-0.9980682067909376,1.6586359704697993,0
-1.2207443422000552,-23.510797,71.912954,0.13485303109739558,-0.5008213392763199,0
-1.4763240016024706,62.698018,-133.575554,-1.0688757841589585,-0.6447851599260612,0
0.29052105180653154,15.47042,-85.126662,-1.4229136709990624,-0.3568575186265786,1
-1.2051339489258432,-2.766325,31.00413,1.2677742689857288,1.3707083291703166,0
0.07251353743433232,40.848174,80.701978,0.2056606084654164,0.2189977639723865,0
-0.10613742154679229,33.19143,-54.818578,0.6305060726735413,0.9388168672210928,0
0.8275745157355314,29.716672,-44.459726,-0.6440303199508335,0.9388168672210928,0
-0.36221860435357905,-11.016283,-80.809148,-0.7856454746868751,-0.9327128012255437,0
0.9651191981127464,-24.597668,-172.809318,-0.431607587846771,0.9388168672210928,0
-0.7916113790304744,15.939633,16.044428,0.4180833405694788,-0.5008213392763199,0
0.07763508067724299,-33.84414,139.543654,1.551004578457812,-1.2206404425250263,0
1.1152311917816433,-28.899389,68.449599,-1.0688757841589585,-1.3646042631747675,0
-0.47528164182958604,-82.770178,124.052717,1.196966691617708,-0.21289369797683735,0
0.42098653132174585,-75.844371,77.947504,-1.1396833615269792,1.2267445085205755,0
0.6246756478963882,-20.389559,169.520316,0.8429288047776038,1.0827806878708341,0
2.05566171754391,-60.684698,45.94735,-0.6440303199508335,-0.6447851599260612,0
-0.8131188923143307,58.298482,-126.721154,-1.1396833615269792,-1.2206404425250263,0
0.9608298526512237,88.097095,-162.991869,1.4801970010897911,-0.06892987732709607,0
1.5512541439108558,-45.504314,-102.143567,1.551004578457812,0.0750339433226452,0
0.4369120616705722,-7.083378,116.435877,-1.2812985162630208,-1.5085680838245088,0
-1.405187459445753,-89.054062,12.686495,0.9137363821456246,0.2189977639723865,0
0.67837391792576,33.880769,-112.762322,0.4180833405694788,-0.7887489805758024,0
-0.7453869193793076,80.903815,-104.493594,0.4180833405694788,-0.3568575186265786,0
-1.4543662641601365,-22.379733,153.408641,-0.5732227425828126,-0.06892987732709607,0
-0.6776234779521729,6.773547,-116.723705,-0.5024151652147918,-0.6447851599260612,0
-0.12170577852782843,-54.725748,-99.888238,0.9845439595136454,-1.6525319044742501,0
1.8687839768445007,-49.865384,65.353354,0.7013136500415621,-0.3568575186265786,0
0.2117374706083589,-20.748894,-176.314563,-0.0775697010066669,0.0750339433226452,1
-0.6292562583250714,84.275598,172.084969,-1.7061439804711458,0.9388168672210928,0
0.35251089072161185,-27.870418,-172.953404,-0.431607587846771,-0.3568575186265786,0
-0.5746634285070092,-26.014865,174.228711,0.2764681858334372,-0.6447851599260612,0
-0.9076126725486665,14.515998,135.993224,-0.431607587846771,1.2267445085205755,1
0.7365922730666787,25.282506,58.661585,0.7721212274095829,1.3707083291703166,0
0.012314027436586737,48.181188,-60.602252,0.7721212274095829,-0.9327128012255437,0
-1.068631787401306,63.118437,-54.268632,-0.14837727837468773,-0.3568575186265786,0
-0.8670559968010594,-67.620339,98.515272,-1.3521060936310416,-0.7887489805758024,0
0.5365019055326334,33.655692,13.392911,-0.0775697010066669,0.36296158462212774,0
0.4971351051596787,74.924105,-59.23841,-0.7856454746868751,-0.7887489805758024,0
-1.0617062021624428,75.592495,-17.220143,-0.28999243311072936,-1.2206404425250263,1
0.829497886970906,22.203254,-131.427961,0.9845439595136454,0.6508892259216102,0
0.972771162466122,49.527086,-92.212488,0.06404545372937474,0.7948530465713516,0
-1.2768667780439673,-73.126353,140.413576,0.9845439595136454,0.7948530465713516,0
-0.18126609697844334,66.606196,177.696766,0.6305060726735413,0.2189977639723865,1
-1.3259873572275278,19.957596,-47.567692,-0.9980682067909376,-0.5008213392763199,0
-0.00664721395307541,-44.834585,-106.95478,-0.431607587846771,-0.21289369797683735,0
-1.2813966290812462,-66.949603,-108.934914,-1.3521060936310416,0.9388168672210928,0
0.5965155346667997,-79.968736,105.471449,-0.0775697010066669,1.3707083291703166,0
0.1417612355267704,37.815576,-148.936902,0.2056606084654164,-0.3568575186265786,0
0.7468178374295201,-81.18896,-144.378992,-0.5024151652147918,-1.3646042631747675,0
0.5102770783169922,34.26893,-9.11244,1.4093894237217703,-1.3646042631747675,0
-0.6130950529939675,-0.449656,168.787982,-0.28999243311072936,0.0750339433226452,0
1.0348125918223823,-73.109287,2.54236,1.6926197331938535,0.9388168672210928,0
-0.42065052388992763,12.30959,-64.588178,0.34727576320145803,1.3707083291703166,0
0.4072585837468143,-64.799294,-68.689169,0.7013136500415621,-1.076676621875285,0
0.6610379181490924,-40.654408,110.094414,1.4093894237217703,-1.6525319044742501,0
-1.4350686218515223,9.208406,-166.964893,-0.856453052054896,0.7948530465713516,0
-0.7430505752018143,5.354146,-140.713737,0.9845439595136454,-0.5008213392763199,0
-0.061537909877558646,42.767577,-167.785373,-0.6440303199508335,-0.7887489805758024,0
0.6169758705842389,-36.753005,25.0004,1.4093894237217703,0.2189977639723865,0
1.5678720965029167,69.924389,-137.788832,-0.7856454746868751,-0.3568575186265786,0
0.1976995827355506,76.934968,-43.072383,0.48889091793749967,1.2267445085205755,1
0.923775308664443,52.845775,102.249133,-0.431607587846771,0.2189977639723865,0
0.17847850704123785,83.295449,-10.454922,0.2056606084654164,-0.6447851599260612,0
-0.22564631824956347,84.715153,9.079005,0.4180833405694788,-0.5008213392763199,1
-0.40160841908092554,63.906457,33.142618,-1.210490938895,0.6508892259216102,0
1.9695626011028515,43.702756,108.299662,1.196966691617708,0.36296158462212774,1
0.5639414454243765,-64.256405,41.663486,-1.5645288257351042,0.0750339433226452,0
0.13998063511433917,1.57774,-124.422988,1.126159114249687,-0.7887489805758024,1
1.8668511226666793,78.261077,32.598928,-0.14837727837468773,0.506925405271869,0
1.1349340495481492,86.840029,-142.075732,-1.5645288257351042,0.506925405271869,0
0.8022150104853139,7.695465,76.75574,0.13485303109739558,0.0750339433226452,0
2.7695743367134114,-34.427368,45.492676,-0.9980682067909376,1.514672149820058,0
-0.9161801812812828,-54.038388,-25.706493,-1.1396833615269792,-0.6447851599260612,0
0.8354714932169175,84.621647,33.837977,-0.856453052054896,-0.9327128012255437,0
-0.9519288339729607,-57.855192,119.545057,0.2056606084654164,-0.5008213392763199,0
0.9419139006806805,89.744496,-37.419186,-1.1396833615269792,0.7948530465713516,0
-0.462483260152986,52.90707,-148.729566,0.34727576320145803,0.506925405271869,0
0.3025646586966322,-43.75307,-105.315992,-1.3521060936310416,-1.5085680838245088,1
1.8851105403532735,-24.633076,-131.689664,0.2056606084654164,-0.7887489805758024,0
-0.4529634537100618,28.778909,78.762584,-1.2812985162630208,1.514672149820058,0
0.5345290966739784,-19.419488,-120.067916,-0.6440303199508335,-0.9327128012255437,0
-0.7133689817270044,53.582961,-80.121347,1.196966691617708,1.514672149820058,0
-1.076145157760505,78.32094,64.382216,-0.28999243311072936,0.0750339433226452,0
-0.7634084860777222,76.145611,29.884061,-0.856453052054896,-0.7887489805758024,0
-0.36705278011497994,-18.9809,39.958993,1.551004578457812,0.6508892259216102,0
-0.9910026686523761,-55.493909,-61.285627,-0.5024151652147918,-1.5085680838245088,0
-0.7203570727321202,0.442923,60.327687,0.7721212274095829,0.6508892259216102,0
-0.6356144617093998,-74.386289,-140.193668,-0.6440303199508335,1.514672149820058,0
-0.45290437960127927,54.910325,147.046788,-0.9272606294229168,0.7948530465713516,0
0.7212867219259854,-57.5283,37.876078,-1.210490938895,-0.06892987732709607,0
-1.047116123800479,5.494502,-150.344983,-1.2812985162630208,1.514672149820058,0
-0.35052088866244724,-46.051955,132.423508,-1.5645288257351042,-0.3568575186265786,0
-0.8804197569246575,63.298317,-155.564229,-0.856453052054896,1.3707083291703166,0
-1.2139962302064318,79.116354,24.838394,-0.9272606294229168,0.2189977639723865,0
0.8525610061306228,-65.503431,-162.989331,-0.28999243311072936,0.0750339433226452,0
0.5411269224259867,-40.460083,-128.700337,1.2677742689857288,0.7948530465713516,0
-0.10243596740823416,-67.612634,-18.397432,0.4180833405694788,-0.9327128012255437,0
1.093157727265885,-43.010161,72.105455,0.06404545372937474,-0.3568575186265786,1
0.43121535641524184,44.197859,175.962076,-1.7061439804711458,-0.06892987732709607,0
-0.014539978912516975,-33.470105,44.923758,-0.6440303199508335,-1.6525319044742501,0
0.8220694665084944,-68.59742,-63.697023,-1.1396833615269792,-1.3646042631747675,0
0.12782056909588424,-62.363409,-159.540212,1.196966691617708,1.514672149820058,0
-0.4514487387635124,42.701173,-91.473905,-0.6440303199508335,-1.6525319044742501,0
0.27931532319502966,57.475243,131.414766,1.126159114249687,1.2267445085205755,0
-1.4353177189566095,-20.363322,112.644343,-1.635336403103125,-0.7887489805758024,1
1.5758966694051741,66.575417,-99.490923,1.6926197331938535,-1.2206404425250263,0
0.23190362926955324,-6.476781,-123.047369,-0.856453052054896,-0.6447851599260612,0
-1.1904403931566698,54.177586,103.846009,1.4093894237217703,-0.5008213392763199,0
0.29191244162176405,-88.990598,176.811502,0.48889091793749967,-0.9327128012255437,1
0.3873430528236849,-72.873117,-79.081052,-0.5024151652147918,-1.5085680838245088,0
-0.9821919575677794,42.120285,-86.316363,-1.0688757841589585,1.2267445085205755,0
-1.472622982657846,-62.392706,-51.536442,-1.210490938895,0.2189977639723865,0
0.11657877590656665,8.404438,-143.383615,0.2764681858334372,0.506925405271869,0
-0.06300860391049785,52.576798,-110.903119,-0.14837727837468773,0.7948530465713516,0
0.06013699275219307,2.133784,-91.761685,0.2764681858334372,0.506925405271869,0
-0.4942369337812774,52.16406,163.147376,-0.6440303199508335,-0.7887489805758024,0
-0.17985779922008774,41.688611,-122.077971,0.34727576320145803,0.506925405271869,0
0.5379033779947074,35.618771,174.247698,0.2764681858334372,1.0827806878708341,0
-0.21292258866287955,-81.572143,80.269039,0.7721212274095829,0.9388168672210928,0
-0.00699700756262356,-44.64915,107.705539,-1.0688757841589585,1.514672149820058,0
-0.456895722144813,79.821322,87.451366,-0.36080001047875015,-1.3646042631747675,0
1.9117092173124564,23.727698,-31.925033,0.34727576320145803,0.0750339433226452,0
0.2953843022341504,-58.176865,-129.974963,-1.635336403103125,-1.5085680838245088,0
0.9165499002003655,-47.305023,104.508351,-1.4937212483670832,1.2267445085205755,0
-0.3698341272980528,-8.920965,-18.602723,1.4801970010897911,-1.2206404425250263,0
-0.29639890537016644,3.703222,9.321064,1.3385818463537495,-0.3568575186265786,0
0.7678904960672407,16.102974,-4.982429,1.4801970010897911,0.6508892259216102,0
-0.20863819599604602,-45.28695,-170.673492,-1.4229136709990624,-0.6447851599260612,0
0.9684666619165052,38.86143,-59.108638,-0.9272606294229168,1.0827806878708341,0
0.7450651604759037,-39.601807,122.218509,-1.2812985162630208,1.6586359704697993,0
-1.025617702106346,74.300391,165.881511,1.0553515368816662,0.506925405271869,0
-0.5728793718901086,1.438481,116.685855,-0.006762123638646077,-0.06892987732709607,0
-0.2841276617601958,42.696209,178.793701,0.7013136500415621,-0.6447851599260612,0
-1.2829403116054279,28.627856,-83.101924,-0.6440303199508335,1.3707083291703166,0
-1.5082379555757681,47.849414,170.478716,-0.006762123638646077,0.7948530465713516,0
-0.14272221242811076,59.001994,111.202762,1.126159114249687,0.6508892259216102,0
0.7734928944891794,-1.536526,21.824368,-0.6440303199508335,1.3707083291703166,0
-0.5131515390317062,19.131974,14.684437,0.9845439595136454,-1.6525319044742501,0
0.16113380396539262,50.290269,30.039049,1.4093894237217703,0.6508892259216102,0
-0.8878989666632557,30.947559,13.421295,-0.7148378973188543,-0.06892987732709607,0
0.23114396230067633,44.227212,169.018898,-0.28999243311072936,0.6508892259216102,0
0.49210638311748517,-88.927041,108.558972,0.6305060726735413,-0.21289369797683735,0
0.5547669491667576,82.069938,123.336372,0.5596984953055205,-0.6447851599260612,0
-0.4405952389129458,25.123024,-176.848107,-1.7061439804711458,-1.6525319044742501,0
0.014730425518516688,-82.704234,39.044909,0.6305060726735413,0.7948530465713516,0
0.17985392775427575,78.951362,-15.061522,-0.006762123638646077,1.514672149820058,0
3.623330179898215,-20.634694,-126.396943,0.2764681858334372,0.9388168672210928,0
1.365854329983465,88.709646,28.953563,0.48889091793749967,0.0750339433226452,0
-1.164394784391769,44.17541,158.492998,-0.36080001047875015,-0.7887489805758024,0
-1.41311094309421,-47.145192,171.198914,0.13485303109739558,0.6508892259216102,0
-1.047686692467772,-88.51367,-125.819032,-0.21918485574270855,1.514672149820058,0
0.07708916730877428,62.176909,-178.029725,-1.210490938895,0.36296158462212774,0
1.8253233749160158,-73.653922,93.610426,-0.28999243311072936,1.3707083291703166,0
-0.7124459111862078,-75.866887,152.169079,-0.9272606294229168,1.6586359704697993,0
-0.3118316488048081,59.380057,-167.683438,-0.21918485574270855,-1.2206404425250263,0
0.20975723267720625,-82.978429,4.254245,0.13485303109739558,0.506925405271869,0
-0.4442782313891762,64.669027,84.508745,-1.4229136709990624,-0.9327128012255437,0
0.759664327338808,88.69692,5.316148,1.6926197331938535,0.6508892259216102,0
-0.3649305096367221,44.068623,112.240114,0.7721212274095829,-0.21289369797683735,0
-0.6441616605349824,-39.235866,96.389328,-0.006762123638646077,-0.06892987732709607,0
1.2153157379561725,58.98269,61.794494,-0.5732227425828126,-1.5085680838245088,1
0.29180187127012974,51.16086,-85.323033,0.2764681858334372,0.0750339433226452,0
0.37749902644622996,32.137421,50.688975,-0.6440303199508335,0.506925405271869,0
0.8920407905466295,16.293582,-20.777387,-0.431607587846771,-1.5085680838245088,0
-0.28697863954884945,-37.217876,59.053355,0.6305060726735413,0.506925405271869,0
-0.4855818400852614,64.162667,123.175657,0.4180833405694788,-0.21289369797683735,0
0.9873345177023479,-15.393046,3.225796,-1.4937212483670832,0.7948530465713516,0
0.19151594300487298,-51.368267,-80.976116,-0.7148378973188543,1.3707083291703166,0
3.1994977249577197,-12.663579,118.956659,-1.3521060936310416,-0.3568575186265786,0
0.011985874678711017,69.420149,-13.909746,1.551004578457812,-0.06892987732709607,0
-0.37247943211942297,0.911546,27.053655,1.6926197331938535,0.9388168672210928,0
-1.0419753317481073,41.703431,59.658799,-0.9980682067909376,0.6508892259216102,0
-0.37617390785227967,-51.594567,162.525406,-0.856453052054896,0.2189977639723865,0
-0.7070834709475078,-60.988858,113.276297,-1.4229136709990624,1.0827806878708341,0
-1.1464908943916359,8.135565,22.258194,0.13485303109739558,1.6586359704697993,0
-1.462513998377458,-74.836898,-104.783896,0.6305060726735413,1.3707083291703166,0
-1.4637415851975784,28.223544,-178.730446,-1.0688757841589585,-0.06892987732709607,0
1.9900535067694411,-26.786473,88.805501,-0.6440303199508335,1.0827806878708341,0
0.08731129554701014,-55.193607,163.85822,-0.9272606294229168,0.7948530465713516,0
0.2812445043119472,89.535993,90.897639,-0.14837727837468773,-1.6525319044742501,0
0.9112968858707471,6.743209,162.910257,1.126159114249687,0.0750339433226452,0
2.037828590155022,69.613646,-15.272161,-0.9272606294229168,0.9388168672210928,0
1.0720439642761903,88.511071,110.615307,-0.7148378973188543,1.6586359704697993,0
0.17482411372980924,55.949641,101.019594,1.4801970010897911,0.36296158462212774,0
-0.2712416455276313,83.303575,41.50121,0.2056606084654164,-0.21289369797683735,0
-0.13438829386928855,15.575146,177.384343,-1.5645288257351042,0.2189977639723865,0
-1.1748352399018114,-19.711649,133.020324,0.06404545372937474,-1.076676621875285,0
0.06186183291983125,14.03619,12.98936,-1.7061439804711458,1.6586359704697993,0
0.4392301061209052,-32.120859,-86.918645,0.9845439595136454,-1.6525319044742501,1
-1.049431031863887,-83.290547,-103.185456,0.5596984953055205,-1.5085680838245088,0
-0.08401741922036181,-61.646166,35.316416,-1.4229136709990624,0.9388168672210928,0
-0.26552303716443254,13.936039,-150.535269,0.7013136500415621,0.0750339433226452,0
0.9610781339677454,-77.870674,70.150163,-1.4937212483670832,0.2189977639723865,0
-0.2650364857017176,25.23505,-1.906743,0.9137363821456246,-0.06892987732709607,0
-0.4569257347558712,-64.817187,107.863578,1.4801970010897911,-1.6525319044742501,0
1.0263192261463838,-26.241118,-119.516231,-0.9980682067909376,0.6508892259216102,0
-0.9104271188993126,-43.79313,156.302036,0.5596984953055205,-0.9327128012255437,0
0.021895084195981945,-28.240967,0.953033,-0.0775697010066669,0.2189977639723865,0
-0.2772391513015022,-22.730211,-31.922229,-1.4937212483670832,0.506925405271869,0
2.693599653684483,64.75837,147.037872,-1.210490938895,-0.06892987732709607,0
-0.36936811751805915,9.736399,53.428899,0.48889091793749967,-1.076676621875285,0
-0.6605257703009113,81.290549,-89.258223,1.2677742689857288,0.506925405271869,0
-0.28994557168465984,-30.575865,-127.172293,0.6305060726735413,0.7948530465713516,0
2.8947350741116336,19.972879,-23.298328,1.126159114249687,0.0750339433226452,0
-0.9699525893357727,64.385122,157.884458,0.5596984953055205,1.514672149820058,0
-0.9644439038291936,-81.044884,-20.10982,0.2764681858334372,-0.6447851599260612,0
1.3844263045069587,5.894382,-116.395282,1.6926197331938535,1.2267445085205755,0
-1.3843033005901868,-43.414493,111.284376,1.2677742689857288,0.6508892259216102,0
-0.6352892123453359,-73.806611,-104.968964,-0.006762123638646077,1.2267445085205755,1
-1.0122999148254892,-11.392442,-163.803893,1.2677742689857288,1.2267445085205755,0
0.6409539845920954,51.410597,146.905365,0.4180833405694788,1.3707083291703166,0
-1.1404756203910837,69.815422,-174.737499,-1.5645288257351042,0.2189977639723865,0
-1.1756658865471439,67.154052,9.196104,1.6218121558258327,0.9388168672210928,0
0.8355461608884345,-59.885714,-124.436974,0.7013136500415621,0.7948530465713516,0
1.8107750086840888,-81.66654,-23.318436,0.5596984953055205,1.2267445085205755,0
1.445823233778516,88.81469,7.656347,-0.28999243311072936,-1.6525319044742501,0
0.04173155350663059,-79.132685,56.636039,-0.14837727837468773,1.514672149820058,0
-0.0920823813069145,-44.884954,-126.937769,0.06404545372937474,1.0827806878708341,0
-0.9887659395713877,-50.804729,-167.690218,0.7013136500415621,1.3707083291703166,0
-0.12572441941419446,71.794147,133.375488,-1.5645288257351042,-0.9327128012255437,0
2.919804102865585,12.375744,50.604482,-0.36080001047875015,-0.9327128012255437,0
-1.3809022669397177,-89.772286,7.885407,-0.7148378973188543,-0.7887489805758024,0
-0.31596360711618177,83.232092,-89.006541,0.13485303109739558,0.7948530465713516,0
-0.2639571453809533,-65.370113,26.041475,-0.9980682067909376,-1.5085680838245088,0
-0.4191225758779582,-9.370032,-107.15453,-1.4229136709990624,-1.076676621875285,0
-0.4763296287356237,-70.795153,169.777462,0.13485303109739558,1.3707083291703166,0
-1.293093159180611,7.895109,102.388972,0.34727576320145803,0.9388168672210928,0
-0.947729345756724,69.505064,-60.990684,1.2677742689857288,0.9388168672210928,0
0.5213053848691641,53.889783,-21.010775,0.48889091793749967,1.0827806878708341,0
0.603699277802365,-54.838906,-38.56991,1.4801970010897911,-1.2206404425250263,1
-1.0076319616128115,48.991874,-38.481055,-1.1396833615269792,-1.2206404425250263,0
-0.4105986548355528,70.946437,-130.387463,1.4093894237217703,-0.21289369797683735,0
0.7382544509603258,65.931175,78.371506,1.4801970010897911,1.3707083291703166,1
0.8913897568573256,-67.324823,26.609024,0.13485303109739558,0.7948530465713516,0
0.6897673183897363,11.631264,79.015844,0.13485303109739558,-0.7887489805758024,0
-0.9976898467692487,-26.780844,-28.55259,-0.7148378973188543,0.2189977639723865,0
0.08576565238607758,11.797601,-139.798002,0.4180833405694788,-1.6525319044742501,0
-0.7000918692069501,-16.693367,86.51135,1.6218121558258327,0.9388168672210928,0
1.4410245926911296,35.897173,62.196027,-1.4937212483670832,-0.3568575186265786,0
-0.18202404224771643,-64.207465,105.765823,-0.6440303199508335,1.2267445085205755,0
0.14950655158400905,36.792758,-92.609917,-1.5645288257351042,0.36296158462212774,0
-0.7682178182802782,-37.750075,-118.409144,-1.210490938895,0.6508892259216102,0
0.478480573160683,-78.452402,140.994,0.06404545372937474,0.9388168672210928,0
-1.4842830041844077,25.825435,112.105469,-0.9980682067909376,-1.5085680838245088,0
0.16594885524445946,-0.480617,-0.994637,-0.0775697010066669,0.9388168672210928,0
1.146027649003378,-40.544606,-40.279636,-1.5645288257351042,0.9388168672210928,0
0.17083810683990486,-27.243584,58.288843,-1.210490938895,-0.7887489805758024,0
2.094753131096805,-3.932685,120.917968,-0.5732227425828126,0.506925405271869,0
-0.5697038925915756,-30.938749,66.009374,0.06404545372937474,-1.076676621875285,0
-0.8583821610186908,5.167842,69.257487,-0.9272606294229168,-0.06892987732709607,0
-0.25418292064771736,69.098154,-156.634502,1.6218121558258327,-0.5008213392763199,0
-0.12691204058091043,65.979325,121.951027,0.7721212274095829,0.0750339433226452,0
1.334995576714038,21.566378,-49.664202,-1.1396833615269792,0.0750339433226452,1
-1.1370414409163652,52.72492,-34.045532,-0.7856454746868751,1.6586359704697993,0
0.15241803864212797,-3.637631,179.638791,1.6218121558258327,-0.9327128012255437,0
-0.10532604428215556,46.823434,111.072105,-0.9980682067909376,0.6508892259216102,0
0.6575979513512664,-31.091408,-89.975696,0.7721212274095829,-0.5008213392763199,0
0.8964564493748542,-13.911566,-113.098991,0.34727576320145803,0.506925405271869,0
-0.8303886311877219,-88.606533,-112.808373,-0.0775697010066669,-1.3646042631747675,0
-0.23034481342066987,-5.197705,176.034975,0.2764681858334372,-0.06892987732709607,0
0.9427387430769633,31.436288,-35.722384,-0.9272606294229168,0.506925405271869,0
-1.0178813607971067,77.412797,-29.604854,-0.14837727837468773,0.0750339433226452,0
0.01997947436848258,68.863992,40.23255,-0.21918485574270855,-0.5008213392763199,0
0.5075776959670101,-9.649486,135.497108,1.2677742689857288,-0.6447851599260612,0
-1.2073136596865937,15.962711,6.298745,-1.1396833615269792,-1.076676621875285,0
0.5473845308438597,-60.204908,6.442745,0.34727576320145803,0.2189977639723865,0
1.2263910508615976,57.02886,73.253757,0.4180833405694788,-0.9327128012255437,1
-0.8929209410289096,68.392066,-87.984588,-1.0688757841589585,-1.5085680838245088,0
-1.105481533051396,-80.193986,-171.201457,-0.0775697010066669,-0.6447851599260612,0
0.16464030246746533,-2.055437,36.682042,-1.210490938895,-0.6447851599260612,0
-0.6442945969136767,-42.570535,66.339964,-0.006762123638646077,0.6508892259216102,0
0.21030848841761102,-44.436712,54.713281,-0.14837727837468773,-0.5008213392763199,0
0.36869550261679446,-6.113571,132.865731,-1.3521060936310416,-0.6447851599260612,0
0.02162494088634615,0.454153,93.049345,0.34727576320145803,-0.3568575186265786,0
0.022561397739972663,11.881941,-68.976561,-1.7061439804711458,1.6586359704697993,0
-0.6682169240271537,-85.324774,67.032402,-1.2812985162630208,-1.2206404425250263,0
-0.10353706505373526,-85.766897,139.752235,0.13485303109739558,0.9388168672210928,0
5.061429071118321,-14.051064,-163.972806,-0.21918485574270855,1.2267445085205755,0
-0.4277714550598735,-66.012395,-88.885678,-0.9272606294229168,-1.3646042631747675,0
1.220357782441709,79.162243,-59.27121,1.3385818463537495,-1.3646042631747675,0
0.6187680841109267,10.473404,142.95732,-0.14837727837468773,1.3707083291703166,0
0.22478011300748998,88.987658,27.982301,1.6926197331938535,0.9388168672210928,0
1.0287271666369804,-59.126419,-53.245006,0.5596984953055205,-1.6525319044742501,0
-1.5236445406054133,-36.021718,-115.658532,-0.5732227425828126,-0.06892987732709607,0
-0.35449822463742936,-42.550444,-135.054128,-1.2812985162630208,0.36296158462212774,0
-1.5056512634482508,77.336392,91.840542,-1.635336403103125,-0.5008213392763199,0
2.2405722451738663,-59.505662,175.037641,1.196966691617708,0.7948530465713516,0
-1.0694470797297824,5.554718,152.019973,-0.28999243311072936,-1.5085680838245088,0
0.49799155729396,-88.64509,-35.858495,0.13485303109739558,0.9388168672210928,0
0.35762951473092974,-40.291857,92.252303,1.4801970010897911,1.3707083291703166,0
-0.06131230732789143,46.443487,80.287394,-0.9980682067909376,1.0827806878708341,0
0.14935991418391178,-10.371306,49.126583,-0.0775697010066669,-0.3568575186265786,0
2.9917729673074187,-89.045344,112.981682,1.6926197331938535,0.0750339433226452,0
-0.01562058308414476,0.778125,33.23538,0.34727576320145803,-0.06892987732709607,0
0.4387513846180366,-77.837737,87.898949,0.4180833405694788,-0.21289369797683735,0
-0.01857564184553506,10.703555,11.42216,-1.5645288257351042,-0.7887489805758024,0
-0.20693495654092092,-40.647167,-128.987409,0.4180833405694788,-1.2206404425250263,0
0.8824967510316458,-58.027924,-134.47782,1.6926197331938535,-0.7887489805758024,0
-0.7174361935094294,-74.507909,-50.027784,1.3385818463537495,1.3707083291703166,0
-0.9053775019024249,-82.231841,-31.924625,-0.431607587846771,-1.3646042631747675,0
-0.5989028272751491,46.044738,119.849837,0.7721212274095829,-0.6447851599260612,0
-0.363428343336829,-67.907922,53.728,0.48889091793749967,0.0750339433226452,0
0.28281768002633134,-61.382737,-2.111235,-1.210490938895,0.36296158462212774,0
1.3512602067640793,-87.665249,152.386794,1.3385818463537495,1.2267445085205755,1
-1.1129005743742038,64.57021,44.342475,-1.2812985162630208,-0.5008213392763199,0
-1.231099811895843,31.038963,13.173958,1.551004578457812,-0.21289369797683735,0
-0.07046476377866309,-33.246005,-172.97007,-0.0775697010066669,-0.9327128012255437,0
-1.4237856232550026,-69.039006,134.383674,0.13485303109739558,0.9388168672210928,0
1.371603638331862,32.764749,132.513751,0.48889091793749967,1.3707083291703166,0
-1.197921861703219,-51.501275,10.460438,0.6305060726735413,1.0827806878708341,0
-0.7010951600081126,43.518822,-42.137822,-0.21918485574270855,0.2189977639723865,1
0.11040259094732634,-17.037531,58.934379,0.4180833405694788,0.0750339433226452,0
-1.5051276528768687,-9.061638,-159.163843,-0.28999243311072936,-1.2206404425250263,0
1.6493747879980694,82.84586,-110.233212,0.4180833405694788,-0.9327128012255437,0
-0.37449510880500936,-54.184402,138.687076,-1.635336403103125,0.36296158462212774,0
2.1830084187174243,-30.903751,156.122884,-1.4937212483670832,1.2267445085205755,0
-0.496767818684551,34.424018,-31.625039,1.196966691617708,0.36296158462212774,0
0.0340049162398299,9.274005,12.990967,0.48889091793749967,0.506925405271869,0
1.1062187705674278,-23.551228,13.928157,0.9137363821456246,-1.076676621875285,0
1.0415573252367656,69.340721,45.713343,-1.1396833615269792,0.506925405271869,0
-0.040020868753444724,-43.916372,-178.574124,0.9845439595136454,-1.076676621875285,0
-0.7132711632238077,76.855298,-45.21124,1.4801970010897911,0.9388168672210928,0
-0.9128015691672337,-83.804848,16.957342,-1.4937212483670832,1.2267445085205755,0
1.140273226257433,-21.418445,58.798429,1.4093894237217703,-0.3568575186265786,0
-1.4025863028927443,-31.431796,164.276327,0.5596984953055205,1.0827806878708341,0
-0.21935659000286034,-33.095823,5.404067,-1.210490938895,0.9388168672210928,0
1.9145248832240438,-58.199333,132.262756,0.06404545372937474,-1.6525319044742501,0
0.5026707292557249,6.387927,-165.378603,-0.006762123638646077,0.6508892259216102,0
-0.24933691178983708,78.544684,-77.679129,1.196966691617708,0.6508892259216102,0
0.005885007253899408,21.84913,24.910488,-0.6440303199508335,1.0827806878708341,0
3.1129791683830215,29.727369,8.13015,-1.1396833615269792,-0.5008213392763199,0
-0.8496132542115047,-44.711022,67.800752,-0.5024151652147918,1.3707083291703166,0
-0.36294073621006817,-14.634073,111.466003,1.551004578457812,-0.7887489805758024,0
-0.2913064457993118,16.00117,23.682184,-0.0775697010066669,0.6508892259216102,0
1.4963726854732338,16.732804,3.083622,-0.21918485574270855,-1.076676621875285,0
0.46855700968748687,-35.239204,-42.452569,-0.431607587846771,1.2267445085205755,0
-0.7250305815226397,8.712917,178.901578,-1.3521060936310416,-0.3568575186265786,1
0.37113635256422467,83.015611,-80.059219,-0.0775697010066669,0.36296158462212774,0
-0.3036240293119505,79.168203,-53.095933,0.48889091793749967,1.2267445085205755,0
0.36756231994698263,-47.447148,-103.908187,0.6305060726735413,0.2189977639723865,0
2.879239517265654,-68.113734,50.285497,1.0553515368816662,0.7948530465713516,0
-0.23369852484123996,63.437858,-0.730708,-0.856453052054896,0.7948530465713516,0
-0.32544600729884854,-20.759219,-141.240535,-0.5024151652147918,-0.7887489805758024,0
-1.1844832373187746,36.824965,80.085108,0.8429288047776038,0.506925405271869,0
-0.43162493544679525,-42.956435,56.796736,-1.1396833615269792,-1.3646042631747675,0
-0.8840333508245467,-81.284643,-142.084524,-0.856453052054896,-0.9327128012255437,0
1.5708645293117767,55.035276,99.397364,1.6218121558258327,0.6508892259216102,0
0.14011945242932702,-74.657342,-113.129723,0.7013136500415621,-1.5085680838245088,0
-0.8613769847402307,38.358229,-133.020513,1.2677742689857288,-1.076676621875285,0
-0.2718646354123816,-38.585424,28.572919,0.34727576320145803,0.6508892259216102,0
1.3727201482548024,43.385554,-78.851994,-0.431607587846771,1.0827806878708341,0
0.5641951083718677,88.812526,-19.632771,0.4180833405694788,-1.2206404425250263,0
-0.4571925763296375,-11.698667,50.938157,0.2764681858334372,-1.5085680838245088,0
-1.0705566130537836,-61.119332,19.028223,0.13485303109739558,-1.076676621875285,0
-0.551870987635688,53.333059,79.962471,1.0553515368816662,0.0750339433226452,0
0.04606920765908629,-37.893292,61.752696,-0.6440303199508335,1.6586359704697993,0
-0.6690767355372654,18.528806,39.546947,-1.4229136709990624,0.36296158462212774,0
0.2699352183918179,54.791273,34.964733,0.9137363821456246,-0.7887489805758024,0
-0.3255547118939694,-9.377729,-31.610859,1.551004578457812,1.6586359704697993,0
-0.7541196620057425,-6.921313,111.494724,-1.3521060936310416,0.9388168672210928,0
-1.1985742263895378,-17.037444,-113.427461,-0.36080001047875015,0.6508892259216102,0
2.4482604266294876,-23.433091,49.68294,-1.7061439804711458,-1.076676621875285,0
-1.2569998085994678,-44.927616,116.84201,-0.5024151652147918,0.6508892259216102,0
0.5029767532892272,-88.674463,167.159012,0.9137363821456246,-0.7887489805758024,0
-0.6076327632444615,14.735903,89.901592,0.2764681858334372,0.0750339433226452,0
-1.0789694575379256,6.470008,-22.716948,0.6305060726735413,-1.5085680838245088,0
-0.565178962111177,-63.426608,66.402622,0.6305060726735413,1.2267445085205755,0
-0.3038658666982107,-27.862665,-122.746643,0.34727576320145803,-0.9327128012255437,0
-0.841097033657264,-38.368835,58.526631,-0.0775697010066669,-1.5085680838245088,0
-0.14173763994192207,24.732261,-9.738062,0.9137363821456246,0.6508892259216102,0
-0.39641062754323053,12.120361,166.749249,1.4093894237217703,0.9388168672210928,0
-0.7916377587739086,-72.655307,166.115343,-0.28999243311072936,-0.7887489805758024,0
0.03796220020498258,54.174735,-41.303985,1.196966691617708,-0.7887489805758024,0
0.09052836177787212,42.785979,-150.139705,-0.7856454746868751,0.36296158462212774,0
-0.5816673473138501,-81.962736,11.027518,1.2677742689857288,0.506925405271869,0
0.3102088036739947,60.180558,106.477096,1.3385818463537495,-0.6447851599260612,0
-0.908215634774328,74.26076,40.826848,0.7013136500415621,-0.7887489805758024,0
0.10813242166190477,-0.332364,88.139586,1.0553515368816662,-1.5085680838245088,0
-1.1489078890238233,63.774242,78.234025,1.0553515368816662,-1.3646042631747675,0
-0.4269709649834181,16.65378,87.102009,0.5596984953055205,0.9388168672210928,0
-0.20924336202500018,-4.08883,-124.030001,-0.21918485574270855,0.0750339433226452,0
-0.006348045306278515,6.874969,79.317691,1.126159114249687,-1.3646042631747675,0
-1.3836584004774444,-17.500049,-50.191373,1.0553515368816662,-0.21289369797683735,0
-1.4860127861335921,14.17243,141.937568,-1.3521060936310416,0.0750339433226452,0
-1.5148892843986062,-8.677857,76.771166,0.7721212274095829,1.3707083291703166,0
-0.09233796492107167,23.691243,-69.536185,-1.210490938895,-1.076676621875285,0
-1.3342489013513505,83.152337,80.157449,1.0553515368816662,-0.6447851599260612,0
-0.8921750693462435,64.157634,20.212811,-0.7148378973188543,0.0750339433226452,0
0.06684547478102958,-71.266429,53.856589,-0.36080001047875015,1.6586359704697993,0
-0.9619792947241749,-83.909593,-36.411782,-0.0775697010066669,-1.076676621875285,0
-1.2041816326864134,32.421071,-17.671661,-0.9272606294229168,-0.7887489805758024,1
0.8320179506352854,-16.946063,41.288303,-0.856453052054896,-1.2206404425250263,0
-0.9195435861764317,-39.312414,-59.645697,1.4093894237217703,-0.06892987732709607,0
-0.49794550895451883,-19.37403,37.641887,-0.28999243311072936,0.506925405271869,0
-0.24001152183634158,49.603456,-151.480823,1.6218121558258327,0.0750339433226452,0
2.351715923982813,-77.156407,72.90888,-1.1396833615269792,0.506925405271869,0
0.6262753737050833,-15.499451,133.930999,0.9137363821456246,1.3707083291703166,0
0.3835502204933311,21.158005,-150.959389,0.6305060726735413,0.7948530465713516,0
2.8083315284295183,-8.121616,69.458683,0.2056606084654164,1.3707083291703166,0
0.009361839339157765,58.906963,-90.842573,-1.0688757841589585,-0.3568575186265786,0
-1.5104035353797496,80.542728,106.528296,-0.5024151652147918,-1.5085680838245088,0
1.0397977760673531,-63.888973,160.287068,0.2764681858334372,-0.6447851599260612,0
0.3873719514848166,62.221381,7.177037,1.4801970010897911,0.7948530465713516,0
0.196349685216972,70.995045,-161.756034,0.7721212274095829,-1.076676621875285,0
-0.4397487580401098,83.511126,-19.897436,-1.0688757841589585,0.0750339433226452,0
-0.2106474856114622,-50.059605,-60.293628,-1.4229136709990624,1.514672149820058,0
1.1014859489349451,-73.294267,78.005862,1.6926197331938535,1.6586359704697993,0
-1.1195194778556223,26.278945,64.500113,1.4093894237217703,-1.5085680838245088,0
2.6231672947933986,68.580714,111.184438,1.126159114249687,-1.2206404425250263,0
0.901362385502738,16.161438,-51.048926,-1.2812985162630208,0.7948530465713516,0
-0.1675994964029848,53.646471,-41.222164,0.5596984953055205,1.0827806878708341,0
1.1255396795045391,56.583883,115.31004,0.06404545372937474,0.7948530465713516,0
-1.412786785263648,-0.551793,-93.622976,0.06404545372937474,-0.3568575186265786,1
0.8248028101219306,-69.124662,33.585798,-0.006762123638646077,1.6586359704697993,0
1.8999744047307727,-53.185251,170.777211,-0.28999243311072936,1.514672149820058,0
0.04747257285704531,65.783803,68.311857,-0.7148378973188543,-1.6525319044742501,0
0.4886651185584476,-31.351949,-16.924054,-0.14837727837468773,0.9388168672210928,0
-0.7652974114558994,-40.95387,-169.732455,0.7721212274095829,0.0750339433226452,0
0.4764034371513731,41.598185,-132.181288,-1.5645288257351042,-1.076676621875285,0
-0.1998260833869908,-4.986254,-108.789779,1.3385818463537495,-0.7887489805758024,0
-0.9038386265860614,69.088136,2.761577,-1.2812985162630208,-0.9327128012255437,0
1.4507518087019036,-7.29921,-119.030323,0.48889091793749967,0.7948530465713516,0
1.847339688785177,27.316566,-153.788484,1.6926197331938535,1.0827806878708341,0
-1.1949417403935763,-17.783325,89.39216,-1.4937212483670832,-0.5008213392763199,0
-1.2182059493088673,14.508231,-92.977213,-1.5645288257351042,1.514672149820058,0
0.43350134653872197,-55.734084,-157.766522,-0.9272606294229168,-0.3568575186265786,0
-0.7132487390882583,54.027787,155.250304,0.06404545372937474,-0.7887489805758024,0
-0.4410304862494547,44.00535,-175.318125,-0.28999243311072936,-0.21289369797683735,0
-1.0593098399343064,52.327339,58.869956,0.8429288047776038,-0.5008213392763199,0
-1.0222797909817085,81.99945,-98.740592,1.196966691617708,1.6586359704697993,0
-0.08654475195933012,-8.840072,159.882783,-0.431607587846771,-0.6447851599260612,0
-0.8557867615336131,-85.400509,88.758863,1.6218121558258327,-0.7887489805758024,0
-0.17424913396828734,-38.844273,-162.859782,0.2056606084654164,-0.21289369797683735,0
-0.5110452590053776,-61.009489,-99.446613,-1.5645288257351042,0.2189977639723865,0
-0.7927980134529552,-63.755463,140.230068,-0.431607587846771,0.7948530465713516,0
-1.2938286050475976,-39.126543,-179.095745,-1.0688757841589585,-0.9327128012255437,0
-0.6381983500809492,-53.133587,125.341719,1.4093894237217703,0.7948530465713516,0
0.15967935852508205,-74.405248,-29.161619,-0.6440303199508335,-1.076676621875285,0
-0.8309585739009814,85.21051,-78.61403,-1.3521060936310416,-1.6525319044742501,0
0.5819576286035785,55.280453,-14.26048,-0.5732227425828126,-0.7887489805758024,0
0.6929067151245476,82.696476,97.204724,0.7013136500415621,0.9388168672210928,0
-0.9402537159177011,73.858521,13.146094,0.4180833405694788,-1.2206404425250263,0
2.8163620391088955,-9.430276,168.194895,0.6305060726735413,0.6508892259216102,0
-1.1487529603376294,-43.728782,36.461498,-0.28999243311072936,-1.6525319044742501,0
0.2941307383363903,57.995866,-146.94846,-1.3521060936310416,-1.5085680838245088,0
3.1693983586014562,55.524722,-67.662034,-0.7148378973188543,0.0750339433226452,0
-0.005858550988299159,-23.928498,-122.899831,-1.210490938895,-0.21289369797683735,0
0.18927626045417703,-49.586949,-10.56267,-1.210490938895,0.2189977639723865,0
2.663381923743734,79.142549,31.003776,-1.0688757841589585,1.3707083291703166,0
-0.9737142051206616,-83.776891,7.076603,-1.5645288257351042,-1.076676621875285,0
0.42351548051996235,-51.100296,16.765218,0.7721212274095829,0.0750339433226452,0
0.0024050758592373215,-32.118609,-97.386699,0.6305060726735413,1.3707083291703166,0
-0.7401721102210382,-88.827872,-88.008683,1.4093894237217703,1.3707083291703166,0
-0.40557913053184613,79.933875,47.823606,-1.4937212483670832,0.36296158462212774,0
0.8592045466280989,26.800043,130.703624,1.4801970010897911,1.2267445085205755,0
-0.4371311538975726,39.251851,168.730476,-0.28999243311072936,-0.3568575186265786,0
-0.2975580115443289,-52.167078,116.005553,1.3385818463537495,-1.5085680838245088,0
0.9980715907057013,23.479382,-116.836988,1.6926197331938535,-0.6447851599260612,0
-0.8661710218317246,40.890631,-8.515936,1.126159114249687,0.506925405271869,0
0.4484020631511321,6.983462,93.657309,1.6926197331938535,1.514672149820058,0
3.1931597194518053,-64.610725,-12.403886,1.4093894237217703,-1.076676621875285,0
0.08384754770665319,41.092558,-158.146832,-1.0688757841589585,0.9388168672210928,0
-0.29544749420046607,14.901716,-138.543632,0.34727576320145803,-0.5008213392763199,0
-1.3614666603504038,-6.372348,96.560731,-0.14837727837468773,0.36296158462212774,0
-0.45423457999482947,-13.496586,-107.776699,0.2764681858334372,1.2267445085205755,0
-0.5340550445171646,-89.526738,-149.528825,0.9845439595136454,0.36296158462212774,0
-0.6417284004375093,12.313399,-178.226904,1.6926197331938535,0.506925405271869,0
-1.1073087698534836,17.875288,154.229177,-0.36080001047875015,-1.2206404425250263,0
-0.2191663622376371,29.225978,-172.919878,1.2677742689857288,-0.3568575186265786,0
-0.8068495857941302,87.721355,-21.470316,-1.3521060936310416,1.2267445085205755,0
2.2984593211600064,37.202721,-149.575085,-1.635336403103125,0.506925405271869,0
-0.3776763784161546,-42.891488,-128.040101,0.8429288047776038,1.3707083291703166,0
0.4761094120745257,-51.49072,-167.536109,0.8429288047776038,0.7948530465713516,0
0.345821140897922,73.778791,-145.116098,0.06404545372937474,-1.6525319044742501,0
-1.360393581588848,46.952239,-146.925063,-0.6440303199508335,0.2189977639723865,0
-1.1176898531407529,-6.308948,-31.202707,1.551004578457812,1.6586359704697993,0
-0.5868543065258838,-15.564052,165.386238,-0.7148378973188543,-0.9327128012255437,0
-0.4767690358786005,-61.08733,-140.061412,1.4093894237217703,0.506925405271869,0
-1.2570940501904204,-36.320561,54.542032,0.9845439595136454,-0.5008213392763199,0
1.2475673010954376,14.767651,-139.731627,-1.1396833615269792,0.2189977639723865,0
-1.1112244365314086,-21.231845,-115.111605,-0.0775697010066669,0.9388168672210928,0
-0.64106611941346,-66.638964,52.746703,1.4801970010897911,0.6508892259216102,0
-0.04013275051987236,-73.797563,18.116114,1.4093894237217703,-1.2206404425250263,0
0.8454325471567528,-71.700184,-33.798277,-1.0688757841589585,-1.5085680838245088,0
-0.9082658789646026,30.369784,-18.977406,1.551004578457812,-0.3568575186265786,0
0.9929855363376219,41.117528,34.214838,-0.7148378973188543,1.3707083291703166,0
1.050477410217186,-16.471216,-178.576814,-0.5024151652147918,-0.5008213392763199,0
-0.16524203777477314,25.321603,-166.870025,-1.635336403103125,-1.3646042631747675,0
2.0945305750477603,14.500832,91.687054,-0.36080001047875015,-0.5008213392763199,0
-0.4317478167761332,76.055686,50.908377,-0.7148378973188543,-0.5008213392763199,0
0.5762439568119146,-33.844226,-154.032328,-0.7856454746868751,-1.2206404425250263,0
-0.9750890644722416,13.713214,150.738989,-1.0688757841589585,-0.5008213392763199,0
-0.6833629777087129,-66.4374,-35.768692,1.0553515368816662,-1.076676621875285,0
0.24217646654910163,7.03637,137.199883,0.9137363821456246,0.506925405271869,0
-0.5546617201095984,73.878459,-51.495575,-0.0775697010066669,0.7948530465713516,0
-1.4745885696128842,85.717687,-176.967447,-0.5732227425828126,-0.06892987732709607,0
1.4461843926709543,42.266861,-63.532873,1.4801970010897911,1.6586359704697993,0
2.3985062074681514,-21.48665,65.444942,-0.14837727837468773,-0.3568575186265786,0
-1.1204924025724907,-72.603598,131.889955,0.2056606084654164,-0.9327128012255437,0
0.016227570442585024,-0.510864,-85.986953,-0.431607587846771,1.0827806878708341,0
0.38967713083416805,15.663967,-56.569614,-1.5645288257351042,-1.076676621875285,0
-0.013522954634568596,21.416182,-59.266694,-0.36080001047875015,-1.5085680838245088,0
0.18457219828188054,65.65338,34.941423,-1.4229136709990624,1.6586359704697993,0
1.8772187607613116,5.188618,13.376909,0.2056606084654164,1.3707083291703166,0
0.0958036979619869,45.131468,113.655153,1.126159114249687,1.0827806878708341,0
-1.0097635879176907,42.864998,144.362142,-1.7061439804711458,-1.076676621875285,0
0.12218281202108935,-34.934595,159.73603,1.3385818463537495,-1.076676621875285,0
0.6828021992503615,86.953294,-57.29235,0.9137363821456246,1.0827806878708341,0
-0.9052956287160596,-44.149212,-34.095269,1.551004578457812,0.0750339433226452,1
-1.429224066524937,25.291456,69.743231,0.7013136500415621,1.514672149820058,0
0.7523378661359753,12.481077,-141.283934,0.2056606084654164,0.9388168672210928,0
-0.44550018437276856,81.637988,57.423826,0.9137363821456246,1.2267445085205755,0
-0.1332094402207534,-61.887893,66.836326,-0.21918485574270855,-0.21289369797683735,0
-0.9097029794634885,-72.520829,25.108955,-0.9980682067909376,0.36296158462212774,0
-0.8918645205077851,39.791723,-11.367919,-1.2812985162630208,-0.6447851599260612,0
0.15133282475671156,-30.06358,-155.061849,-0.7856454746868751,0.2189977639723865,0
-1.4929309485747608,16.245424,99.117366,1.196966691617708,0.36296158462212774,0
0.4896706203134904,41.714375,-18.361072,0.6305060726735413,-0.21289369797683735,0
0.9814913140441505,-75.879306,85.7562,-1.4937212483670832,-0.06892987732709607,0
0.4328598081115496,-6.650279,-103.929766,-1.3521060936310416,1.514672149820058,0
0.19341531147158483,-52.956515,-125.692778,0.2056606084654164,0.6508892259216102,0
2.320303150297315,-23.74203,140.822024,-0.6440303199508335,0.6508892259216102,0
-0.6028865157481963,-31.446574,-93.57454,-1.210490938895,-0.21289369797683735,0
0.14781493361904893,25.092417,0.796888,1.6926197331938535,-0.06892987732709607,0
0.005953154908103943,-19.363099,173.732227,-0.36080001047875015,-1.3646042631747675,0
2.5724406357172653,-83.916971,-141.026599,-1.210490938895,1.2267445085205755,0
-0.3733237837825839,18.072131,110.602701,1.0553515368816662,1.514672149820058,0
0.30320605617816776,65.14195,22.577959,-0.7856454746868751,0.36296158462212774,0
-0.15531236515833774,-14.181702,130.121272,1.4801970010897911,-1.2206404425250263,0
1.8396479364154152,4.544481,-14.302312,0.06404545372937474,-1.076676621875285,0
0.4417917974869934,-50.92865,13.256209,0.7013136500415621,-0.5008213392763199,0
-1.4795754056235448,59.881633,144.358809,1.6218121558258327,1.2267445085205755,0
-0.7873330456095098,64.618175,85.205544,1.126159114249687,-0.3568575186265786,0
-1.0393348136549359,75.254365,46.362164,-0.9980682067909376,-1.5085680838245088,0
-0.4157531619036434,-20.315993,-48.262439,0.8429288047776038,1.2267445085205755,0
0.2139223448947307,49.629146,-88.881376,-0.14837727837468773,-0.5008213392763199,0
0.4624898427285593,-81.265098,45.01829,-1.4229136709990624,0.0750339433226452,0
-0.04916862255835163,15.179222,106.313861,1.6926197331938535,0.0750339433226452,0
0.2734344039604526,73.004969,27.226845,0.13485303109739558,0.9388168672210928,0
-0.6537023608609845,-12.670068,-46.822544,1.3385818463537495,-1.076676621875285,0
-0.672514801335155,25.553936,-78.417956,-1.210490938895,-0.5008213392763199,0
0.12189767283979487,56.646211,-123.85702,1.6926197331938535,-1.3646042631747675,0
-0.3343742785074848,31.590991,123.275911,1.551004578457812,-1.076676621875285,0
-1.3146625109569043,-75.292511,38.635304,-0.7856454746868751,-1.2206404425250263,0
0.9650293590764745,-23.702165,159.64271,0.48889091793749967,-1.076676621875285,0
0.5565176320044257,-44.07295,-133.681108,-0.431607587846771,1.0827806878708341,0
0.5486013807956402,66.675643,49.034612,-0.856453052054896,0.6508892259216102,0
-0.3830000247033606,-27.338918,-9.90723,-0.6440303199508335,0.0750339433226452,0
-0.46273924837943803,-64.609783,105.589184,0.34727576320145803,0.2189977639723865,0
-0.25705169743974643,-17.949322,-31.646252,0.9845439595136454,0.6508892259216102,0
1.130194912335928,61.478506,-156.69321,0.48889091793749967,0.6508892259216102,0
-0.8585117858633777,77.093788,132.074699,1.551004578457812,1.3707083291703166,0
-0.009436939633861913,42.592041,90.092104,-0.21918485574270855,-1.6525319044742501,0
0.029419856312414214,-11.636946,99.694704,-0.28999243311072936,-1.2206404425250263,0
-0.389861100815884,21.642375,-22.128221,-0.36080001047875015,1.2267445085205755,0
1.1985648926584336,25.418275,-124.422958,0.2764681858334372,1.514672149820058,0
-0.25783439059332,-84.956163,85.592112,-0.36080001047875015,-1.3646042631747675,0
-0.8618848207421819,-30.225385,89.949252,-0.0775697010066669,0.36296158462212774,0
-0.9500293423362279,22.893883,-15.203038,-1.7061439804711458,-1.6525319044742501,0
-0.6165911189017885,-27.509999,-62.172986,1.6218121558258327,-1.5085680838245088,0
-0.993051797013266,55.643853,-115.398468,0.34727576320145803,1.2267445085205755,0
-0.8200941145124624,-16.744403,9.884343,-1.5645288257351042,0.506925405271869,0
-1.2059644260242282,77.194901,-46.548361,0.06404545372937474,0.0750339433226452,0
-0.9935527209803111,-63.750729,46.725088,-1.4229136709990624,-1.2206404425250263,0
-0.0603513388867222,-89.716385,137.325878,-0.431607587846771,0.7948530465713516,0
0.7578441861426654,89.68467,27.139969,1.551004578457812,-0.3568575186265786,0
-1.0755773463951643,86.560591,-90.609318,1.6218121558258327,-0.7887489805758024,0
-1.4350838116945475,-14.035175,-22.002718,-0.7856454746868751,0.6508892259216102,0
0.7193292699991475,8.352048,77.136037,-1.7061439804711458,1.514672149820058,0
-0.06388808813674593,-89.801782,-2.803406,0.8429288047776038,-0.5008213392763199,0
0.2616593480073342,-69.935833,-136.020437,1.0553515368816662,-0.3568575186265786,0
-1.4447690297152236,42.591206,-4.137637,1.4801970010897911,-0.5008213392763199,0
0.11751186357265109,43.642818,-164.511684,1.6218121558258327,-1.2206404425250263,0
0.5872454514391251,0.127305,149.279571,1.4093894237217703,0.36296158462212774,0
0.08549118539800193,64.02744,179.579544,0.7013136500415621,-1.2206404425250263,0
-1.046691124718542,8.454067,-57.89555,1.3385818463537495,-0.6447851599260612,0
-0.01895011288908879,83.782598,155.711802,0.34727576320145803,-1.076676621875285,0
-0.9075576948024154,-82.867328,-146.291547,0.8429288047776038,1.2267445085205755,0
-1.0556565622180083,32.66954,54.880089,-0.431607587846771,-0.06892987732709607,0
1.6204896968969096,81.500266,-102.14581,-0.431607587846771,0.36296158462212774,0
-0.26912934666987254,39.971608,-169.116669,-0.0775697010066669,-1.5085680838245088,1
2.9900748709235896,67.958199,155.191297,1.126159114249687,1.0827806878708341,0
0.599511598423649,61.943472,-62.0845,1.6218121558258327,0.506925405271869,0
0.7276327957048573,58.10678,-105.038925,0.13485303109739558,-0.21289369797683735,0
-0.6740842581616583,43.85739,15.16178,0.2056606084654164,0.7948530465713516,0
-0.6617598124197076,54.601685,-136.511462,-0.28999243311072936,0.506925405271869,0
-0.8427476168117729,-79.839539,138.531076,0.48889091793749967,0.6508892259216102,0
-1.1595494433004427,4.742952,-168.728706,0.9137363821456246,1.0827806878708341,0
-1.4168420740414345,72.350652,-7.555014,1.3385818463537495,-0.3568575186265786,0
-0.0028130950421513864,-18.220809,-34.858461,-0.5024151652147918,-0.7887489805758024,0
-0.5388488550977072,-69.819801,-147.498591,-1.4937212483670832,-0.21289369797683735,0
0.40050504272251586,-50.250404,177.756223,0.13485303109739558,0.506925405271869,0
-0.3757867983568664,76.24783,124.971,-0.9272606294229168,-1.3646042631747675,0
0.2537515531798132,41.621695,-5.687496,0.4180833405694788,-0.9327128012255437,0
-1.4149077178322107,78.546578,-172.158934,-0.5732227425828126,-0.5008213392763199,0
-1.2885855977397447,54.897731,-143.031443,1.551004578457812,1.6586359704697993,0
-0.9947419658951084,66.46722,-9.99188,-1.635336403103125,-0.9327128012255437,0
-0.8655801161920393,89.113823,39.324775,0.7013136500415621,-1.3646042631747675,0
0.6654671124093208,-31.504084,-136.619552,-0.14837727837468773,0.9388168672210928,1
-0.36986787794721926,-48.178683,-16.739157,-1.2812985162630208,0.0750339433226452,0
0.5944595378188187,81.831543,158.882145,-0.9272606294229168,-1.2206404425250263,0
-1.1794091158869315,4.509547,65.534362,-0.5732227425828126,0.9388168672210928,0
-0.053493384197283445,-8.312565,-95.229409,-1.1396833615269792,1.514672149820058,0
-1.2787707742320316,71.156388,-65.731445,1.4801970010897911,1.2267445085205755,0
0.5084643947347316,14.853809,5.128397,0.06404545372937474,-1.3646042631747675,0
-0.6749682227487032,-12.39717,165.547374,-0.36080001047875015,0.36296158462212774,0
-0.6576675996349625,-68.338237,-126.730442,0.9845439595136454,-1.6525319044742501,0
-1.2642176773613667,57.980378,5.095312,0.06404545372937474,-1.076676621875285,0
0.402131502664251,-60.944596,-28.317911,-0.5732227425828126,-1.3646042631747675,0
0.07250106208517884,-40.492393,29.227799,1.126159114249687,-0.06892987732709607,0
-0.36104088800367284,-45.901459,53.302068,-0.7148378973188543,-0.9327128012255437,0
-1.2988386085619714,-25.267966,124.756127,-0.6440303199508335,-0.9327128012255437,0
-0.5175170400224752,45.08006,175.627041,0.7013136500415621,1.2267445085205755,0
0.43063101415059385,14.873953,6.407196,0.2764681858334372,1.0827806878708341,0
1.0082655052755651,47.763524,-163.810435,-0.0775697010066669,-0.5008213392763199,0
-0.09851992248162243,49.455757,144.1331,0.4180833405694788,1.6586359704697993,0
-0.9752621924545688,85.328478,-100.406601,0.48889091793749967,0.36296158462212774,0
0.15048947212132796,80.751288,92.45078,1.126159114249687,1.0827806878708341,1
0.9467427724456259,-15.400795,177.947767,-0.7148378973188543,1.0827806878708341,0
-0.7857300694556778,-32.622868,-34.699549,1.3385818463537495,-1.5085680838245088,1
0.8897933461945595,24.86598,-56.347336,-0.9980682067909376,-0.06892987732709607,0
-0.675780991674471,-25.204562,119.501489,-1.4229136709990624,-0.9327128012255437,0
0.6082742194837091,45.397572,-79.307558,1.196966691617708,-1.3646042631747675,0
2.78353760772658,52.258551,-160.767051,-0.856453052054896,-0.06892987732709607,0
0.3716208995732995,-78.941019,-90.980633,0.8429288047776038,-1.2206404425250263,0
-0.5236645908002208,-0.489196,82.196249,1.551004578457812,0.506925405271869,0
-1.518437979190612,-51.177652,-70.647261,-1.635336403103125,-1.076676621875285,0
0.8957734740851808,-33.818592,-51.239755,0.2056606084654164,-0.21289369797683735,0
-1.1783356998124002,82.068331,55.545232,-1.5645288257351042,0.36296158462212774,0
-0.32722945433981093,-82.698605,94.416644,1.126159114249687,1.514672149820058,0
-0.18194200276360684,15.646906,-48.051831,-0.5024151652147918,-0.6447851599260612,0
1.1349751671808412,70.968798,177.070191,0.2056606084654164,-0.7887489805758024,0
-0.0927531887347336,47.865228,29.444157,0.7013136500415621,1.6586359704697993,0
-0.8015194854367829,2.126741,41.778376,-0.7148378973188543,-0.5008213392763199,0
-0.7099574589395087,6.609835,32.334292,1.0553515368816662,-0.21289369797683735,0
-1.0739196662141297,70.080265,-35.628799,-0.9272606294229168,1.6586359704697993,0
2.633544274028662,-8.804339,172.454014,-0.36080001047875015,1.2267445085205755,0
0.5694346057881076,-81.058552,5.242294,-1.5645288257351042,0.36296158462212774,0
-0.15120820722112174,-29.049241,66.73269,-0.7148378973188543,-0.06892987732709607,0
-0.28701965361330894,32.674952,85.204844,-0.36080001047875015,-0.3568575186265786,0
-0.7187827004342948,-63.571014,-8.793863,-0.431607587846771,0.6508892259216102,0
-0.6846008518475286,-5.119528,-60.855255,0.6305060726735413,-0.7887489805758024,0
-0.784474178816101,4.412764,151.763729,0.06404545372937474,-1.6525319044742501,0
-0.9865951161937618,-22.706543,-163.813476,0.48889091793749967,1.2267445085205755,1
-1.3314704087282023,37.684988,-8.57219,0.4180833405694788,-1.3646042631747675,0
-1.443686850785051,-53.665153,0.800115,-1.4229136709990624,0.6508892259216102,0
2.3220320425246057,38.49615,72.171046,-1.2812985162630208,0.6508892259216102,0
1.4579835570752915,-15.414964,-106.142801,0.6305060726735413,-0.21289369797683735,0
-0.7234584316848333,-54.1254,-80.375579,-1.2812985162630208,0.7948530465713516,0
0.4664960371114027,33.011314,42.539385,0.5596984953055205,-0.5008213392763199,0
-0.4277116830271782,-45.040604,166.820487,-0.28999243311072936,0.36296158462212774,0
0.6726404690418111,15.014797,18.052686,0.8429288047776038,-0.3568575186265786,0
-0.4987374970962567,-10.567653,-177.231325,0.13485303109739558,-1.076676621875285,1
-1.405711538120466,-22.46153,87.80372,1.0553515368816662,-1.2206404425250263,0
0.5171009788948254,-56.796813,52.432839,-0.28999243311072936,1.2267445085205755,0
-0.8394880755974266,-59.361303,16.526994,-0.856453052054896,-0.3568575186265786,0
2.827008523050893,-86.146702,-151.731304,0.7721212274095829,-1.5085680838245088,0
0.17146146226401543,3.805843,-6.433542,1.2677742689857288,1.3707083291703166,0
0.22100699247502334,71.459801,18.575551,-0.5732227425828126,-0.7887489805758024,0
-0.4598961266348979,-60.851615,-115.921703,-1.2812985162630208,1.3707083291703166,0
2.951906604122078,47.256065,-28.24588,-1.4937212483670832,1.0827806878708341,0
0.3012197573840027,-80.782973,8.162068,-0.28999243311072936,1.6586359704697993,0
0.6710182914822798,3.80585,98.080367,-0.7856454746868751,-1.3646042631747675,0
-0.5387138596185013,24.180527,-16.283454,-0.21918485574270855,-0.7887489805758024,0
-1.3667094840027854,-64.835107,-143.799322,0.4180833405694788,1.6586359704697993,0
-1.1925423713153875,63.689188,-12.538304,0.9845439595136454,0.36296158462212774,0
2.2282276831763386,62.562721,11.040979,0.8429288047776038,0.7948530465713516,0
-0.2106389210113746,64.431721,-49.255975,-0.006762123638646077,-0.6447851599260612,0
-1.16577705449169,77.843248,-62.580596,-0.006762123638646077,1.2267445085205755,0
-1.444135124965423,27.917322,-154.914082,1.6926197331938535,0.7948530465713516,0
0.8414455523629955,-78.684435,-81.215803,1.4093894237217703,1.0827806878708341,0
-0.7874933962996435,-56.386414,-52.469686,-1.4937212483670832,-0.5008213392763199,0
1.4227071426749,27.682918,3.550865,-0.9980682067909376,-1.6525319044742501,0
0.4210103791268416,63.668847,-144.931979,-0.856453052054896,-1.2206404425250263,0
2.185160749507836,18.149796,100.590047,-0.7856454746868751,0.36296158462212774,0
4.603935034348155,20.3682,133.235643,-0.7148378973188543,0.2189977639723865,0
-0.4197975820215389,16.835002,147.588673,-0.5732227425828126,1.2267445085205755,0
1.782711235906097,-81.175922,-159.247381,1.126159114249687,-0.5008213392763199,0
-1.111792472309405,78.256864,-38.419794,-0.28999243311072936,-0.21289369797683735,0
0.7003798101424875,-27.280304,-155.355345,0.13485303109739558,1.3707083291703166,0
0.15196870921210953,66.097971,62.494224,1.6926197331938535,-1.3646042631747675,0
-0.9724520037550398,-85.006392,73.913413,1.196966691617708,-0.3568575186265786,0
0.787156311002509,51.117573,33.798796,1.2677742689857288,-0.9327128012255437,0
-0.41103978842653915,-48.570325,-5.82044,-0.5732227425828126,-0.06892987732709607,0
0.07008090598685202,-48.545758,-165.194342,0.9845439595136454,0.506925405271869,0
-0.6081768805339254,-16.033035,-70.121377,-1.3521060936310416,-0.3568575186265786,0
-0.748068809832006,-23.323933,-177.556884,-1.7061439804711458,-0.7887489805758024,0
-1.3207890208241373,-7.230847,-46.06708,-0.5024151652147918,-1.3646042631747675,0
-1.2531626105798976,17.325325,33.372615,1.126159114249687,-0.5008213392763199,0
1.017867172332631,2.207439,-127.741975,-0.36080001047875015,0.506925405271869,0
-0.08919443963449472,17.135414,-51.483669,-0.856453052054896,1.0827806878708341,0
-1.4354250929482806,69.800269,-61.1746,0.9845439595136454,0.36296158462212774,0
-0.3604565602416571,9.412398,-98.636964,-1.2812985162630208,-0.6447851599260612,0
-0.6330545273824488,21.933538,52.531136,0.7013136500415621,0.0750339433226452,0
0.013157801257115308,67.436818,140.636752,-0.21918485574270855,0.2189977639723865,0
-0.2610588585149379,84.765707,155.43932,-1.210490938895,0.36296158462212774,0
1.6285781667382797,61.473724,-163.283211,-1.4937212483670832,1.3707083291703166,0
0.3160981033701073,-84.906378,75.765331,1.126159114249687,-1.076676621875285,0
1.566425335726441,-37.645129,-140.299288,-1.7061439804711458,0.7948530465713516,0
0.2637797422506114,45.118894,-128.781214,0.34727576320145803,-1.076676621875285,0
-0.6265851714628797,55.911359,39.472257,-0.6440303199508335,-1.5085680838245088,0
-0.4885779331630959,77.21292,7.705809,-1.210490938895,-0.5008213392763199,0
-0.8981543141741737,-12.822649,-81.550622,0.7721212274095829,-1.2206404425250263,0
-0.11438659832471153,34.954415,-132.108725,1.6218121558258327,1.3707083291703166,0
-0.33925599979768456,-45.827655,-169.297401,0.48889091793749967,0.6508892259216102,0
-1.1509259194079389,86.924156,168.668178,0.9845439595136454,-0.9327128012255437,0
1.2535415471626814,32.2582,-137.774347,-0.7148378973188543,-1.3646042631747675,0
-0.47211272291364026,52.47706,-159.405932,0.13485303109739558,-0.5008213392763199,0
0.4321790899889326,-20.897395,-52.287996,-1.3521060936310416,1.3707083291703166,0
-1.1891878199328114,-58.735304,-104.707646,0.48889091793749967,-0.3568575186265786,0
2.507012391375888,-48.559685,-70.098057,1.551004578457812,-0.9327128012255437,0
0.685690083514919,-36.159495,-28.411578,1.2677742689857288,0.6508892259216102,0
-0.12706051472686192,-89.688549,-1.271713,0.6305060726735413,-0.21289369797683735,1
2.661080745199639,-69.021991,-88.923664,-1.3521060936310416,-1.076676621875285,0
-0.03556781963551676,89.839955,-135.186358,-0.21918485574270855,1.514672149820058,1
-0.06506728710824251,69.507879,-40.146038,-0.5732227425828126,0.6508892259216102,0
3.0112187009666274,-9.385382,110.798426,0.7013136500415621,1.6586359704697993,0
-0.9734824823342522,84.679164,98.053324,-0.5024151652147918,-1.076676621875285,0
-0.40003295298996167,12.960432,-68.488028,0.48889091793749967,0.36296158462212774,0
0.583894390834078,-73.732629,35.109566,-1.5645288257351042,-1.6525319044742501,0
2.3712144253694416,84.013992,-67.265043,0.34727576320145803,-0.7887489805758024,0
-0.3661785694488129,-67.906243,158.765375,-0.856453052054896,-1.5085680838245088,0
0.715270171800938,-7.648473,28.834547,-1.4229136709990624,0.36296158462212774,0
-0.9905060905289509,87.770929,-1.549739,-0.0775697010066669,-0.21289369797683735,0
0.7978265655118336,82.272796,-52.486236,-0.006762123638646077,-1.5085680838245088,0
0.783130244312606,80.85028,-59.409334,-1.2812985162630208,1.6586359704697993,0
-1.4091194094100061,77.700482,-76.408492,1.6218121558258327,-0.6447851599260612,0
0.9517747275694957,-21.900971,26.384599,0.7721212274095829,1.0827806878708341,0
-0.24074101833979256,-58.814437,-126.735203,1.4093894237217703,-1.2206404425250263,0
0.3039564955325109,74.911884,-179.158791,-0.5732227425828126,1.2267445085205755,0
-0.28780564062475444,-29.968977,-138.657155,-1.635336403103125,-0.21289369797683735,0
-1.0522723137263401,-6.582121,25.880886,0.13485303109739558,0.0750339433226452,0
-1.1540622459677294,37.550656,-90.250808,0.4180833405694788,1.6586359704697993,0
-0.9735717993672474,75.186706,121.613116,-0.0775697010066669,1.514672149820058,0
-0.2724514124813403,-76.603617,-95.850276,0.9845439595136454,-0.9327128012255437,0
-1.3606456289864097,-89.92176,-76.728403,-1.4229136709990624,-1.2206404425250263,0
0.6855847772610516,5.346034,-162.279796,-1.1396833615269792,-0.7887489805758024,0
-0.4347366756306985,65.816385,-138.880486,1.4801970010897911,-0.7887489805758024,0
-0.8038357508963873,44.666693,-162.89391,-1.5645288257351042,0.2189977639723865,0
-0.9152706294250899,-81.050658,94.447903,0.48889091793749967,1.6586359704697993,0
-1.0090571426735737,-73.491671,-91.603285,-0.28999243311072936,0.6508892259216102,0
-1.0732487852001062,20.997415,150.124688,-1.1396833615269792,-1.3646042631747675,0
-0.09555716542254565,-49.619631,-4.906253,-1.1396833615269792,1.6586359704697993,0
2.4140134728703893,64.297065,-124.435696,-1.2812985162630208,-0.06892987732709607,0
0.8084690108033479,81.522916,125.115131,1.3385818463537495,-1.6525319044742501,0
2.388168100375236,81.320277,168.994575,-0.431607587846771,-1.5085680838245088,0
0.9507286196509112,-80.033994,125.204884,0.4180833405694788,0.6508892259216102,0
-0.1423802118771378,-86.846471,-151.678375,0.2056606084654164,1.0827806878708341,0
0.30890260121839785,31.624773,-56.55291,0.4180833405694788,-0.3568575186265786,0
-0.6168310772955912,-21.327733,66.636483,-1.7061439804711458,0.9388168672210928,0
-0.3980251940922335,36.360309,74.282419,0.9137363821456246,-0.06892987732709607,0
-0.5578760091198874,88.757858,-76.562668,-0.5024151652147918,-1.5085680838245088,0
0.7182039410272598,-55.834396,-81.694905,-1.1396833615269792,0.36296158462212774,0
3.7024975877277835,27.556803,179.046909,0.2056606084654164,0.0750339433226452,0
-0.46476860062022907,-86.174019,-84.167015,-1.7061439804711458,-0.5008213392763199,0
1.8021798104966227,-36.0214,-1.822889,-0.6440303199508335,0.0750339433226452,0
1.8314088512871658,-88.30073,90.832528,-1.210490938895,0.506925405271869,0
2.8658431349811444,67.081158,96.887289,1.4801970010897911,1.0827806878708341,0
-0.8103754951358739,-63.332196,179.447173,1.6218121558258327,0.7948530465713516,0
0.34986593248346526,-78.867171,-176.824456,-0.006762123638646077,-1.6525319044742501,0
-0.4594764337238313,39.679823,-52.026631,-0.006762123638646077,0.9388168672210928,0
-0.78452070898689,73.305244,-168.715078,0.6305060726735413,-0.21289369797683735,0
0.98067555578893,-7.989403,-29.056557,0.7721212274095829,1.2267445085205755,0
0.8764948735343578,0.9216,19.714301,0.13485303109739558,-1.5085680838245088,1
0.6837845814284272,41.421843,27.844756,-0.9980682067909376,-0.5008213392763199,0
-1.2150753997765222,-88.662228,-171.973268,-1.7061439804711458,0.6508892259216102,1
0.8320727889565785,-70.291978,161.615128,0.48889091793749967,1.2267445085205755,0
-0.34905168322222385,-36.719596,-169.212455,-0.28999243311072936,1.514672149820058,0
1.0004795849402017,-22.040736,49.857003,1.196966691617708,-0.9327128012255437,0
0.11199962825752385,4.588819,-50.234979,-0.5732227425828126,-0.9327128012255437,0
1.7205249309300237,35.746044,-20.325693,1.6926197331938535,1.514672149820058,0
0.9186108320724622,-82.039785,-135.691699,-1.1396833615269792,1.514672149820058,0
-0.362972864856434,-31.447819,0.950775,-0.14837727837468773,-1.2206404425250263,0
-1.3853558526649281,56.430717,-3.00567,-0.21918485574270855,0.6508892259216102,0
-0.8150225768354308,37.115759,-60.939612,0.4180833405694788,-0.7887489805758024,0
-0.5119122684140257,16.83694,37.38206,0.7721212274095829,0.0750339433226452,0
-0.9643816540240752,68.97357,-38.053574,1.2677742689857288,0.6508892259216102,1
0.9335712824813738,-38.157809,-46.02162,1.6926197331938535,0.506925405271869,1
-1.0711564721956555,83.748535,-28.936025,1.6218121558258327,0.0750339433226452,0
-0.4328320731631691,-64.922369,-155.021445,0.4180833405694788,0.9388168672210928,0
-0.6713083573760142,24.52023,-124.91665,-0.5024151652147918,1.3707083291703166,0
0.4442784657907968,4.261371,-113.61877,0.2056606084654164,-1.076676621875285,0
0.7581594745278349,-26.058126,102.78151,-0.6440303199508335,-1.5085680838245088,0
-0.7540357221185283,26.761711,137.746596,1.551004578457812,-0.6447851599260612,0
-0.10486940741132837,27.543279,-25.869155,0.34727576320145803,-0.06892987732709607,0
0.31635909472021445,78.899909,-160.384067,0.9845439595136454,1.0827806878708341,0
-0.10617851245808405,46.796965,91.18663,-0.6440303199508335,0.36296158462212774,1
0.6063034461290399,81.450192,171.931856,-0.14837727837468773,1.2267445085205755,0
-0.8116281955926707,36.97656,2.485344,-1.4937212483670832,0.9388168672210928,0
-0.9810017499908361,-9.45436,-25.5927,0.48889091793749967,-1.6525319044742501,0
-0.21540884274494493,40.240805,173.005688,0.06404545372937474,0.2189977639723865,0
0.22102825849396346,2.50665,162.136118,-0.9272606294229168,0.7948530465713516,0
0.04357983032759458,-7.095066,62.280555,1.551004578457812,-0.7887489805758024,0
1.0425819244103334,-2.642288,-130.424585,-0.21918485574270855,0.6508892259216102,0
0.7878898461355173,-65.196715,-62.493027,-0.6440303199508335,1.3707083291703166,0
0.5434329564261282,87.008433,107.548092,1.4801970010897911,0.0750339433226452,0
0.002838990603343305,31.041609,-179.015748,0.13485303109739558,1.514672149820058,0
0.5699293323610505,-65.15452,-83.891394,-0.0775697010066669,-0.3568575186265786,0
0.21381580589867108,-5.97043,-82.554404,-0.14837727837468773,-0.6447851599260612,0
1.2873935678282717,61.1324,21.462828,0.9137363821456246,-0.21289369797683735,0
0.3646302817628889,-80.508101,-102.231592,0.06404545372937474,-1.5085680838245088,0
-0.19868744002850935,-66.578582,-24.211104,0.2056606084654164,1.6586359704697993,0
-0.011180871782941379,80.011397,3.252389,-1.4229136709990624,-0.6447851599260612,0
-0.917597198374489,-33.713018,-16.605884,1.2677742689857288,0.506925405271869,0
-0.1490718260826434,-82.196918,-168.399431,0.34727576320145803,1.514672149820058,0
-0.15858033106411723,-52.063386,-38.089558,0.8429288047776038,0.36296158462212774,0
1.4025416263353156,35.719236,95.723152,-0.28999243311072936,-0.9327128012255437,0
-0.975759586049246,-18.464892,63.003007,-1.1396833615269792,0.2189977639723865,0
-0.2096249436604856,-86.983411,45.691378,-1.1396833615269792,1.0827806878708341,0
-0.4571812440571945,-25.100231,-1.189285,-0.9980682067909376,-0.21289369797683735,0
1.308917113224004,-69.52505,-47.299869,0.9845439595136454,1.514672149820058,0
-0.27236847385126917,-63.785101,-8.705283,0.48889091793749967,1.0827806878708341,0
-0.3028288301854678,-33.261795,130.931473,0.4180833405694788,-1.3646042631747675,0
-0.05733965546452926,-27.140314,-85.543826,1.4801970010897911,0.506925405271869,0
-0.7644757031298219,-84.087846,161.708569,1.126159114249687,1.6586359704697993,0
0.30768463588434675,-41.363535,-41.3021,-0.28999243311072936,1.514672149820058,0
-0.4831632410719796,45.977167,113.04794,0.8429288047776038,1.6586359704697993,0
0.4411297643346777,74.096949,-93.987878,-0.9980682067909376,0.36296158462212774,0
0.3467540896544673,75.153895,158.246547,-1.7061439804711458,-1.2206404425250263,0
-0.8865505694387024,-59.081554,126.116141,-0.21918485574270855,1.514672149820058,0
0.32307183926902217,9.807402,138.240718,0.13485303109739558,-1.6525319044742501,0
-0.21161199666082015,5.380346,4.576603,-0.9980682067909376,-0.9327128012255437,0
0.8209955361223276,-18.27876,17.704533,-1.5645288257351042,1.514672149820058,0
-1.0201175411500851,85.535602,-151.635777,1.2677742689857288,1.514672149820058,0
-0.35119400225023456,-73.584984,159.134453,-1.4937212483670832,0.506925405271869,0
0.38611799378143974,44.326749,-86.746334,-0.5024151652147918,1.3707083291703166,0
-0.65108163285449,3.790039,141.524449,-1.3521060936310416,-0.9327128012255437,0
-0.03360274018763306,9.576029,141.062761,0.5596984953055205,-1.3646042631747675,0
-0.37207215404340566,-29.232361,96.824926,1.6926197331938535,0.2189977639723865,0
0.4136876068045765,-25.963081,49.479894,-1.635336403103125,0.6508892259216102,0
-0.20820176641605617,14.998486,-103.882133,1.196966691617708,-1.5085680838245088,0
0.21736006440055824,77.331162,-140.392833,-1.7061439804711458,-1.3646042631747675,0
1.390137862412878,85.890173,133.605837,1.2677742689857288,-0.21289369797683735,0
1.26944424583219,40.079467,-65.952723,0.4180833405694788,-1.6525319044742501,0
0.08111872420790886,65.458876,144.596677,-1.4229136709990624,0.7948530465713516,0
0.20006240304276623,63.181036,-6.737845,-1.2812985162630208,0.506925405271869,0
0.7829914184926673,80.556793,-101.28931,-1.5645288257351042,-0.6447851599260612,0
0.4311428264093845,85.746078,114.762104,-1.0688757841589585,-0.6447851599260612,0
-0.3784245043177769,-48.572752,164.206105,-0.21918485574270855,-0.9327128012255437,0
0.21637970762185163,-14.322273,-64.309733,-1.0688757841589585,0.506925405271869,0
-0.5500955861282848,22.041355,155.974536,-1.4937212483670832,0.6508892259216102,0
0.5798355068161716,82.75798,64.751992,0.7721212274095829,-1.076676621875285,0
0.15281481527368523,-77.389949,-77.790062,-0.0775697010066669,-0.21289369797683735,0
-0.7889124303614268,-12.762934,92.029081,1.6926197331938535,-1.6525319044742501,0
2.8804544111335573,-73.323684,-16.534068,0.48889091793749967,-1.6525319044742501,0
-0.9004802980747418,66.096942,89.694005,-0.6440303199508335,-1.2206404425250263,0
0.41406410112307807,-32.310351,-39.440769,-0.36080001047875015,-0.6447851599260612,0
1.277722613576746,-44.625491,3.305111,-0.5024151652147918,0.9388168672210928,0
1.2196697327147927,-73.60606,-154.327769,-1.4937212483670832,1.6586359704697993,1
1.3515041606470768,-44.153925,23.020686,-1.2812985162630208,1.514672149820058,1
3.744588867059157,-23.972334,-116.014724,-0.36080001047875015,1.514672149820058,0
-0.6523838542227834,-79.028738,-22.932939,-0.856453052054896,1.0827806878708341,0
-0.9441223068635104,13.473227,-76.438078,-0.5732227425828126,0.2189977639723865,0
-1.0335366181307046,-45.146203,115.877205,0.5596984953055205,0.506925405271869,0
-0.35207679985773166,67.200252,171.803083,0.06404545372937474,0.36296158462212774,0
1.840780087703174,6.530077,108.919798,1.2677742689857288,1.0827806878708341,0
-0.3838992309508499,38.787422,-32.075096,1.6926197331938535,1.514672149820058,0
0.8182129808686572,15.745128,2.437839,1.4801970010897911,-1.6525319044742501,0
0.9178044885556416,15.322454,-67.755083,-0.14837727837468773,-0.21289369797683735,0
-0.16727564282639848,68.980391,-162.883924,0.7013136500415621,1.2267445085205755,0
0.2995895853789542,-21.362269,153.84924,-0.28999243311072936,1.514672149820058,0
0.10315859757738484,7.117736,4.996473,0.48889091793749967,1.3707083291703166,0
0.06357993543246682,-68.440718,-62.028846,-1.635336403103125,-1.5085680838245088,0
-0.09970648829119726,13.025355,167.937851,0.5596984953055205,0.7948530465713516,1
-0.23164872472242978,31.716836,179.268294,-0.856453052054896,1.6586359704697993,0
0.6821671052952222,-89.790049,-79.855892,-1.2812985162630208,-0.06892987732709607,0
-0.7480143475205193,-84.581476,129.69661,0.2764681858334372,-1.5085680838245088,0
-0.5741627809143408,-49.262041,112.970396,-1.635336403103125,1.0827806878708341,0
-0.8075892258151582,54.186609,130.710506,-1.0688757841589585,1.2267445085205755,0
-1.2189108692284223,36.583207,79.434687,1.4801970010897911,0.9388168672210928,0
0.16302688745578636,-60.089629,117.932784,-1.635336403103125,1.2267445085205755,0
1.360819864707496,68.359099,10.973664,0.9845439595136454,1.6586359704697993,1
-0.36889821094373015,80.809367,-75.973309,0.48889091793749967,0.7948530465713516,0
0.3819586833168083,81.350829,-97.706381,-1.2812985162630208,0.7948530465713516,1
0.2178423717128893,66.962976,-99.154683,-0.7856454746868751,-0.06892987732709607,0
-0.379202770990651,-27.531425,-45.29115,-1.210490938895,-1.2206404425250263,0
0.6460841582207393,9.652564,149.024309,-0.7856454746868751,1.3707083291703166,0
-0.2584002521952256,84.840411,-95.036662,1.126159114249687,-1.076676621875285,0
0.09813956504550402,-57.362436,57.630871,-0.9980682067909376,1.2267445085205755,0
-0.5977226319263498,-61.667373,56.023378,1.6926197331938535,-1.6525319044742501,0
1.2133090500896448,27.320996,-40.150131,1.3385818463537495,1.0827806878708341,0
-0.4104707549073269,-24.109122,-148.9246,-1.4937212483670832,-0.21289369797683735,0
-0.7492376065643755,40.995331,-91.113135,1.551004578457812,-0.9327128012255437,0
0.12386794085199004,-23.909492,123.08606,-0.5732227425828126,1.6586359704697993,0
0.35022206118091564,-49.553818,179.441567,-0.21918485574270855,0.0750339433226452,0
-0.14136329331014194,-64.953307,-173.490624,-0.9980682067909376,1.6586359704697993,0
-0.2423582014865319,-60.546471,-160.754416,-0.9980682067909376,1.6586359704697993,0
0.08278893360540525,-12.002027,-115.413668,0.5596984953055205,-1.6525319044742501,0
0.15049987599212558,25.73399,159.120113,1.126159114249687,0.36296158462212774,0
-0.3946448538301962,-11.957553,-121.175776,-0.6440303199508335,-1.6525319044742501,0
0.15424304385701137,32.444378,-111.972052,-1.3521060936310416,-1.5085680838245088,0
-0.8363828504938133,-72.601574,6.548892,-1.4937212483670832,-0.5008213392763199,0
-0.6306103188184358,-83.636665,-2.796005,-0.9980682067909376,1.0827806878708341,0
-0.1551746284819844,-82.987613,-44.433057,0.9845439595136454,0.2189977639723865,0
0.945040405057463,54.057687,115.429431,0.6305060726735413,0.506925405271869,0
0.8958879314381176,-89.838796,-60.495859,0.5596984953055205,-0.5008213392763199,0
1.830947633725981,28.838976,157.983089,0.13485303109739558,-1.2206404425250263,0
-0.05555669034888098,-43.278468,79.147656,-1.1396833615269792,-0.5008213392763199,0
-1.4702660270214867,-36.907158,-102.851083,0.4180833405694788,0.9388168672210928,0
-0.07122312803733753,-62.793331,83.693665,-0.6440303199508335,0.506925405271869,0
0.10968148232026628,-36.388979,47.574795,0.34727576320145803,-0.7887489805758024,0
0.4227188166032629,43.248405,-110.179972,-0.7148378973188543,0.36296158462212774,1
-0.024198829013803106,-10.227723,-21.19824,-0.6440303199508335,0.0750339433226452,0
-0.2997370020243308,33.517137,-81.292033,0.2764681858334372,0.0750339433226452,0
2.157684175385337,-13.904866,40.107642,0.5596984953055205,1.0827806878708341,0
-1.1430725485568132,67.0306,153.234782,-1.1396833615269792,1.6586359704697993,0
0.6566463147997493,-23.854938,73.225649,1.126159114249687,-0.9327128012255437,0
-0.7774494033870606,-80.829029,9.170444,-0.9980682067909376,0.506925405271869,0
-0.022544638025639736,-53.505366,-79.738022,-1.0688757841589585,-1.076676621875285,0
0.7114523682391214,55.749289,-140.517057,-0.5732227425828126,0.506925405271869,0
1.7509080706515832,56.945439,19.586391,1.0553515368816662,0.506925405271869,0
-0.05903807082058583,-15.126092,-24.165664,-1.210490938895,1.3707083291703166,0
-1.0681373328308545,-18.530262,-178.307763,1.6926197331938535,0.2189977639723865,0
0.1425036727216896,63.861699,-132.275622,-1.4229136709990624,-0.06892987732709607,1
-1.2296870840607357,68.234285,-113.371196,-0.0775697010066669,-1.5085680838245088,0
-0.010695960727731135,73.020091,97.132319,-1.1396833615269792,-0.5008213392763199,0
-1.2874114523331668,-7.007164,-171.710149,-0.0775697010066669,1.0827806878708341,0
0.18038186284478244,-48.816417,-66.951887,-0.856453052054896,1.6586359704697993,0
0.10282409468263294,40.234803,82.483692,-0.431607587846771,1.3707083291703166,1
-0.949600589181904,-69.429714,117.003831,1.4093894237217703,1.0827806878708341,0
0.15206175348075118,-81.970204,106.986529,1.4801970010897911,1.2267445085205755,0
0.4644165429675008,-49.038152,92.521654,0.4180833405694788,0.36296158462212774,0
1.297885985767282,-63.385757,61.150396,-1.7061439804711458,-0.3568575186265786,0
1.259369678772597,41.616868,58.737952,0.48889091793749967,-1.2206404425250263,0
-0.3051131992914285,-17.766045,-160.635826,-0.6440303199508335,1.2267445085205755,0
-0.4657726153936685,31.385057,15.848261,1.196966691617708,-1.2206404425250263,0
-0.6032700888528792,30.741321,113.655677,0.7721212274095829,-0.9327128012255437,0
0.311705631393342,-81.079652,-5.296753,1.4093894237217703,-1.076676621875285,0
0.27784888866305424,83.927809,38.576269,-1.210490938895,-0.7887489805758024,0
-0.12153967542778599,-32.209205,49.480801,-0.0775697010066669,-1.3646042631747675,0
2.1341405185021594,8.263483,139.423827,-0.006762123638646077,0.9388168672210928,0
-0.16428273048654704,-18.017856,-112.189338,0.13485303109739558,-1.2206404425250263,0
0.5571064531512722,-83.072999,-169.305134,0.4180833405694788,-0.3568575186265786,0
0.6668506359711958,45.189259,179.769558,1.551004578457812,1.3707083291703166,0
-0.8001007123903775,16.115396,-125.464222,-0.7856454746868751,-0.9327128012255437,0
-0.5732655285567015,48.576403,-113.910305,1.2677742689857288,-1.2206404425250263,0
-1.0263678622948444,-62.783448,169.172992,1.4801970010897911,-0.5008213392763199,0
0.6204702195138301,-20.914728,11.382593,1.126159114249687,-1.2206404425250263,0
0.5425791081227792,-78.553686,-74.011831,-1.0688757841589585,-0.06892987732709607,0
0.942776901711458,17.304206,-36.747536,0.4180833405694788,0.0750339433226452,0
0.7911053460088019,-85.956483,-131.634922,-0.5024151652147918,-0.21289369797683735,0
-1.5136216786648524,-86.49862,89.738321,-1.5645288257351042,-0.06892987732709607,0
-1.2009316304221236,-19.770918,64.794414,-0.5024151652147918,1.6586359704697993,0
0.610028111632996,-29.149257,-160.663223,1.126159114249687,1.0827806878708341,0
-0.8612820363912954,-13.805593,-125.3608,0.2764681858334372,-1.6525319044742501,0
0.8525508487482523,-19.402559,-139.857314,0.48889091793749967,1.3707083291703166,0
-0.8396573232477962,77.786782,-149.844668,-0.006762123638646077,0.2189977639723865,0
1.9915408926290015,-24.662375,120.22258,-0.006762123638646077,1.514672149820058,1
-0.9233117276751907,-55.491609,-29.549844,-0.856453052054896,-0.6447851599260612,0
-0.4118594136822006,-17.987749,44.255863,-0.9980682067909376,1.514672149820058,1
0.6345672212707969,-37.801341,32.834784,-0.14837727837468773,1.2267445085205755,0
-0.42001929962504597,32.798375,42.574433,0.2764681858334372,-1.2206404425250263,0
0.5712315322160261,-24.305796,142.208923,0.5596984953055205,0.6508892259216102,0
-1.1247230099669312,1.497962,171.618314,0.8429288047776038,-0.6447851599260612,0
2.63950017219797,-59.23127,77.684833,1.4801970010897911,0.6508892259216102,0
0.13085004615890514,16.157045,-12.608229,1.0553515368816662,1.514672149820058,0
-0.09572261513782683,-52.654627,50.574479,0.06404545372937474,-0.5008213392763199,0
-1.0098762716838412,30.491419,-10.527903,1.551004578457812,0.2189977639723865,0
2.600890901304615,-43.218398,-106.562302,1.2677742689857288,1.0827806878708341,0
-1.4087281358869301,65.997821,176.321766,1.6926197331938535,-1.2206404425250263,0
-1.460270422330342,-75.300839,-154.71368,1.196966691617708,-1.3646042631747675,0
0.5441475028252085,28.235761,36.49159,1.6218121558258327,0.0750339433226452,0
-0.7023486538712367,-86.128241,-129.583684,-0.6440303199508335,-0.9327128012255437,0
-0.9721362596167783,30.87923,-31.280795,-0.7856454746868751,0.7948530465713516,0
-0.43572298269186044,16.814671,108.303786,0.13485303109739558,0.9388168672210928,0
1.5732078864439223,39.595525,-51.655084,-0.21918485574270855,-1.076676621875285,0
0.4790056646676173,-86.682836,136.022422,1.6218121558258327,-1.5085680838245088,0
-1.4220465309908912,-15.987987,157.593221,0.2056606084654164,1.2267445085205755,0
1.0159933675812476,24.092076,-30.020322,0.8429288047776038,1.3707083291703166,0
0.7394479431923054,51.348064,98.548812,-1.5645288257351042,-1.3646042631747675,0
2.091298700731642,-44.79887,117.183165,0.06404545372937474,-0.21289369797683735,0
-0.38869672417000184,-24.121044,-106.733789,-1.7061439804711458,-1.5085680838245088,0
-0.8499653405896335,86.218089,-8.19822,1.196966691617708,0.506925405271869,0
-1.5388782458676722,10.97874,-91.331012,0.9845439595136454,1.2267445085205755,0
-0.6568966499951857,10.950437,81.2664,1.4801970010897911,-0.21289369797683735,0
0.2191653752168974,44.854746,-17.598249,-0.9272606294229168,1.2267445085205755,0
3.7739709936876236,-39.493083,-71.180386,-0.0775697010066669,-1.5085680838245088,0
0.3235348322447953,-51.600863,-174.153156,-0.431607587846771,0.36296158462212774,0
-0.1169928125989928,-6.148594,3.548014,1.6926197331938535,1.0827806878708341,0
0.3794660693530474,15.888869,92.367663,-0.7856454746868751,0.7948530465713516,0
-1.2884428228211005,88.959209,157.906023,0.7013136500415621,-1.6525319044742501,0
-0.7580313114008224,-11.058202,-84.084955,0.48889091793749967,1.3707083291703166,0
0.33932142062356874,-1.323767,0.434857,1.4093894237217703,-1.3646042631747675,0
0.14343580914487253,-48.840194,-78.430579,0.7721212274095829,0.0750339433226452,0
1.4620982802861722,-87.824816,-109.241083,-1.1396833615269792,-1.3646042631747675,0
-0.07774328150861494,41.620412,-96.765136,-0.28999243311072936,-0.21289369797683735,1
0.1415409062140431,73.293988,28.283819,1.126159114249687,-0.9327128012255437,0
0.08995104124249828,34.597831,13.689982,-1.1396833615269792,1.0827806878708341,0
-0.6021357408861754,20.049283,-61.280857,0.9137363821456246,0.7948530465713516,0
0.608259670159041,39.089682,-44.171188,0.5596984953055205,1.6586359704697993,0
-0.9252996866938031,62.190553,-50.640668,-0.5732227425828126,1.514672149820058,0
-1.418563710797791,-14.205232,80.350968,0.06404545372937474,-1.2206404425250263,0
-0.6757938330567749,50.923321,-161.26739,-1.635336403103125,-1.076676621875285,0
1.375175809518431,-88.704977,165.50777,0.2764681858334372,-0.7887489805758024,0
2.7700997663250817,-10.76564,-95.083835,-0.9272606294229168,-1.2206404425250263,0
1.2092650563071001,35.877363,5.703913,-1.4937212483670832,1.514672149820058,0
-1.1760781400556073,-53.723894,152.758587,0.2764681858334372,0.9388168672210928,0
1.9685346912816544,48.658298,24.624027,1.4093894237217703,0.9388168672210928,0
-0.22406934077238647,14.973811,-54.824673,-0.006762123638646077,-1.076676621875285,0
0.9266785712309107,33.230579,-36.005173,-0.36080001047875015,-0.21289369797683735,0
-0.8982961017253766,70.095439,44.314228,0.4180833405694788,0.6508892259216102,0
0.9683660490814366,-2.204666,153.65018,1.3385818463537495,-1.6525319044742501,0
1.4483148812105568,61.573261,176.666669,-1.1396833615269792,1.6586359704697993,0
-1.0590651711115309,68.146295,-85.392414,0.5596984953055205,0.6508892259216102,0
0.2859541233022037,-7.468224,-42.115565,-1.635336403103125,1.6586359704697993,0
1.7278908755396494,-67.598617,-25.249511,0.9137363821456246,-1.076676621875285,0
-1.2832798419211997,-6.203201,-14.143416,1.0553515368816662,0.506925405271869,0
1.0865365929951512,13.718105,-12.733718,-0.9980682067909376,-1.3646042631747675,0
-0.2471257482240683,-35.039464,124.779324,1.551004578457812,-1.5085680838245088,0
0.9052561689517835,-67.079986,141.8132,0.48889091793749967,0.6508892259216102,0
0.10816066751539533,51.644329,-23.713727,-1.0688757841589585,0.6508892259216102,0
0.5925683185132651,-21.072742,-126.226222,1.0553515368816662,-0.6447851599260612,0
-0.8205712623376017,-8.815285,-26.342914,-0.431607587846771,0.0750339433226452,0
-0.8960957791914508,-89.419825,84.354004,1.6926197331938535,-0.21289369797683735,0
0.4673767740520123,-37.733272,-55.489169,0.2056606084654164,-1.076676621875285,0
2.0405593684452743,21.130677,102.759333,0.9137363821456246,0.0750339433226452,0
-1.0737831912282885,6.371257,-104.065558,-1.635336403103125,-0.7887489805758024,0
-0.5777178357957405,-57.1657,-68.884307,-0.856453052054896,0.6508892259216102,0
-0.5445238570544458,-43.957542,-169.691176,0.4180833405694788,0.7948530465713516,0
0.5266196064856312,-3.241666,-123.041986,1.6926197331938535,0.0750339433226452,1
0.6141123402329842,13.976063,46.96879,0.9137363821456246,1.3707083291703166,0
-0.4683107076967799,0.849867,122.6552,0.5596984953055205,-1.6525319044742501,0
0.08417280929098665,-6.931105,-58.556772,1.6926197331938535,0.6508892259216102,0
-1.3431682168651982,62.804324,-162.233243,-1.7061439804711458,1.2267445085205755,0
-1.3858848353267583,37.368365,155.682522,-1.7061439804711458,1.6586359704697993,0
-1.0805580965662593,71.025511,-2.993611,1.6926197331938535,0.0750339433226452,0
-1.1530916320015525,60.937742,124.6316,0.7013136500415621,1.2267445085205755,0
-0.634737855484149,42.011956,6.27072,-1.2812985162630208,0.6508892259216102,0
-1.0080458255793123,30.340677,-146.295495,1.4093894237217703,-0.06892987732709607,0
-0.8806330450865242,-48.005599,133.945295,0.06404545372937474,0.7948530465713516,0
-0.43531409378346125,69.040552,66.427057,-0.431607587846771,-0.7887489805758024,1
0.4148436600571999,49.215202,157.866687,1.6218121558258327,-0.21289369797683735,0
-0.3027479654356976,4.616713,-134.61015,0.8429288047776038,-0.21289369797683735,0
-0.06266237252450553,-48.691769,-109.304182,-1.4229136709990624,-0.9327128012255437,0
-0.4968705565673888,-33.17509,5.590656,-1.210490938895,1.514672149820058,0
-0.038773765424388006,14.754401,-139.30264,0.4180833405694788,1.2267445085205755,0
-0.826947461243265,-74.559091,-144.959693,-1.210490938895,0.0750339433226452,0
-0.511759129000852,78.140212,126.387616,-0.856453052054896,0.2189977639723865,0
-0.4899860431720984,-23.492034,-171.001395,-1.3521060936310416,0.506925405271869,0
1.114593769069774,-5.659967,67.820484,-1.5645288257351042,-0.06892987732709607,0
0.22771378545517998,76.293556,-72.488314,-0.6440303199508335,0.6508892259216102,0
-0.4876044782284032,31.454217,-113.067118,0.2764681858334372,-0.21289369797683735,0
-1.3215420037250123,-87.57465,-95.729975,-1.4229136709990624,0.7948530465713516,0
0.5067880532004468,8.991189,-102.64727,-0.5024151652147918,0.6508892259216102,0
0.6147649161618082,-76.81609,176.953907,0.4180833405694788,0.506925405271869,0
-1.2740704142414643,-87.865939,-152.029421,0.13485303109739558,1.0827806878708341,0
-0.05198619131276583,18.213815,16.45739,-0.6440303199508335,0.0750339433226452,0
0.4775168320782994,62.201356,39.749634,1.4801970010897911,1.3707083291703166,0
0.004818273698003903,23.28221,65.543834,-0.856453052054896,-1.6525319044742501,0
0.7948463727230136,-85.588257,157.651072,1.551004578457812,-0.6447851599260612,0
-0.0816931864509755,-59.065749,145.077066,0.48889091793749967,-0.06892987732709607,0
2.0040862593729667,-41.147339,93.467524,-0.6440303199508335,0.0750339433226452,0
-1.3959456382295103,39.026593,102.462674,0.2056606084654164,-1.6525319044742501,0
0.9152738642514469,63.400617,138.083602,-1.4229136709990624,0.36296158462212774,0
-0.1246357552200646,-73.731117,-80.573569,0.34727576320145803,-1.5085680838245088,0
0.0177721537280699,50.887982,-112.977627,-1.0688757841589585,0.7948530465713516,0
0.6554651360948905,87.311808,-80.756605,-1.1396833615269792,0.0750339433226452,0
-0.5530550996518764,-64.82703,-143.55395,-1.1396833615269792,-1.2206404425250263,0
0.8538898834332563,6.855335,18.48044,1.4093894237217703,1.3707083291703166,0
-0.10413875105433147,-61.207659,-167.513325,-1.0688757841589585,-0.3568575186265786,0
0.20992761294788073,37.226132,-60.245328,-1.5645288257351042,0.0750339433226452,0
-0.018509054987204468,-14.465863,118.822313,0.2056606084654164,-1.3646042631747675,0
-0.1545611596027531,-36.503997,-27.869087,-0.856453052054896,-1.2206404425250263,0
-1.0721629630710605,50.280868,-136.494499,-0.28999243311072936,-1.3646042631747675,0
0.09820431430167333,-14.019062,175.102129,-0.9980682067909376,-0.7887489805758024,1
-0.5657496300670875,-43.766666,-121.044466,0.2764681858334372,-0.9327128012255437,0
-0.8212929657462456,-13.960644,73.325758,-0.7148378973188543,1.3707083291703166,0
-0.3291841799612815,-85.332616,-8.927372,0.6305060726735413,1.514672149820058,0
2.859854346271357,22.324582,91.227739,-0.7148378973188543,-1.2206404425250263,0
-1.3930150688858933,-1.592145,26.58436,1.0553515368816662,0.506925405271869,0
0.5411442679700258,58.676484,-162.801864,-1.5645288257351042,0.6508892259216102,0
-0.17237282491040504,11.245564,-134.72358,0.34727576320145803,0.6508892259216102,0
-0.614307949060885,7.853318,-12.363836,0.06404545372937474,-0.06892987732709607,0
-1.3606553981319387,76.397927,115.803739,0.2056606084654164,1.2267445085205755,0
-0.13501019300257985,35.079461,97.283315,-1.5645288257351042,0.36296158462212774,0
-0.8791621601811995,-60.606998,51.9336,-0.0775697010066669,-1.5085680838245088,0
-0.25809330627682886,69.539691,-123.451012,0.2056606084654164,1.0827806878708341,0
0.33852432172634456,55.357711,-82.469831,-1.210490938895,1.6586359704697993,0
-0.6054181087219559,42.902772,163.920186,-0.431607587846771,1.514672149820058,0
-0.2838886965851758,26.696276,-102.835508,-1.0688757841589585,-0.9327128012255437,0
0.36725053973536015,21.431588,153.157761,-1.210490938895,0.0750339433226452,0
2.737020300652342,-40.371805,-175.566459,0.06404545372937474,0.6508892259216102,0
-0.550153461480155,43.963589,134.614201,1.6926197331938535,-1.6525319044742501,0
-0.6972541809149478,-43.597093,102.562238,-1.1396833615269792,1.514672149820058,1
-0.08012441554047425,41.499371,-127.515654,0.2056606084654164,1.3707083291703166,0
0.24260147815340255,-70.756857,-21.192892,0.7721212274095829,0.506925405271869,0
0.3619292818449971,75.72467,145.651565,0.13485303109739558,-1.076676621875285,0
-0.5985460522755908,-4.864361,106.475941,-1.1396833615269792,0.36296158462212774,0
-0.03991619772606159,-9.908653,178.875765,1.6218121558258327,-0.7887489805758024,0
1.4813617940352248,-38.917981,-67.531343,0.5596984953055205,-0.3568575186265786,0
1.395457012311933,40.848201,165.226467,-1.0688757841589585,0.506925405271869,0
-0.752827872952468,-53.557918,-54.023504,-0.9980682067909376,-1.3646042631747675,0
0.9098760412530563,-25.887483,51.899713,0.9137363821456246,-1.076676621875285,0
-1.3226584761951277,79.915027,-59.41119,1.3385818463537495,-0.6447851599260612,0
-0.3357369058783115,-6.210437,136.956785,-1.210490938895,-1.2206404425250263,0
-1.009009449616047,19.200896,51.230588,0.13485303109739558,1.514672149820058,0
0.9797719975448155,-34.440145,-142.054118,0.34727576320145803,-0.06892987732709607,0
-1.2089917264165047,4.389084,-8.743907,-0.6440303199508335,0.9388168672210928,0
0.048584924267009076,41.624295,74.467015,0.13485303109739558,-0.06892987732709607,0
0.3453405036073618,-19.95399,11.501145,0.9845439595136454,0.0750339433226452,0
-1.421036995516303,-14.184363,-53.181172,1.0553515368816662,-1.3646042631747675,0
-1.462615905081425,-53.687168,100.810852,-1.4229136709990624,-0.5008213392763199,0
-1.4762690899859712,-29.851551,123.718323,-0.856453052054896,-1.5085680838245088,0
-0.7657612167124535,77.996778,67.370248,-1.2812985162630208,1.0827806878708341,0
-1.1122627848485003,-9.100637,-55.435024,1.551004578457812,-1.5085680838245088,0
-0.7161229728621988,3.568738,147.964063,0.13485303109739558,0.506925405271869,0
-0.007847292789996976,57.892013,-4.615574,1.3385818463537495,1.0827806878708341,0
1.0446188894228163,-57.694178,-74.918644,1.6218121558258327,-1.2206404425250263,0
-1.1799562542187403,23.894806,47.605641,0.5596984953055205,-0.21289369797683735,0
-1.2482387350096555,66.08063,-73.333126,1.4093894237217703,0.506925405271869,0
2.382590779146484,-19.550163,164.730034,-1.2812985162630208,0.6508892259216102,0
1.4969305481452102,-22.738443,-56.738144,0.6305060726735413,-0.9327128012255437,0
-0.7326194850748586,-14.966295,20.039953,1.196966691617708,1.2267445085205755,0
-0.11974842801147884,61.899706,82.483712,-0.5732227425828126,0.6508892259216102,0
3.7720770994347497,-4.281163,10.630149,0.5596984953055205,-1.3646042631747675,0
-0.8128789662469907,7.266954,117.552922,0.5596984953055205,0.9388168672210928,0
-0.35026703223591166,-23.73797,90.692035,0.34727576320145803,1.3707083291703166,0
-0.4352799965641688,-85.662347,116.934926,-1.210490938895,-1.3646042631747675,0
-0.8288435291652166,38.829152,8.701144,-0.28999243311072936,-0.06892987732709607,0
-0.3558189994438777,83.517554,-143.224032,1.6926197331938535,-1.5085680838245088,0
-0.4447171438393506,-64.268581,-124.45674,-0.9272606294229168,0.9388168672210928,1
-1.4058809610016754,-80.313298,76.419493,-0.36080001047875015,-0.9327128012255437,0
-0.45566353121034475,34.933342,-177.200078,0.6305060726735413,-1.5085680838245088,0
-0.3936447289656122,-25.4641,-145.998817,-0.431607587846771,0.9388168672210928,0
-0.3583618825168697,18.458987,165.867882,-1.635336403103125,1.2267445085205755,0
-1.466653971271216,68.356257,-173.326482,-0.431607587846771,-0.06892987732709607,1
0.5793730024991384,61.492098,-125.73931,0.7013136500415621,0.9388168672210928,0
-0.9516551281351306,-56.805231,25.30971,-0.28999243311072936,1.6586359704697993,0
-0.8823333416548537,65.539558,-160.11745,0.6305060726735413,-0.5008213392763199,0
1.9928422168770856,-65.066947,-78.560881,-0.6440303199508335,-0.6447851599260612,0
1.4968861975083578,-39.89212,150.555871,-0.9980682067909376,1.0827806878708341,0
-0.6571023177591936,64.145733,23.571521,1.4801970010897911,1.0827806878708341,0
2.5132718420431712,-28.843365,-154.365086,1.196966691617708,0.506925405271869,0
-0.4870083335762951,-14.796808,81.937825,-1.210490938895,-0.21289369797683735,0
1.3907516181382678,40.866844,-41.322622,-0.006762123638646077,-0.7887489805758024,0
-0.9676906889109086,-62.676878,-78.361517,-1.0688757841589585,-0.9327128012255437,1
-0.07990166333006052,52.474378,63.554047,-1.4937212483670832,1.6586359704697993,0
1.433523993157827,-13.713323,101.708555,1.4801970010897911,1.3707083291703166,0
0.42816100207426416,72.688211,148.67686,0.2056606084654164,-0.6447851599260612,0
-0.1438367381546065,26.483333,-64.395518,1.126159114249687,0.36296158462212774,0
2.4826736444138837,-86.848861,-73.805157,1.2677742689857288,1.2267445085205755,0
1.5488325080483591,73.530831,-131.602948,-1.0688757841589585,-0.7887489805758024,0
-0.15122765476385017,-9.123873,111.898147,0.06404545372937474,-0.9327128012255437,0
-0.3342562108885525,29.798148,0.825299,0.8429288047776038,-0.5008213392763199,0
-0.30100278627140287,88.566866,61.777765,-0.006762123638646077,0.506925405271869,0
0.24203222548060904,-75.224547,-155.869231,-0.28999243311072936,-1.6525319044742501,0
-0.44382699464818176,-82.467173,85.617329,-0.5732227425828126,1.6586359704697993,1
1.0395568682302758,15.487946,103.78209,-1.210490938895,-1.5085680838245088,0
-0.5166957326201451,16.327963,25.73235,1.196966691617708,-1.2206404425250263,0
-1.445468452269431,38.491017,160.192688,1.551004578457812,-0.5008213392763199,0
0.9170763504967303,-15.398493,50.02008,-0.14837727837468773,0.2189977639723865,0
0.787689902976301,24.537325,171.231067,-0.7148378973188543,-1.076676621875285,0
1.0262914035776483,-75.594213,50.807973,-1.635336403103125,-1.5085680838245088,0
0.20625058545201075,14.11567,-136.367502,0.06404545372937474,-0.7887489805758024,0
-0.6206728861024139,-21.743781,79.70881,1.6926197331938535,-0.6447851599260612,0
-1.1999540443461518,22.346238,-167.208184,-0.7856454746868751,-1.6525319044742501,0
0.3565279892258077,55.454277,60.525533,-1.4937212483670832,-0.6447851599260612,0
2.1166455714990002,-27.958494,87.463866,0.2764681858334372,0.506925405271869,0
-0.5763607615719033,-41.239999,119.33953,1.126159114249687,0.2189977639723865,0
0.2690427195545635,12.5077,-163.675924,1.2677742689857288,-1.2206404425250263,0
-1.2445656878386517,53.760314,-18.80812,1.196966691617708,-1.6525319044742501,0
0.7397793002387116,13.417035,27.642163,0.9845439595136454,-1.076676621875285,0
0.10456528403845466,-41.394727,-170.467942,0.34727576320145803,-0.06892987732709607,0
2.049647688754586,78.044648,103.62061,-0.006762123638646077,-1.2206404425250263,0
-0.08415458029303792,-63.007452,-139.164413,0.2056606084654164,-0.3568575186265786,0
-0.015143672992963859,22.169494,-178.576361,-1.3521060936310416,1.3707083291703166,0
0.3044729319585917,56.152245,143.57471,0.34727576320145803,-1.5085680838245088,0
0.8018019025944644,72.627935,58.596464,-1.5645288257351042,-0.3568575186265786,0
2.618146511774037,49.088399,92.748114,0.48889091793749967,-0.3568575186265786,0
-0.31132515398849187,70.153125,-42.078374,1.6218121558258327,1.0827806878708341,0
0.54524747105799,39.72566,66.032545,0.4180833405694788,-0.21289369797683735,0
0.013305973477717462,-81.629532,-40.479651,-0.6440303199508335,-1.3646042631747675,0
-0.35199487161397597,65.312242,82.086348,0.7721212274095829,1.2267445085205755,0
-0.5221721492554479,-86.589111,-35.343434,-0.7148378973188543,-1.076676621875285,0
1.1533659967058294,-82.191968,-37.34287,0.34727576320145803,0.506925405271869,0
-0.5214545543014715,63.529561,-117.267203,0.7721212274095829,0.6508892259216102,0
0.15383030969264003,79.428222,-36.136503,-1.5645288257351042,0.36296158462212774,0
0.12605828277416448,-88.94361,-122.738059,0.6305060726735413,1.6586359704697993,0
-0.46338046175204883,14.26769,-34.403274,1.3385818463537495,-1.6525319044742501,0
1.776204444063605,-16.985903,-17.830174,-1.635336403103125,-1.3646042631747675,0
-1.1284709052034412,-46.09034,-61.856148,1.6218121558258327,-0.3568575186265786,0
-0.05960761643321396,-26.586616,-13.68358,-1.5645288257351042,0.0750339433226452,0
0.631349278951202,33.821107,-159.666788,0.4180833405694788,-0.3568575186265786,0
-1.1861793359518154,59.286721,172.238665,-0.856453052054896,0.506925405271869,0
-0.6322365786261089,-61.69226,5.235311,1.3385818463537495,0.2189977639723865,0
-0.9396524317202697,-22.359586,-57.005965,0.48889091793749967,0.2189977639723865,0
-0.9364162403626174,-22.15274,-140.801893,-0.28999243311072936,1.6586359704697993,0
-1.3850575012996982,55.329622,47.320055,0.34727576320145803,0.2189977639723865,0
-0.013154128783370979,-30.480264,117.448908,-0.9272606294229168,1.2267445085205755,0
-0.1941460845544203,-72.596132,2.529483,0.4180833405694788,0.7948530465713516,0
0.5633156186052691,39.784752,87.292057,0.7013136500415621,1.3707083291703166,0
-0.6185216555285042,46.091656,127.366018,1.0553515368816662,-0.9327128012255437,0
-0.38200940091138585,-67.508261,-118.656311,-0.21918485574270855,0.36296158462212774,0
-1.1917663866299884,63.398707,-166.613127,0.9845439595136454,-0.5008213392763199,0
-0.1287933403738497,-74.780474,-110.020127,0.2056606084654164,0.7948530465713516,0
-1.4522254016359863,36.086744,-31.784347,-1.5645288257351042,1.6586359704697993,0
-0.11845669326991425,36.902404,89.642345,0.7721212274095829,-0.7887489805758024,0
1.4130114990645783,-58.389471,27.431741,-0.9980682067909376,-0.9327128012255437,0
-0.28815739443933575,-52.717764,128.14901,-0.856453052054896,1.2267445085205755,0
-0.07951583436541759,68.202512,72.276113,1.0553515368816662,-1.5085680838245088,0
-0.4434609160334633,48.645632,97.834919,0.6305060726735413,0.36296158462212774,0
-0.8647789468070035,-45.507633,-43.575864,-0.28999243311072936,0.7948530465713516,0
0.7204400787088954,19.771281,4.571794,0.6305060726735413,-1.5085680838245088,0
-0.035471350715428986,-53.153098,141.290728,0.7721212274095829,0.2189977639723865,0
-0.17350951746374232,-64.501827,-163.947097,-0.5732227425828126,-0.5008213392763199,1
-0.5905055134896168,-58.132338,-54.876856,-0.9980682067909376,0.2189977639723865,0
0.12500118451697287,45.84107,174.05933,0.7721212274095829,0.506925405271869,0
-0.8583751039988016,2.385803,131.947903,0.7013136500415621,0.36296158462212774,0
-0.009371845172219414,78.122499,52.88851,0.34727576320145803,1.514672149820058,0
-0.10662010289526871,-61.724387,-159.219408,-0.5732227425828126,1.2267445085205755,0
2.212252331977915,52.481754,53.301103,-1.2812985162630208,-0.06892987732709607,0
-0.6377637253342034,-87.609135,-76.47069,-0.431607587846771,1.3707083291703166,0
0.2862757361090881,-38.489485,97.869613,-1.1396833615269792,-0.3568575186265786,0
-0.7291277000475258,-25.929375,-165.204821,0.2764681858334372,-1.2206404425250263,0
-1.2302309866983532,-88.57836,56.489611,-1.5645288257351042,-0.6447851599260612,0
-0.733243278822178,-41.546889,150.607724,1.0553515368816662,-1.076676621875285,0
1.6134188351667056,-35.267466,-162.101838,0.48889091793749967,0.2189977639723865,0
-0.4513736544250142,85.869928,-139.934416,1.6926197331938535,0.36296158462212774,0
-0.6538273019843095,-19.776874,163.052808,-0.0775697010066669,-0.3568575186265786,1
-1.2781651231446554,42.013554,-84.90788,-1.5645288257351042,-0.7887489805758024,1
0.21355586580031294,55.539313,2.576285,-0.28999243311072936,0.7948530465713516,0
-1.362031262852803,13.875251,-62.0983,1.4801970010897911,-0.21289369797683735,0
-1.465243854206456,-48.563646,-103.209639,0.13485303109739558,0.0750339433226452,0
0.35690816423798066,-34.197475,26.750147,-1.1396833615269792,1.0827806878708341,0
-0.007595849937015334,-68.286542,56.029937,-0.5732227425828126,1.3707083291703166,0
-0.2071408618283383,-78.584727,-57.468746,0.7013136500415621,0.7948530465713516,0
-0.5086314541496356,18.333833,-139.238676,1.551004578457812,1.0827806878708341,0
1.4350242768310733,-18.131994,-82.476329,0.9845439595136454,1.514672149820058,0
-0.024567045415955478,14.220833,119.42195,0.2056606084654164,0.506925405271869,0
1.2451444177359101,-81.440977,-26.429981,-0.006762123638646077,-1.2206404425250263,0
2.475413747540956,68.065261,172.005313,-0.431607587846771,-0.6447851599260612,0
-1.2908073378234826,-18.048896,144.631051,0.7721212274095829,-1.076676621875285,0
0.3303102556908086,-75.214162,-146.966644,-0.14837727837468773,0.36296158462212774,0
-1.0777873233803492,67.586898,20.548295,0.7013136500415621,-1.3646042631747675,0
-0.5368589622948859,-21.593903,1.50962,-0.5024151652147918,-1.2206404425250263,0
0.05451774170498173,23.987102,-114.248477,0.48889091793749967,0.2189977639723865,0
4.1862858684415345,19.969159,146.254794,0.9845439595136454,-1.3646042631747675,0
-0.8406329478593353,-85.298504,-60.326855,-1.635336403103125,-0.9327128012255437,0
0.41980433377117626,82.996423,-63.777807,-0.856453052054896,-1.3646042631747675,0
0.3437671437184181,79.38201,-29.555363,0.06404545372937474,-1.2206404425250263,0
0.622023631744731,-39.617885,65.847825,1.0553515368816662,-0.5008213392763199,0
-0.2778288680231497,16.309564,139.786608,-0.431607587846771,-1.3646042631747675,0
-0.9190515036335641,-2.681132,-43.304161,0.5596984953055205,-0.6447851599260612,0
0.4097053409266648,-13.718291,-129.936869,-0.21918485574270855,-1.2206404425250263,0
-0.04921569144301518,18.677947,-21.346402,1.4801970010897911,0.6508892259216102,0
-1.106306985597804,-12.738051,91.868255,-1.1396833615269792,-1.3646042631747675,0
0.26871181718796544,17.144727,16.06671,0.2056606084654164,0.506925405271869,0
3.384034893576521,17.925811,-29.873029,1.0553515368816662,-0.3568575186265786,0
0.777414853353725,-49.590367,-27.080956,-1.4229136709990624,-0.3568575186265786,0
0.9464642104764589,70.363928,98.710704,-1.4229136709990624,0.36296158462212774,0
-0.5821325410141743,17.548879,126.816192,1.6926197331938535,-0.6447851599260612,0
-1.0863713429656652,21.028355,21.820413,-0.431607587846771,-0.7887489805758024,0
-0.7617794903118271,-16.180178,102.256573,0.2056606084654164,-0.5008213392763199,0
-0.4614952577001525,-85.225561,-7.323658,-0.431607587846771,-0.21289369797683735,0
0.20980390425066325,30.136797,-146.386854,-0.6440303199508335,-1.6525319044742501,0
0.13184411360820106,0.505363,-168.140758,-0.36080001047875015,-1.6525319044742501,0
-0.1497836239068223,-21.598539,83.632323,1.3385818463537495,-1.6525319044742501,0
0.46110045487882795,-51.878282,139.428349,-1.210490938895,0.36296158462212774,0
-0.5309400393306632,67.788869,-151.896682,1.126159114249687,-0.06892987732709607,1
-0.3812224825572725,2.235559,-0.325792,-0.28999243311072936,0.7948530465713516,0
0.4662561103127804,34.730441,-1.474279,-1.7061439804711458,-0.9327128012255437,0
0.39208095039979485,31.924091,108.241401,-0.9272606294229168,-1.076676621875285,0
-0.397649442487644,72.343131,-153.870525,0.9845439595136454,-0.06892987732709607,0
-0.72126398541347,-2.05704,-20.027163,-0.5732227425828126,-0.06892987732709607,0
-0.6340514278342425,12.862874,-5.398569,-1.5645288257351042,1.514672149820058,0
-0.389426928356793,82.395487,-95.551824,1.196966691617708,0.6508892259216102,0
-0.48311610589093734,54.074811,63.136866,0.7721212274095829,-0.9327128012255437,0
0.22870434609541568,72.106995,-39.25345,1.196966691617708,0.506925405271869,0
-1.0027039913147684,-32.170459,167.033392,0.9845439595136454,0.6508892259216102,0
0.748370911051339,71.649301,138.361074,-1.4229136709990624,0.36296158462212774,0
0.35027650426256185,87.70232,57.014069,0.9845439595136454,1.6586359704697993,1
-0.1950434425281416,-81.082623,-81.204934,-0.5024151652147918,1.3707083291703166,0
0.5830842928838994,45.40188,-157.917628,-1.4937212483670832,0.2189977639723865,0
-0.970809556854219,-88.826935,-160.225263,0.2056606084654164,0.36296158462212774,0
-0.04539457731279899,-6.573208,-61.068451,1.551004578457812,1.2267445085205755,1
0.49367074182454485,-31.719744,-58.839517,-0.9272606294229168,0.506925405271869,0
-0.38203412080501653,50.427088,-60.463759,0.7721212274095829,1.0827806878708341,0
-0.054464042288858594,42.130667,145.12352,-1.3521060936310416,-0.6447851599260612,0
-0.32282322309312755,-5.686163,132.08644,-0.28999243311072936,0.6508892259216102,0
0.16802955249951745,-76.368738,-18.566969,-0.006762123638646077,0.7948530465713516,0
-0.29379410421964824,-29.102966,-86.940078,0.06404545372937474,-1.3646042631747675,0
0.0008847477994990971,-45.053887,77.807041,1.0553515368816662,-0.7887489805758024,0
0.4867737354762717,88.181903,63.237238,-0.9272606294229168,0.7948530465713516,0
1.7674660898402237,69.69401,106.650989,0.34727576320145803,-1.3646042631747675,0
-1.391437584251514,-83.26603,168.769638,1.4093894237217703,0.0750339433226452,0
-0.7142561511396893,-35.264101,-165.90159,1.4801970010897911,-1.076676621875285,0
-0.234617832179018,-19.694776,-94.808649,0.2764681858334372,-0.21289369797683735,0
3.056824467625754,-75.91899,140.123,0.7721212274095829,0.36296158462212774,0
-0.8075025175859281,-0.599934,-132.829674,-0.7148378973188543,0.7948530465713516,0
-1.4549180893378224,68.228283,-64.569781,1.6218121558258327,1.514672149820058,1
-0.6204841706825532,-25.508479,31.418756,-0.36080001047875015,-1.3646042631747675,0
1.354057210962596,-44.989779,-27.892725,1.4801970010897911,-0.06892987732709607,0
-0.007745294975956855,-11.107607,104.066917,0.8429288047776038,0.36296158462212774,0
0.3840697422752951,33.520153,-113.765165,-0.14837727837468773,0.506925405271869,0
-1.2267157751222952,-47.191553,87.43597,-0.9272606294229168,-0.3568575186265786,0
0.6269035782748068,-14.427087,129.558105,-0.5024151652147918,1.3707083291703166,0
-1.0145926747679719,44.911285,-174.517665,1.126159114249687,-1.076676621875285,0
0.1198571523024869,76.411773,79.265634,0.13485303109739558,1.3707083291703166,0
0.2158061023324125,57.579002,99.276662,1.3385818463537495,0.9388168672210928,0
-0.905211775903407,10.766122,-165.640779,0.7013136500415621,1.2267445085205755,0
0.2857746119343944,-1.931567,87.188908,-0.5732227425828126,0.2189977639723865,0
0.6838042126710479,25.538495,-23.357589,0.7721212274095829,1.3707083291703166,0
1.2388625234344146,20.14064,157.519038,0.2764681858334372,1.2267445085205755,0
-0.5872756865479263,-8.938758,163.389968,-0.431607587846771,-1.2206404425250263,0
0.6217052407738163,78.623598,66.360629,-0.7148378973188543,-1.3646042631747675,0
0.048612286072343545,-61.393456,125.217691,-0.856453052054896,1.6586359704697993,0
-0.7079557781251773,1.712794,-144.184465,1.126159114249687,-0.6447851599260612,0
0.8497848251170012,9.582932,-165.400748,-1.3521060936310416,-0.06892987732709607,0
-0.6135710825405881,20.174477,-155.845489,0.4180833405694788,0.36296158462212774,0
-1.168541392745466,-83.907131,-121.818782,0.13485303109739558,1.3707083291703166,0
2.484522478271161,-68.32932,-59.242588,-1.1396833615269792,-0.7887489805758024,0
-0.49817296446086656,-28.860598,170.924459,0.9137363821456246,1.6586359704697993,0
-0.1498612618796103,24.27539,57.520809,-1.210490938895,0.9388168672210928,0
0.8908653774990452,9.284688,-68.365021,0.06404545372937474,-0.5008213392763199,0
-0.06314817176844482,-87.917168,-173.760698,1.126159114249687,-0.9327128012255437,0
0.7708341286290213,-81.692449,-97.833035,0.5596984953055205,-0.3568575186265786,0
-1.473002830192487,-49.887535,3.961939,-1.3521060936310416,1.514672149820058,0
-0.3037326774901852,12.347527,2.487333,-1.4229136709990624,-0.9327128012255437,0
0.40365636149720174,11.429277,-111.671961,1.3385818463537495,0.506925405271869,0
-0.2628778928654206,-57.296192,50.989188,-1.635336403103125,-0.3568575186265786,0
2.2256932674270096,40.147651,171.569925,0.4180833405694788,0.7948530465713516,0
-1.29894480782975,-30.461058,128.118165,0.9845439595136454,0.9388168672210928,0
-0.24684622946119766,54.532826,-73.962442,0.9845439595136454,0.36296158462212774,0
0.3533240537755287,67.654958,122.38961,-0.0775697010066669,0.36296158462212774,1
-0.14056325366526654,-7.163899,-136.017602,-1.1396833615269792,0.9388168672210928,0
-1.0956926618138019,-66.730856,178.976193,1.3385818463537495,1.6586359704697993,0
1.6391243712367969,8.252504,100.806163,-0.6440303199508335,1.2267445085205755,0
-0.41896252785134425,85.627808,-37.676743,1.196966691617708,-0.3568575186265786,0
-1.1524174791721256,26.804263,-114.337783,-0.28999243311072936,1.6586359704697993,1
0.09760605127715076,-49.457603,-48.804568,-0.9272606294229168,1.2267445085205755,0
-0.014881372458997016,-58.755704,74.483968,0.6305060726735413,0.7948530465713516,0
1.3795027437252534,-32.123024,-68.747759,-0.28999243311072936,0.506925405271869,0
0.1537979744525903,-17.905129,-156.884259,0.34727576320145803,-0.9327128012255437,0
0.32316385864717395,-58.824071,-66.908098,-1.5645288257351042,-1.2206404425250263,0
-0.7183859631514052,67.589703,138.975314,0.4180833405694788,-0.6447851599260612,1
1.1418615954002724,-49.196262,-126.165735,1.4093894237217703,0.0750339433226452,0
-0.9723544491059568,19.2042,-36.712817,0.8429288047776038,-1.3646042631747675,0
0.16670385233966487,-50.459603,-87.531637,-1.1396833615269792,-0.7887489805758024,0
-0.14649452310808636,-54.653052,-70.809384,-0.9272606294229168,0.6508892259216102,0
0.6661109755165733,8.819654,-155.771935,-1.635336403103125,0.9388168672210928,0
-0.6661860532541243,22.385459,71.876447,0.2764681858334372,-0.21289369797683735,0
-0.08334135215865428,32.369196,108.745032,-1.4937212483670832,-0.5008213392763199,0
-0.07188972421676479,-80.087986,52.901816,-0.5024151652147918,0.2189977639723865,0
-0.35189825478693676,70.016669,-39.787479,1.2677742689857288,-1.5085680838245088,0
0.7404009789407633,-19.381715,126.640851,-1.1396833615269792,-1.5085680838245088,0
0.2554146662245055,-53.427408,166.12914,0.48889091793749967,1.514672149820058,0
-0.6485258780663892,31.836652,48.538198,-0.0775697010066669,-1.3646042631747675,0
-0.4657256582389529,40.142175,146.6795,1.6218121558258327,1.514672149820058,0
-0.6582069103968475,-38.271769,126.92689,0.7721212274095829,-0.3568575186265786,0
-0.37880726398879516,8.198336,-176.35316,1.126159114249687,-0.3568575186265786,0
2.0536148129770666,40.91853,-86.318361,-0.856453052054896,-0.5008213392763199,0
-0.6656958296764682,88.928511,-16.089083,1.196966691617708,1.6586359704697993,0
0.985480551571356,7.20689,11.019511,-1.4937212483670832,-0.5008213392763199,0
0.4554018510921556,49.729348,-49.859712,-0.9272606294229168,-0.5008213392763199,0
-0.2987627479299278,-61.767432,3.617108,0.9137363821456246,0.2189977639723865,0
1.176884537382604,29.731268,-122.563304,-0.006762123638646077,1.0827806878708341,0
0.28795278037347727,-10.513455,9.81041,0.7013136500415621,-0.5008213392763199,0
-0.407771501391494,1.05746,149.009927,-1.210490938895,1.3707083291703166,0
0.39460089835769413,-56.720179,-170.44607,1.4801970010897911,1.0827806878708341,0
1.9314368035320948,4.790318,-12.361691,-0.6440303199508335,-0.5008213392763199,0
-0.8040533252057807,-4.847364,-173.403598,1.2677742689857288,-0.06892987732709607,0
0.6124801324187056,72.123399,-64.529962,1.6218121558258327,-1.6525319044742501,0
-1.062541367746649,51.244874,15.154216,1.3385818463537495,-0.06892987732709607,0
0.05284277486661175,-26.54053,-175.337024,-1.210490938895,1.2267445085205755,0
-0.671155145076305,-87.257904,-52.658185,-1.4229136709990624,-0.9327128012255437,0
0.21442412284931428,-15.366891,-169.475041,0.7721212274095829,-0.3568575186265786,0
0.6757138647746798,-51.475051,31.835739,1.6218121558258327,0.0750339433226452,0
0.9951415240478669,26.058961,-164.649168,-1.4229136709990624,1.6586359704697993,0
-1.3359465205984142,28.944646,-76.608953,1.4801970010897911,0.6508892259216102,0
0.06453616867896353,-84.043356,87.321386,-0.14837727837468773,-0.7887489805758024,0
-0.023877039449864874,-11.949654,119.52904,-1.4937212483670832,-0.6447851599260612,0
0.6050904097230585,-37.152235,37.120971,-1.210490938895,-1.6525319044742501,0
0.8575258073919356,47.093182,-66.332808,0.7721212274095829,-1.3646042631747675,0
1.1109441075895978,-47.253557,-77.022426,-1.1396833615269792,-1.3646042631747675,0
-0.6145503190581443,85.982748,-91.519607,-0.6440303199508335,-0.3568575186265786,1
0.578062799868058,-1.975819,-20.885566,1.126159114249687,-1.3646042631747675,0
-0.24857811273755048,-19.317281,109.879124,-1.635336403103125,0.0750339433226452,0
-0.34293084509108895,75.732955,-82.638368,-1.2812985162630208,-0.21289369797683735,1
-0.9132325705206619,-27.641201,34.785407,-0.36080001047875015,1.2267445085205755,0
0.34579500463342133,-10.04333,-37.937866,1.0553515368816662,0.506925405271869,0
-1.2153696279830113,-9.167943,-132.621891,0.9137363821456246,1.3707083291703166,0
-0.5840880641576159,85.231847,-160.898909,-1.210490938895,-0.21289369797683735,0
0.25048821258702714,61.069862,10.968604,0.9137363821456246,-1.3646042631747675,0
0.09629061897848147,-48.133004,29.489621,0.4180833405694788,0.6508892259216102,0
-0.41788869048356514,87.199371,-91.934012,-1.1396833615269792,0.9388168672210928,0
0.544997073367927,23.068019,-153.428363,-0.28999243311072936,1.6586359704697993,0
0.02090985977631052,-5.479771,29.396551,-0.7856454746868751,-0.06892987732709607,0
-0.2931567435327169,-55.761798,114.106051,-1.4937212483670832,1.3707083291703166,0
0.06404362650302428,48.772111,48.724828,-1.7061439804711458,-1.3646042631747675,0
0.8209524814365226,26.320006,-100.169922,-0.7856454746868751,-0.6447851599260612,0
-0.5138932476977851,-18.958298,159.388062,-0.431607587846771,0.2189977639723865,0
-0.409852859915294,-40.468178,-96.699192,-1.1396833615269792,0.506925405271869,0
1.4372781475538587,-53.362791,156.547411,-1.1396833615269792,-0.9327128012255437,0
0.26980283875901573,6.4486,-88.931812,0.13485303109739558,1.0827806878708341,0
-1.5042179393099575,-66.175664,2.931951,-0.21918485574270855,-1.5085680838245088,0
-0.5841912754482596,40.453353,128.898493,-0.28999243311072936,0.0750339433226452,0
-0.9927098013576845,-55.770317,82.950084,-0.9980682067909376,-0.7887489805758024,0
1.8042631406703864,36.023288,135.004506,-1.5645288257351042,0.6508892259216102,0
0.9493878631798655,23.083416,-177.785059,-0.006762123638646077,-0.06892987732709607,0
-1.0140974330895565,77.137795,-60.655511,1.3385818463537495,1.3707083291703166,0
-0.7908692363692942,89.311235,-106.051032,-1.210490938895,-1.5085680838245088,1
1.0679441691353182,9.359313,-68.741888,1.126159114249687,-0.5008213392763199,0
1.127249820685649,-17.077987,132.467946,-0.006762123638646077,-1.6525319044742501,0
-0.91423471578184,-33.025674,4.38804,-0.28999243311072936,1.3707083291703166,0
2.001143409562675,21.174134,37.170066,0.9137363821456246,0.6508892259216102,0
-0.5069599324603848,61.450209,38.114558,0.2764681858334372,-1.076676621875285,0
0.5805530206744973,2.31682,80.955373,0.8429288047776038,0.9388168672210928,0
2.143068644356008,-81.472962,-179.030024,0.34727576320145803,-0.5008213392763199,0
0.8314323468668267,1.720258,-94.612368,-1.5645288257351042,-1.6525319044742501,0
-0.002676400515439846,-32.176082,-64.446574,-1.210490938895,1.514672149820058,0
1.9830288665955558,-89.54387,73.283534,0.06404545372937474,-1.2206404425250263,0
-0.7968222497358369,20.192291,104.98971,-0.5732227425828126,-0.6447851599260612,0
0.4495555062134183,54.190769,27.319701,0.2764681858334372,-0.3568575186265786,0
-0.2618245265781439,-88.81578,168.682788,0.34727576320145803,-1.3646042631747675,0
0.7824832645011147,-31.272673,97.309582,0.9137363821456246,1.514672149820058,0
-1.1183827193994254,54.502924,165.528394,-1.4937212483670832,1.3707083291703166,0
2.102386461581303,-13.48116,142.693737,0.9845439595136454,-1.5085680838245088,0
-0.3500997000539842,-69.928042,118.367324,-0.14837727837468773,1.2267445085205755,0
-0.3063942266153679,-16.256401,54.034632,-0.0775697010066669,-0.21289369797683735,0
-0.07277276139047978,83.476813,-63.946658,1.4093894237217703,-0.3568575186265786,0
-1.3918607674568062,77.329095,-128.05524,-0.006762123638646077,-0.6447851599260612,0
-1.1012717358664796,1.901004,132.709909,0.5596984953055205,-1.6525319044742501,0
-0.6707653954026366,39.815652,173.148423,1.196966691617708,-1.2206404425250263,0
0.20107399819530453,-28.766795,15.186569,1.3385818463537495,1.0827806878708341,0
-0.31646907512032924,-58.406587,-164.987016,-0.36080001047875015,-1.6525319044742501,0
1.3110381958752533,42.727062,-143.882849,-0.0775697010066669,-0.7887489805758024,0
-0.7969732782074385,5.260488,-164.855774,0.4180833405694788,-0.21289369797683735,0
-0.28055911154791086,-77.864313,13.565104,-0.9272606294229168,-0.21289369797683735,0
-1.126818279689652,-30.931583,167.862458,-0.9980682067909376,-0.3568575186265786,0
-0.76030788976016,-82.951281,-14.740898,0.06404545372937474,0.2189977639723865,0
-0.7649514600901139,19.098802,-165.059507,-0.856453052054896,0.9388168672210928,0
-0.13585015463763464,-49.495924,-150.619996,-1.210490938895,0.506925405271869,0
0.609952798561662,-37.819762,70.113678,0.9845439595136454,1.2267445085205755,0
0.7555552768386748,69.251042,-88.473562,1.2677742689857288,-1.6525319044742501,0
1.5230221036743947,70.716427,-43.986025,0.8429288047776038,0.36296158462212774,0
0.02748700063395627,-20.016964,162.227343,-0.9980682067909376,0.36296158462212774,0
0.0284957092323019,6.049499,-7.314445,-0.006762123638646077,0.2189977639723865,0
0.9659566004345844,27.158065,-153.489428,1.2677742689857288,0.506925405271869,0
0.6585971366805558,50.566426,-51.47826,1.4093894237217703,0.0750339433226452,0
-0.3579770025696011,-28.422817,-155.476764,1.126159114249687,-0.9327128012255437,0
-0.31819860641190145,-2.777443,-127.367586,-0.5732227425828126,0.0750339433226452,0
-0.26869231758012246,57.30211,-152.690539,0.8429288047776038,0.7948530465713516,0
-0.23414451284794505,-5.065597,-98.622832,-0.9272606294229168,-1.076676621875285,0
-0.014338153660179997,-75.232517,-7.483732,0.8429288047776038,0.0750339433226452,0
1.070535915693427,-29.804916,154.671205,-0.5732227425828126,-1.5085680838245088,0
1.9964777685679411,-74.40606,170.181649,-1.1396833615269792,-1.076676621875285,0
-0.750129507827842,-62.37774,154.888949,-0.36080001047875015,0.2189977639723865,0
0.5377590168082084,61.727509,176.598642,-0.431607587846771,0.0750339433226452,0
-0.4548413272682302,-14.507354,98.527544,-0.856453052054896,-0.6447851599260612,0
2.98741705720482,-5.060054,-69.149339,0.2056606084654164,-1.5085680838245088,0
0.38324641571062457,15.922147,-32.438538,1.4093894237217703,0.2189977639723865,0
-1.1766997308260059,-52.573459,28.756459,1.6926197331938535,0.7948530465713516,0
1.24519703493492,-20.681244,5.272884,0.48889091793749967,1.514672149820058,1
-0.5463200166859248,15.240405,37.142684,1.551004578457812,-0.9327128012255437,1
-0.6911286181287746,-0.002431,69.756985,-0.36080001047875015,-0.3568575186265786,1
-0.07306160595826937,-81.250304,-105.386724,0.7721212274095829,0.0750339433226452,0
-0.9535271275886583,35.44769,-30.787887,-0.7856454746868751,-1.076676621875285,0
0.7795654815217632,-63.54255,-84.792815,0.2764681858334372,1.6586359704697993,0
0.5635186680683988,-15.270488,65.838519,-0.0775697010066669,-1.5085680838245088,0
0.28654921114396104,-28.592844,-72.094122,-1.5645288257351042,1.2267445085205755,0
1.0927820854196715,47.11667,2.303273,-1.635336403103125,-1.076676621875285,0
-0.029735557649114383,-36.991282,-106.451484,0.2056606084654164,0.0750339433226452,0
-0.5015814457395308,-14.084906,-88.969825,-0.28999243311072936,-0.21289369797683735,0
-0.49063296124105277,-24.696082,17.498927,-0.21918485574270855,0.36296158462212774,0
-1.0286834605117963,-82.250402,-114.628974,-1.4937212483670832,1.514672149820058,1
-0.7779291658915164,-54.279489,-91.800539,1.4801970010897911,0.0750339433226452,0
-1.381498022345718,-42.046386,65.693875,-1.3521060936310416,-1.5085680838245088,0
-0.07563436607517553,-58.633429,121.447866,0.4180833405694788,0.506925405271869,0
0.018017094531561712,9.42827,29.665311,-1.7061439804711458,1.514672149820058,0
1.0635718490538022,-34.347797,-170.502755,-0.9272606294229168,-0.5008213392763199,0
-0.00173576405437672,25.440687,0.159273,-0.006762123638646077,1.3707083291703166,0
-0.966315579600848,-66.770192,-175.433354,1.0553515368816662,-1.6525319044742501,0
-0.5341169926141042,62.174577,-81.241097,1.196966691617708,-0.06892987732709607,0
0.6223836739847053,48.940141,99.533821,-0.7148378973188543,-1.076676621875285,1
0.25725075611636217,-42.709786,-49.636017,0.2764681858334372,-0.06892987732709607,0
-0.2437974096847516,-9.823887,-155.522704,-0.431607587846771,-1.2206404425250263,0
-1.10682802346363,39.313959,166.270324,0.9137363821456246,-0.7887489805758024,0
-0.006139542316925805,63.965822,86.639762,0.2764681858334372,0.506925405271869,0
0.8738597286687821,38.280661,78.977001,0.8429288047776038,0.9388168672210928,0
-0.49978556165792115,19.546795,1.181264,1.4801970010897911,0.2189977639723865,0
-1.2525850746591494,27.802964,0.343355,0.7013136500415621,0.506925405271869,0
-0.4269804795754521,-9.483483,13.79896,0.48889091793749967,1.0827806878708341,0
0.030200269132055705,39.531779,-125.389668,-1.7061439804711458,0.6508892259216102,1
-1.4105654753441013,81.965783,-146.058014,0.7013136500415621,-0.6447851599260612,0
0.051332038399797116,-15.439465,86.655332,0.2764681858334372,-0.3568575186265786,1
4.107060145732604,62.829887,-35.726496,0.4180833405694788,-0.6447851599260612,0
1.1094348747606844,-14.612203,40.403641,-1.1396833615269792,-1.5085680838245088,0
-0.20050568067340407,54.175813,129.567397,1.0553515368816662,-0.21289369797683735,0
-0.14382736837807392,83.550174,65.01047,0.06404545372937474,0.0750339433226452,0
-0.8499539038651169,-51.484644,5.086214,0.9845439595136454,-1.6525319044742501,0
-1.060807241554658,-26.345148,-81.828582,1.6926197331938535,0.506925405271869,0
2.023128460146327,-65.983289,61.379645,1.0553515368816662,-0.6447851599260612,0
-0.9810105624913888,-89.868105,7.46995,0.5596984953055205,-0.06892987732709607,0
-0.4314978907886795,-81.158276,-24.063941,0.6305060726735413,-1.076676621875285,0
1.2526372681308013,59.485324,19.19258,-1.1396833615269792,-1.6525319044742501,0
-0.9607920792219287,-2.588854,-15.761454,0.34727576320145803,-1.076676621875285,0
-1.502791898612037,-45.2529,-176.042575,-1.0688757841589585,0.0750339433226452,0
-0.678492219998101,81.42702,179.069526,-0.006762123638646077,1.514672149820058,0
-1.5480406134158535,34.182627,-74.583591,0.13485303109739558,-0.7887489805758024,0
1.0804504371229608,-64.360273,22.952455,0.2056606084654164,1.0827806878708341,0
-1.2336169964233927,46.205657,112.85743,1.0553515368816662,0.6508892259216102,0
-0.5139483881760293,-76.402565,-20.730802,1.2677742689857288,-0.5008213392763199,0
1.4891153229819591,41.175335,-89.733824,1.6218121558258327,0.6508892259216102,0
-0.9210067029821221,-72.539234,142.897451,-0.7856454746868751,0.7948530465713516,0
-1.1053651509773155,-65.609947,120.017386,-1.0688757841589585,1.6586359704697993,0
0.3858253011176868,10.841859,-101.747746,0.5596984953055205,-1.6525319044742501,0
1.0495165973017577,40.068968,149.712698,-1.4937212483670832,0.36296158462212774,0
-0.03915072849384945,40.238244,130.832794,-0.431607587846771,1.2267445085205755,0
0.15414553463051808,18.012833,-164.805749,-0.14837727837468773,-1.076676621875285,0
-0.70148542146774,72.630335,-60.635109,-1.1396833615269792,0.36296158462212774,0
-0.773478836266208,-0.186301,33.373875,-0.28999243311072936,1.0827806878708341,0
-0.4847678906560789,23.016911,-100.61935,0.9845439595136454,0.9388168672210928,0
-0.7137047158698909,47.971888,-121.121794,-1.3521060936310416,-0.6447851599260612,0
-0.9375082016433266,-32.430392,-10.149789,-0.856453052054896,-0.21289369797683735,0
-1.0127520814045656,1.764523,-124.262703,-0.9272606294229168,-0.7887489805758024,0
-0.9752852867022489,29.707094,15.846228,-0.5732227425828126,0.6508892259216102,0
-0.5623973438800322,-68.3898,109.086471,0.7013136500415621,0.0750339433226452,0
-0.02454433986616956,38.52884,4.518312,0.13485303109739558,-0.9327128012255437,0
0.05875125277397929,-47.499737,-90.444826,0.8429288047776038,0.506925405271869,0
-0.9631682398750913,-42.174636,-75.460735,-0.0775697010066669,-1.5085680838245088,0
0.7128191291345395,31.034712,-167.992127,0.6305060726735413,0.36296158462212774,0
2.4722899709405013,3.322114,-96.900975,-0.856453052054896,-1.6525319044742501,0
-0.4467582457101693,-38.290848,-104.400007,0.6305060726735413,1.3707083291703166,0
0.396793509375524,34.390415,128.551569,-0.0775697010066669,0.7948530465713516,0
-0.1135414742584972,18.956051,159.240014,-1.1396833615269792,-0.6447851599260612,0
-0.9498265055038065,-38.30548,-33.305799,0.4180833405694788,-0.21289369797683735,0
-0.19310963916321888,15.223028,62.217761,0.4180833405694788,1.2267445085205755,0
-0.31055193016784644,-46.530702,0.67317,1.126159114249687,0.7948530465713516,0
-0.8801640131314326,61.77693,-110.206172,-0.9272606294229168,-0.5008213392763199,0
-0.7779816532195759,61.783185,98.95932,-0.9272606294229168,-1.3646042631747675,0
0.3925314974875936,66.429803,-142.010133,-1.0688757841589585,-1.2206404425250263,0
-0.9402527612686317,6.167851,4.073421,0.13485303109739558,1.0827806878708341,0
-0.4961491948529144,64.359535,-23.31631,-1.2812985162630208,0.506925405271869,0
-0.3196406686122779,11.632723,-178.036332,0.8429288047776038,-0.7887489805758024,0
-0.6472077537677287,39.698856,-98.657219,-0.5024151652147918,1.2267445085205755,0
1.7790347398597786,-88.802823,156.072272,-0.9980682067909376,-0.3568575186265786,0
-1.5423475218886666,7.4753,168.978489,-1.210490938895,0.7948530465713516,0
-0.16686578529404625,70.287529,43.925335,-1.0688757841589585,1.3707083291703166,0
0.5989878487932564,-23.232596,83.211124,-1.4937212483670832,0.7948530465713516,0
0.6910605780036722,66.378161,-150.013338,-0.856453052054896,-0.6447851599260612,0
3.5931499047155078,-5.593915,-141.799702,-0.006762123638646077,0.36296158462212774,0
-0.4592721365157624,23.224338,-22.610308,-0.6440303199508335,1.514672149820058,0
0.2714460527782021,9.033642,-71.170109,0.2056606084654164,-0.9327128012255437,0
2.616660414363462,-41.873851,88.958661,-1.0688757841589585,0.6508892259216102,0
-0.7826044854785307,-70.312419,150.580487,0.9845439595136454,-1.5085680838245088,0
0.4599346366607722,84.247666,-70.877102,1.4093894237217703,-0.9327128012255437,0
0.19900272154832774,-3.444583,120.751733,-0.0775697010066669,-0.6447851599260612,0
-1.107787574118572,16.424243,160.40053,0.6305060726735413,-1.5085680838245088,0
1.4252629892763529,-42.029453,100.380286,0.7721212274095829,0.7948530465713516,0
-1.5227950625090867,4.066822,82.118215,-1.2812985162630208,0.36296158462212774,0
-0.8950106888655732,-44.228501,83.329546,-0.14837727837468773,1.2267445085205755,0
-0.15059648080970103,-80.732673,-160.966629,0.9845439595136454,1.6586359704697993,0
-0.14806546175252108,50.08755,-158.234602,-0.21918485574270855,-0.06892987732709607,0
0.769488850136501,35.332338,-34.981301,-1.210490938895,-0.9327128012255437,0
2.1440497718340232,-87.354007,-49.95876,0.7013136500415621,1.0827806878708341,0
-0.7203587243823175,7.736192,100.414425,0.7013136500415621,-1.6525319044742501,0
-1.3427780741780606,-79.23754,57.2171,0.8429288047776038,1.0827806878708341,0
0.5532542349773542,-59.47666,93.043689,0.2056606084654164,0.6508892259216102,0
0.5339707463441561,27.913355,-31.088261,-1.2812985162630208,-1.6525319044742501,0
1.3868115592127446,-71.151095,-69.120172,1.6218121558258327,-0.7887489805758024,0
0.6249627800077673,-7.39423,-1.939814,0.13485303109739558,1.2267445085205755,0
0.069557943417054,78.845312,-114.560065,-1.635336403103125,-0.21289369797683735,0
0.43290437648536034,28.006438,48.504775,-0.14837727837468773,-1.6525319044742501,0
1.509026849971749,-69.442667,-46.729727,-0.431607587846771,1.514672149820058,1
-0.07774836951792902,88.291472,91.711058,0.9845439595136454,-0.7887489805758024,0
-0.22862113960700298,65.923955,-165.671913,0.6305060726735413,-0.7887489805758024,0
-0.2400939826299432,14.635847,-29.84154,-0.431607587846771,0.36296158462212774,0
-0.996824114578741,29.288043,34.082604,-0.006762123638646077,-1.5085680838245088,0
1.434051634808957,70.773132,26.046249,1.0553515368816662,-1.3646042631747675,1
-0.8088564347791843,-68.714457,75.527369,-0.7148378973188543,-0.21289369797683735,0
-0.43317920440021523,-32.205021,130.266202,0.2056606084654164,0.9388168672210928,0
0.7478637111672085,2.892126,-33.406621,1.126159114249687,-0.3568575186265786,0
-0.4048739484880657,58.519206,37.00506,-0.9272606294229168,1.0827806878708341,0
-1.522103393802112,-70.21491,167.563722,-0.7856454746868751,1.6586359704697993,0
0.5885824527067334,55.142852,38.497297,0.9137363821456246,0.7948530465713516,1
-0.3800866151989116,-59.453772,62.513717,-0.14837727837468773,-0.06892987732709607,0
1.1983599713774689,43.522299,-136.058981,1.551004578457812,-0.3568575186265786,0
-0.3647861525051975,1.295182,108.439642,-0.9980682067909376,-1.3646042631747675,0
-0.6250165340504233,56.291944,-100.017048,1.4801970010897911,1.3707083291703166,0
-0.2166796987833397,-1.404613,22.759148,-0.5732227425828126,1.0827806878708341,0
-0.44478286342937456,18.454358,-11.709467,-1.4229136709990624,1.0827806878708341,0
0.968566368550249,48.385577,-43.165946,0.06404545372937474,-1.6525319044742501,0
-0.2855483441618171,0.755623,-160.787095,0.48889091793749967,-1.076676621875285,0
0.8721636151208918,-47.503312,6.597132,-1.4937212483670832,-0.7887489805758024,0
-1.2149420600882097,16.257721,173.962511,1.4801970010897911,0.7948530465713516,0
-1.44776731741806,-86.28731,164.353317,-0.28999243311072936,0.0750339433226452,0
-1.5342670800500688,-3.551234,-150.466666,1.4801970010897911,1.514672149820058,0
1.3046914012824828,33.754388,79.882401,-0.21918485574270855,-1.2206404425250263,0
-0.08599131740067448,16.9368,-62.812231,0.5596984953055205,-0.3568575186265786,0
-0.969758751406801,41.41735,-91.781097,1.6218121558258327,-0.06892987732709607,0
1.7665344916653016,-48.468774,-56.876585,-0.9980682067909376,1.0827806878708341,1
-0.4146449738052235,25.804425,150.23041,-0.9272606294229168,0.0750339433226452,0
-1.4088558668718643,-24.771366,-30.738025,-1.210490938895,0.0750339433226452,1
-0.0285432794973214,84.421566,1.644968,1.3385818463537495,0.2189977639723865,0
-1.512891197194704,-19.913243,-152.011197,-1.4937212483670832,1.514672149820058,0
-0.7918981737264531,-38.428794,-128.816313,0.48889091793749967,0.506925405271869,0
0.050196999613873305,32.316372,-81.26998,0.9137363821456246,-0.06892987732709607,0
-0.34164643806426265,3.335117,-111.036189,0.13485303109739558,-0.21289369797683735,0
-0.8499223028359947,79.652084,87.311047,0.2764681858334372,-0.9327128012255437,0
-0.31904316557031787,60.729891,-2.943103,-0.5024151652147918,0.6508892259216102,0
0.7649089531038575,63.182402,15.746693,1.3385818463537495,-0.3568575186265786,0
0.4352342176909286,78.959435,3.090475,0.8429288047776038,-1.5085680838245088,0
1.0480782792001242,-41.204687,51.554825,-1.210490938895,1.3707083291703166,0
-0.744678475093409,84.654962,-163.360399,-0.7148378973188543,0.0750339433226452,0
0.6290155381257186,49.357846,129.422896,0.9137363821456246,0.36296158462212774,0
-1.2229554361794532,-19.200159,-123.60143,0.8429288047776038,0.6508892259216102,0
-0.62871021008155,37.917586,16.823618,1.551004578457812,1.6586359704697993,1
0.6983247767567272,-56.653215,146.096548,-0.36080001047875015,-0.21289369797683735,0
-0.7889754445386747,7.390526,30.202931,-1.4937212483670832,0.36296158462212774,0
0.34502086819846756,-80.271459,-15.074388,-1.4937212483670832,-1.076676621875285,0
-0.6521716452151134,-1.955582,61.712631,0.06404545372937474,0.506925405271869,0
0.3935793334546459,24.85034,40.935707,-1.210490938895,-0.6447851599260612,0
1.2137674630051922,25.136332,125.730106,-1.210490938895,0.7948530465713516,0
0.44275869191024186,80.815376,70.721303,-0.9980682067909376,-1.6525319044742501,0
-0.5677973685385811,-0.709473,135.313357,-1.4937212483670832,-1.3646042631747675,0
-1.4714926311241412,-8.562506,-154.606798,-1.4229136709990624,-0.06892987732709607,0
0.6142684814563264,-47.672399,-81.524094,-1.7061439804711458,0.36296158462212774,0
-1.5000264685457734,-74.014442,-71.068207,-0.856453052054896,-1.5085680838245088,0
-1.3599107070441434,66.579061,-166.835992,-1.0688757841589585,1.0827806878708341,0
0.23755915535214023,12.760443,-2.765159,-0.856453052054896,0.36296158462212774,0
1.0264083167512728,18.560468,-62.75242,-0.7856454746868751,0.506925405271869,0
-0.07809819611490211,73.346764,-132.408282,0.7013136500415621,-0.9327128012255437,0
-1.4577071072137815,-57.934985,-10.095585,0.7721212274095829,-0.3568575186265786,0
-1.0650113941016144,-27.381775,170.951561,-1.7061439804711458,-0.9327128012255437,0
-0.37222647585917523,-62.461315,148.94857,-0.5024151652147918,-0.06892987732709607,0
0.44643798677709484,62.951629,125.144072,0.6305060726735413,-0.3568575186265786,1
-0.7091801256229573,1.719479,-7.852952,0.2056606084654164,0.7948530465713516,0
-1.5256445580964126,-44.622364,38.434891,-1.5645288257351042,0.7948530465713516,0
-1.311328653757785,-57.81226,-163.262511,0.6305060726735413,-1.2206404425250263,1
-0.4454889844628512,45.473491,-55.831793,1.196966691617708,0.6508892259216102,0
-0.041317651754023306,62.896612,29.253386,0.13485303109739558,-0.6447851599260612,0
-1.0634057879191303,-78.451046,-53.594372,0.8429288047776038,-0.6447851599260612,0
0.006124233003644982,-46.815351,-115.927896,1.3385818463537495,-1.6525319044742501,0
-0.23510204372129995,-41.474763,47.750457,0.7013136500415621,1.6586359704697993,1
0.5258680054194381,9.473785,59.678657,-0.14837727837468773,0.9388168672210928,0
-0.7230038294563319,88.674798,-67.846043,0.4180833405694788,1.3707083291703166,0
0.33261430813612813,31.851091,33.312789,0.9845439595136454,1.514672149820058,0
0.11770762837286312,-3.109298,-27.881876,-0.7148378973188543,-1.2206404425250263,0
0.9758516184588558,71.375679,-159.356527,1.2677742689857288,-1.5085680838245088,0
-0.5230078515965209,2.925455,38.045413,-0.5024151652147918,0.0750339433226452,0
-0.23984332879554482,27.041309,-51.800416,-1.5645288257351042,-0.06892987732709607,0
0.6828110585897303,-43.310812,-81.391522,-0.14837727837468773,1.6586359704697993,0
0.44459308862209407,9.924213,143.861206,0.13485303109739558,-0.3568575186265786,0
0.08061790184182917,53.079483,36.69078,-1.0688757841589585,-1.3646042631747675,1
0.5961822171207242,79.324788,170.659621,0.4180833405694788,-0.21289369797683735,0
0.40860492172335405,-38.682328,103.499082,-1.210490938895,0.6508892259216102,0
-1.3157496222315688,48.393332,145.9462,0.9845439595136454,-0.7887489805758024,0
1.246238190701796,-34.967775,-88.741434,0.48889091793749967,-1.3646042631747675,0
0.11573018188021338,32.926063,160.649232,1.2677742689857288,-1.2206404425250263,0
-0.01828643725413408,23.723047,89.829109,0.34727576320145803,0.2189977639723865,0
-0.3485037821667173,54.466072,-25.826579,-0.9980682067909376,1.0827806878708341,0
-1.2808187846377508,-86.362967,-91.372356,1.4093894237217703,-1.076676621875285,0
2.6620959705982576,-26.194991,-114.71719,-1.0688757841589585,-0.9327128012255437,0
-0.23895080677538078,40.248168,133.192113,0.2056606084654164,0.36296158462212774,0
-1.1029962084248535,75.132054,8.155084,1.4093894237217703,1.0827806878708341,0
0.6241732500808598,-27.453863,53.827684,-1.1396833615269792,-1.5085680838245088,0
-0.46613566670795337,-37.820085,113.498405,0.06404545372937474,-1.3646042631747675,0
-1.5163789216588883,0.937257,-126.536664,-1.2812985162630208,0.7948530465713516,1
-1.418267915495424,23.027564,-70.840709,-1.4229136709990624,0.0750339433226452,0
-0.4546838869155183,-41.192428,76.257229,1.6926197331938535,-0.7887489805758024,0
0.789656790447573,50.677028,19.181298,-1.0688757841589585,-0.3568575186265786,0
-0.3501926546389355,36.73125,-143.23375,1.6926197331938535,1.0827806878708341,0
-1.1438352647856316,30.503475,129.177556,-1.1396833615269792,-0.3568575186265786,0
0.04051555257169934,-32.471256,128.721282,0.7013136500415621,1.514672149820058,0
-0.47173186355536295,-38.61687,144.351073,-0.21918485574270855,-1.3646042631747675,0
0.6738951848520295,-73.532613,147.122883,0.8429288047776038,0.6508892259216102,0
-1.2485549338924484,34.678419,50.17183,-0.14837727837468773,-0.3568575186265786,0
2.8009667875912356,2.778743,-102.847619,-0.7148378973188543,-1.6525319044742501,0
-0.9872605481921998,86.702627,10.272667,-0.14837727837468773,-1.6525319044742501,0
1.4055436345679773,75.173998,108.594556,0.7721212274095829,-0.21289369797683735,0
-0.7848288407858544,-7.439569,-60.84957,0.06404545372937474,1.0827806878708341,0
0.735877421916302,66.947326,175.503807,-0.9272606294229168,-1.6525319044742501,0
0.16778438134610332,-19.938798,-118.020409,-1.2812985162630208,0.36296158462212774,0
-1.5429381736395125,-22.442263,-96.395235,-1.210490938895,-0.5008213392763199,0
0.12602467437821419,37.291012,-106.518218,-1.5645288257351042,1.2267445085205755,0
-0.3005939473815499,14.637824,-166.92,1.196966691617708,-0.7887489805758024,0
2.381848070268974,-67.762609,-130.671659,1.2677742689857288,0.506925405271869,0
-1.161399628735308,-6.503244,16.182921,1.6926197331938535,-0.3568575186265786,0
-0.5466790493462748,-18.293952,84.289339,-1.2812985162630208,-1.6525319044742501,0
-1.4357319202386924,36.480347,-95.361477,0.6305060726735413,1.514672149820058,0
0.06951406813534895,-71.443668,-6.145404,-1.2812985162630208,-0.21289369797683735,0
2.9440238124988864,-40.32398,-60.820778,1.126159114249687,-1.6525319044742501,0
1.1950497335311034,-43.867653,43.577607,0.13485303109739558,-0.5008213392763199,0
-0.11458674325418959,-35.218477,91.108036,0.5596984953055205,1.0827806878708341,0
0.43045186794964096,1.666847,122.626374,1.2677742689857288,0.2189977639723865,0
-0.9374702983812939,43.537464,163.97866,0.4180833405694788,-1.076676621875285,0
1.749001982414599,-83.920924,115.162177,1.6218121558258327,1.3707083291703166,0
-0.3822393699037966,-33.256547,-168.695178,0.7013136500415621,1.514672149820058,0
-0.8365957721351572,32.006013,-94.839875,-0.7148378973188543,0.506925405271869,0
0.45500780319376116,-84.736845,120.827754,0.5596984953055205,0.9388168672210928,0
3.1327599492710325,-6.715659,70.465829,-0.431607587846771,1.514672149820058,0
0.11550575580385032,33.262276,138.516936,0.34727576320145803,-1.2206404425250263,1
0.8577184370476408,45.765129,-32.917553,0.4180833405694788,1.0827806878708341,0
0.46405495850565426,25.915686,127.392111,0.34727576320145803,-0.3568575186265786,0
-0.7203534818097113,1.177894,-40.585627,-0.7856454746868751,-0.5008213392763199,0
-0.6728939860556202,-19.712185,-39.654972,0.9137363821456246,0.36296158462212774,0
-0.04716143693290797,9.400324,-90.60071,-0.431607587846771,-0.3568575186265786,0
-0.4308995255248916,62.530464,-178.820668,0.9137363821456246,-0.21289369797683735,0
-0.1927798975982838,47.419035,-31.672124,-1.3521060936310416,1.0827806878708341,0
-0.36636918249197914,16.720346,72.077971,0.5596984953055205,0.2189977639723865,0
-1.2210645407605272,11.406191,102.45518,-1.4937212483670832,0.7948530465713516,0
0.15074249137421675,84.66727,-117.551018,-0.5732227425828126,-1.3646042631747675,0
0.16287992566934642,14.847986,143.543362,0.2056606084654164,1.3707083291703166,0
-0.0954660135843971,30.303249,171.149875,0.06404545372937474,0.9388168672210928,0
1.1515802856469621,33.744401,161.552984,0.34727576320145803,-1.3646042631747675,0
-0.9773178835258544,52.465161,-106.020492,0.48889091793749967,1.514672149820058,0
0.12152105228918512,-71.344907,70.990636,0.9845439595136454,-0.5008213392763199,0
0.22075569574570145,-65.070709,-155.128755,-0.431607587846771,0.2189977639723865,0
0.4136131066125766,41.192083,88.122163,1.0553515368816662,-0.7887489805758024,0
-1.0556825310779137,71.507159,-101.15352,0.7013136500415621,-0.06892987732709607,0
-0.03289278968264615,32.768588,-94.323803,-0.856453052054896,-0.9327128012255437,0
-0.2976625515294842,27.864175,-119.342092,-0.431607587846771,1.6586359704697993,0
-0.3211280243167247,34.373827,-5.20787,0.8429288047776038,-1.3646042631747675,0
-0.16509748138773728,52.675004,97.357701,0.34727576320145803,-1.2206404425250263,0
-1.501610961904842,-16.015375,54.611782,0.7721212274095829,-0.21289369797683735,0
-1.21927351700601,-48.050841,-77.444228,1.4093894237217703,0.506925405271869,0
0.22387989150910562,26.274975,166.07095,-0.5024151652147918,-0.7887489805758024,0
2.14939562187927,66.755815,41.871505,1.4801970010897911,-0.7887489805758024,0
-0.7123843555549765,19.212195,87.820813,1.0553515368816662,1.0827806878708341,0
-0.02270569518783107,1.569807,37.047107,-1.1396833615269792,1.0827806878708341,0
3.864037567358707,54.574177,-62.730489,1.6218121558258327,1.514672149820058,0
0.5071657004233316,-20.087832,70.206213,-0.9272606294229168,-0.5008213392763199,0
-0.758493288114442,19.607069,-78.889402,1.4801970010897911,-0.6447851599260612,1
0.24133816277782638,-71.408897,-156.982959,0.5596984953055205,-0.3568575186265786,0
1.7442591362542035,61.663181,82.922396,0.9137363821456246,1.3707083291703166,0
-0.6931507262268014,43.349349,177.981293,1.4093894237217703,0.0750339433226452,0
0.8828511449802082,-21.064749,14.392324,-1.3521060936310416,-0.3568575186265786,0
0.36710353735954543,32.769118,-86.970798,-0.7148378973188543,-0.7887489805758024,0
1.131671111023044,-44.560837,-123.797406,0.7721212274095829,-0.6447851599260612,0
0.4725862972334176,-52.849811,44.035271,1.126159114249687,-0.6447851599260612,0
-0.6987959132525694,60.028545,11.635481,-1.3521060936310416,-1.076676621875285,0
-0.5462056656337745,53.349512,136.426702,-0.0775697010066669,-1.2206404425250263,0
-0.7897521037945807,88.340881,-43.028106,0.5596984953055205,0.0750339433226452,0
0.3884058516811694,-26.630018,84.935389,0.7013136500415621,-0.06892987732709607,0
0.87408443993596,25.684071,-71.348969,0.5596984953055205,-0.5008213392763199,0
3.74802444256531,13.236329,102.033943,-1.210490938895,-0.5008213392763199,0
-1.1252044390003217,81.406025,-24.43346,-0.6440303199508335,-0.06892987732709607,0
-0.3234289676961679,10.828615,121.261866,0.34727576320145803,-0.7887489805758024,0
-1.2292464114597377,26.450496,-78.080412,-1.210490938895,-0.5008213392763199,0
-0.9540421916690985,18.850598,-166.652873,1.196966691617708,-1.3646042631747675,0
0.985452153671497,19.484289,-18.832708,-0.5024151652147918,0.6508892259216102,0
-0.16488032283480325,18.462218,84.498398,-0.006762123638646077,0.7948530465713516,1
1.8209352530437202,-65.565639,-165.87316,-0.6440303199508335,-0.3568575186265786,0
1.4150193426449758,-21.663778,118.762558,-1.0688757841589585,-0.06892987732709607,0
-0.6113625896517482,31.36765,-45.211039,-1.635336403103125,0.9388168672210928,0
3.5116273842962142,63.323365,-56.321424,0.34727576320145803,1.2267445085205755,0
2.1407984436503735,75.473165,174.294144,-1.3521060936310416,1.6586359704697993,0
-0.654893023703672,70.462271,92.819995,1.126159114249687,-0.3568575186265786,0
0.6692528193805283,69.627053,-56.394994,-1.4229136709990624,-1.5085680838245088,0
1.279635308144737,-15.534518,153.53261,-0.856453052054896,0.2189977639723865,0
-0.6202666936981233,47.357412,145.884978,0.4180833405694788,-0.9327128012255437,0
-1.233955757859706,69.355828,-171.234131,0.48889091793749967,-0.06892987732709607,0
-0.8586296808722828,18.443005,124.090468,1.4093894237217703,0.0750339433226452,0
-0.5979596423104075,-51.584599,-28.773543,0.2056606084654164,-1.6525319044742501,1
-1.2219209537700089,-5.860974,21.153029,1.6218121558258327,-1.6525319044742501,0
1.163810916899051,-52.23543,-147.121159,1.2677742689857288,0.2189977639723865,0
0.24512933388350983,13.808315,-170.679351,-0.0775697010066669,-0.9327128012255437,0
-1.0063553056196382,-4.993561,-3.048127,1.196966691617708,-0.21289369797683735,0
1.0336239120536095,66.442419,172.191012,1.6926197331938535,-1.2206404425250263,0
-1.124679111961923,59.201442,32.194815,-0.21918485574270855,1.514672149820058,0
1.491414430379774,-60.607095,-139.581509,1.4093894237217703,1.2267445085205755,0
-0.806208488926107,0.073695,-131.70847,-0.6440303199508335,1.2267445085205755,0
-0.5324790532116465,37.819319,38.427627,-1.0688757841589585,-1.5085680838245088,0
1.3240769174079405,22.016418,32.488283,1.126159114249687,0.7948530465713516,0
0.4951549660343948,85.95175,-56.787308,0.4180833405694788,0.506925405271869,0
-1.0842460086939374,3.300688,7.36104,1.126159114249687,0.2189977639723865,0
-0.22643844576974775,-69.792991,-133.490883,-0.21918485574270855,0.6508892259216102,0
2.3602141829843712,80.602561,107.697787,0.48889091793749967,-0.3568575186265786,0
-0.7888429784413288,-44.448924,110.091052,-1.0688757841589585,-0.06892987732709607,1
2.7042155374181527,22.543877,-123.898469,-1.210490938895,-0.5008213392763199,0
0.453640751207454,47.367311,170.381946,-0.6440303199508335,1.514672149820058,0
0.9974784834240251,38.301283,-119.89143,-0.6440303199508335,-0.06892987732709607,0
-0.3233788204136815,-65.037656,-116.815246,-1.5645288257351042,-1.6525319044742501,0
-0.07932610477870512,-86.670547,-45.557577,1.6218121558258327,-0.9327128012255437,0
-1.2234890282988653,0.988946,126.68466,-0.0775697010066669,0.9388168672210928,0
0.11868964400121117,40.168844,65.05931,-1.0688757841589585,-0.5008213392763199,0
0.14946914958413682,75.212179,-11.171141,1.6926197331938535,-1.076676621875285,0
-0.8324021835684962,-38.709953,57.632072,0.7013136500415621,-0.21289369797683735,0
0.686655852277003,82.046625,-177.898807,0.48889091793749967,-0.7887489805758024,0
-1.4691364264988225,-85.378909,-32.443961,0.06404545372937474,-1.6525319044742501,0
-0.5124467342522292,-78.856308,-112.301723,0.48889091793749967,-0.7887489805758024,0
-1.4038024364622865,-9.739954,72.263815,0.6305060726735413,1.3707083291703166,0
-0.5322618454766913,-20.74773,83.60616,1.126159114249687,-0.7887489805758024,0
-0.6077823089566695,-28.487237,122.081589,-1.7061439804711458,1.6586359704697993,0
0.8809434855675334,-7.032404,97.774506,-0.7856454746868751,1.2267445085205755,0
-0.09670435665640088,-11.195361,-70.97123,1.4801970010897911,-1.3646042631747675,0
-1.0685578148709454,47.110064,-125.1292,0.9845439595136454,-0.5008213392763199,0
-0.06167732147627008,3.471291,145.41118,-0.5024151652147918,-0.3568575186265786,0
0.08869848665824429,62.731484,113.497598,-0.21918485574270855,1.6586359704697993,1
-0.5711204815478713,-45.690338,14.544093,-0.006762123638646077,0.6508892259216102,0
0.5500796708201227,60.075437,119.067049,-0.0775697010066669,0.36296158462212774,0
-1.4988913450703363,-74.223661,1.926671,-0.0775697010066669,0.7948530465713516,1
-1.1262386812937084,-37.740184,-16.54836,-0.006762123638646077,0.506925405271869,0
-0.3420371309162125,-69.825954,-65.12891,-1.4229136709990624,1.0827806878708341,0
0.06973246154154583,-11.326502,-80.039363,0.13485303109739558,1.0827806878708341,0
0.02954630698477151,-64.29405,-75.386121,-0.36080001047875015,-1.6525319044742501,0
0.6975218116860262,69.846358,-103.651648,1.3385818463537495,-1.076676621875285,0
-0.24091125978296943,-71.627463,69.648205,0.7721212274095829,-0.21289369797683735,0
-1.169396359160468,75.418125,-134.17322,-1.5645288257351042,-0.06892987732709607,0
2.7189194530602334,84.145664,73.40345,-1.2812985162630208,0.2189977639723865,0
0.05084674532281217,59.826392,-161.532352,-0.5024151652147918,-0.6447851599260612,0
-0.4599698068395059,35.670872,136.280939,0.06404545372937474,-0.6447851599260612,0
0.5984423224283909,-59.646876,-64.895229,0.06404545372937474,-0.06892987732709607,0
0.21986461660664877,76.950053,109.628684,0.9137363821456246,-0.3568575186265786,0
-0.9055027921210427,85.995802,131.026628,1.4093894237217703,1.514672149820058,0
0.8244680197053711,-28.744809,-95.587694,1.0553515368816662,0.0750339433226452,0
-1.1997715433755984,-81.090141,106.06834,1.6218121558258327,-0.21289369797683735,0
-0.12132452128887952,-48.422665,98.630862,1.3385818463537495,-0.7887489805758024,0
0.4812353708322041,47.555665,-162.124324,0.13485303109739558,0.9388168672210928,0
-0.5562984547243879,-22.517338,147.173251,-1.0688757841589585,-0.9327128012255437,0
-1.476258192477588,69.466886,-40.743946,1.551004578457812,-1.5085680838245088,0
1.0544289557514244,-54.154506,43.017588,-0.21918485574270855,1.0827806878708341,0
0.05902285175433594,59.23869,-31.259157,1.4093894237217703,-1.5085680838245088,0
2.3218155823287234,19.54591,-62.277572,-0.7148378973188543,0.9388168672210928,0
-1.101902998398992,13.301915,146.062566,1.0553515368816662,0.2189977639723865,0
-1.2629879316778485,-6.393932,-168.243708,-1.2812985162630208,-1.2206404425250263,0
-0.7010618980955012,-6.072685,-111.619199,-0.7856454746868751,-0.21289369797683735,0
2.0743001428765915,-84.215617,55.887909,-0.5732227425828126,1.6586359704697993,0
0.1692586015655959,86.828968,-71.872428,0.6305060726735413,-0.6447851599260612,1
-0.8874161837870932,-78.928758,171.845523,0.8429288047776038,-0.6447851599260612,0
0.5133418530590179,74.633974,-65.342671,1.6218121558258327,-1.5085680838245088,0
-1.0440723337534892,-86.330992,118.341952,-0.0775697010066669,0.2189977639723865,0
1.4576876696614471,58.425571,82.458058,-1.1396833615269792,1.6586359704697993,1
-0.9520691682546427,33.871692,152.829076,-0.21918485574270855,-0.3568575186265786,0
0.00779587214548487,12.343481,-15.544811,-0.5024151652147918,-1.6525319044742501,0
0.2905470778950886,62.208236,-69.612941,-1.1396833615269792,-1.3646042631747675,0
0.2171776624444294,9.025158,-61.287283,0.06404545372937474,-0.21289369797683735,0
1.7661202991593483,47.960482,169.075693,-1.3521060936310416,0.9388168672210928,0
-1.5027470140495738,45.941092,151.776851,-0.5732227425828126,0.7948530465713516,0
0.32875212140355126,-19.75608,33.026241,0.5596984953055205,1.0827806878708341,0
-0.9328514864508287,-66.551357,-120.410831,-0.006762123638646077,-1.5085680838245088,0
-0.4663700439626218,-19.671895,-34.941345,-1.2812985162630208,0.506925405271869,0
0.7597232150343216,21.082464,94.23159,0.06404545372937474,0.9388168672210928,0
-0.798906321262627,-88.992148,-44.358448,0.7013136500415621,1.6586359704697993,0
-0.25675061286818757,17.002933,-16.506837,1.3385818463537495,-1.076676621875285,0
-1.4929025423136304,-6.949194,43.456046,-0.006762123638646077,1.0827806878708341,0
-1.118076303884543,-44.61546,-126.879473,-0.006762123638646077,0.7948530465713516,0
-0.6643485882532719,26.640384,41.293846,0.4180833405694788,1.2267445085205755,0
-0.678862997233828,32.914899,-83.230061,-0.431607587846771,0.2189977639723865,0
0.7427311585376786,-15.818227,160.242096,-0.6440303199508335,1.0827806878708341,0
1.432247895960472,7.866117,-125.634808,0.6305060726735413,1.3707083291703166,0
0.09639267965868373,-58.255303,-94.29666,0.34727576320145803,0.6508892259216102,0
0.09752638829755061,74.082821,158.036525,-0.431607587846771,-1.5085680838245088,0
-0.9371041662735676,25.256054,-118.370687,0.48889091793749967,-0.3568575186265786,1
0.19154857245572762,80.466276,1.285446,-0.006762123638646077,1.6586359704697993,1
-0.06302508841083637,-78.507234,119.828494,1.6218121558258327,-0.06892987732709607,0
0.9009914775724991,80.868805,-71.493684,1.4801970010897911,0.7948530465713516,0
-1.0804180164578414,48.127817,116.880887,-0.5024151652147918,-1.076676621875285,0
-0.11840168787286998,-19.748441,72.512021,-0.21918485574270855,-0.6447851599260612,1
0.16012557592714816,-36.956453,-53.101422,1.3385818463537495,-0.5008213392763199,0
-0.22318705115225496,-72.784865,-49.93834,-0.856453052054896,-1.5085680838245088,0
-0.9042465941323878,-61.941842,-165.717,-1.4937212483670832,0.506925405271869,0
-0.11005246730917599,-43.007897,-175.260414,-0.14837727837468773,1.0827806878708341,0
-0.6774960740440308,-61.020704,-90.24007,0.9845439595136454,-0.3568575186265786,0
0.059639763498565104,-57.882669,171.26516,-1.210490938895,0.0750339433226452,0
0.20888903730160435,-21.830626,-111.851727,-0.006762123638646077,-1.6525319044742501,0
-0.9359701337528361,-25.978564,39.761885,1.6926197331938535,1.6586359704697993,0
-0.23064791849366106,47.78916,-62.672105,-1.4229136709990624,1.0827806878708341,0
0.3605155094920665,-29.991748,-31.338407,1.126159114249687,-1.076676621875285,0
2.523746913779407,48.938763,71.080108,-0.5732227425828126,1.514672149820058,0
0.41288185952702405,52.005754,-92.593414,-1.3521060936310416,0.9388168672210928,0
-0.5981709074588928,-88.42499,51.704566,-0.0775697010066669,-0.7887489805758024,0
0.47108334298817933,-46.909761,72.949376,-0.0775697010066669,-1.5085680838245088,0
0.5944700094645654,11.846864,119.418165,-0.7148378973188543,1.0827806878708341,0
1.0101159052487778,-72.535422,-22.528259,1.126159114249687,1.0827806878708341,0
0.5469580945276924,22.250413,-130.166498,1.196966691617708,-0.9327128012255437,0
0.019899111337406822,31.998032,-102.994085,-0.7148378973188543,1.2267445085205755,0
-0.7566055833347614,80.564715,-90.960821,1.2677742689857288,-0.9327128012255437,0
-0.1394047663115285,38.63131,61.370302,-0.9980682067909376,-1.5085680838245088,1
1.1888108752174598,-63.416788,81.505169,1.4093894237217703,0.7948530465713516,0
-1.3540898857797237,-63.541784,138.315114,-0.431607587846771,-1.6525319044742501,0
-0.358217660147215,54.719171,10.492932,0.9137363821456246,1.2267445085205755,0
0.26435202061215946,-65.586907,32.410183,-0.006762123638646077,1.0827806878708341,0
-0.313469115672241,50.236788,73.72223,-0.856453052054896,0.6508892259216102,0
1.1086122276148056,57.800299,99.329562,0.7013136500415621,0.506925405271869,1
-1.0161307569109805,88.857921,-120.40121,1.3385818463537495,1.2267445085205755,0
-0.7563431419406803,43.512787,-18.226617,-1.4229136709990624,-0.7887489805758024,0
0.9887339439306478,44.690925,64.535152,-0.431607587846771,-1.3646042631747675,0
-1.2436411127203528,38.335205,26.114097,0.13485303109739558,-1.076676621875285,0
-0.0634238188483638,-11.659369,-95.653137,0.48889091793749967,0.2189977639723865,0
-1.4426796104372923,-87.751383,-114.365716,-0.431607587846771,0.36296158462212774,0
0.017027428973293745,-32.025607,20.892347,0.7013136500415621,0.9388168672210928,0
0.5650006742328973,-7.454488,127.285653,0.7013136500415621,-0.5008213392763199,0
1.4738144594845048,71.978273,-90.237088,1.4093894237217703,1.0827806878708341,0
-0.991273504390052,-3.535202,93.519347,0.7721212274095829,1.6586359704697993,0
-0.4124970771907853,-7.30966,-136.624966,-1.0688757841589585,-0.6447851599260612,0
-1.1570458193498199,12.284444,-1.78212,-1.635336403103125,-0.9327128012255437,0
-0.26444444383640486,-42.092519,139.420799,0.7013136500415621,0.506925405271869,1
0.5444884447172095,-42.265721,-90.545069,1.551004578457812,-0.21289369797683735,0
-1.212619379114578,-16.608941,53.907924,-1.0688757841589585,1.514672149820058,0
-0.6088277201960914,75.634548,94.658038,1.4093894237217703,-0.5008213392763199,0
1.924565281513455,30.644976,150.900728,1.6926197331938535,-0.3568575186265786,0
-0.8753253587527442,-22.581311,106.533086,-0.7148378973188543,-0.9327128012255437,0
1.5611826117366812,-19.30031,-95.566269,-1.0688757841589585,-1.3646042631747675,0
0.9233590987047342,-9.499309,20.275355,0.9845439595136454,0.2189977639723865,0
0.45198555160602844,-89.340017,14.883238,1.4093894237217703,-1.076676621875285,0
-1.4416160698139202,-85.272094,-7.567599,1.196966691617708,0.0750339433226452,0
0.5774124455863786,-71.966001,149.835329,-1.210490938895,0.506925405271869,0
2.9161866177341,65.531413,-168.83418,0.5596984953055205,-0.5008213392763199,0
1.4579918278186015,-42.25773,-114.648428,-0.28999243311072936,-1.076676621875285,0
-1.1299928338831702,9.123243,62.968661,-1.4229136709990624,1.6586359704697993,0
0.04229739016684795,-84.333869,134.808989,0.2056606084654164,0.6508892259216102,0
0.4987242509234083,43.01712,-129.683926,-0.0775697010066669,0.2189977639723865,0
2.1400878504214975,-17.682249,11.425963,-0.36080001047875015,-1.5085680838245088,0
1.0169037148490707,-35.377587,-41.256686,0.2764681858334372,1.514672149820058,0
-0.3202059509484996,-29.425836,-10.518239,-0.9272606294229168,-0.3568575186265786,0
-1.1612118177551551,-69.864075,169.28034,-1.3521060936310416,-1.2206404425250263,0
0.0658976282307615,-56.649614,6.571665,0.5596984953055205,-0.7887489805758024,0
2.4871759528437174,36.221022,117.341937,-0.7856454746868751,0.6508892259216102,0
-0.34520701918732816,83.100521,74.691519,1.0553515368816662,0.9388168672210928,0
0.0671344140326552,88.541821,90.49643,-1.4937212483670832,-1.6525319044742501,0
0.03388525805005601,52.520482,36.511383,1.6218121558258327,-0.6447851599260612,0
-0.6218159203378038,-73.816515,21.533137,-1.210490938895,0.0750339433226452,0
-0.550148805567159,-23.609621,57.814814,0.9845439595136454,-1.3646042631747675,0
-0.07738945429974045,-72.379105,-60.973128,-1.2812985162630208,0.0750339433226452,0
-0.5416022584372213,63.246068,30.19967,0.9845439595136454,0.506925405271869,0
-1.1391945421280314,-15.5824,-51.131713,-0.6440303199508335,-1.5085680838245088,0
0.16013636967847503,-78.631271,-140.353,-0.21918485574270855,-0.3568575186265786,0
-1.375225772886699,61.099505,28.165576,-0.14837727837468773,0.6508892259216102,0
0.21946803189837863,-74.40545,107.870527,0.34727576320145803,1.514672149820058,0
-0.19215326750517664,-46.082531,59.631893,1.196966691617708,-0.3568575186265786,0
-0.13903896006084304,-41.8832,154.830799,-0.6440303199508335,-1.5085680838245088,0
-0.9617047173788681,11.764587,-15.468231,-0.36080001047875015,-1.076676621875285,0
-0.17590045280585145,9.229064,23.199292,-0.14837727837468773,1.514672149820058,0
-0.03820003406836581,-82.384294,-111.210028,-1.4937212483670832,1.2267445085205755,0
-1.4363057144825082,6.870842,-142.158337,1.196966691617708,-1.2206404425250263,0
-0.27313598755528534,-86.676597,41.183386,-0.7148378973188543,1.3707083291703166,0
-1.331354806530401,84.450439,-126.067273,1.0553515368816662,-0.21289369797683735,0
-0.6957100993648183,-83.937366,-111.703821,-0.36080001047875015,1.514672149820058,0
0.3787256977504734,-64.073937,174.623869,-1.3521060936310416,-1.5085680838245088,1
1.0041176618831473,-30.847558,-66.392045,-0.9980682067909376,-0.7887489805758024,0
-1.0446857647912768,61.524568,104.226116,-0.9980682067909376,-1.6525319044742501,0
-1.238459447411031,-77.507849,-158.454746,1.4093894237217703,1.2267445085205755,0
-0.08609848302650451,-27.384761,53.956288,-0.21918485574270855,-0.3568575186265786,0
0.24475762601077716,-19.11512,43.782893,-0.36080001047875015,1.3707083291703166,0
0.2223598127227848,52.923894,110.668903,-1.210490938895,-1.3646042631747675,0
-1.2675536515090848,76.148225,50.684164,0.2764681858334372,-1.2206404425250263,0
-0.6782534184153309,-43.590845,-137.956073,-1.4229136709990624,-1.076676621875285,0
2.292240461559535,21.167132,-173.608738,0.7013136500415621,-0.9327128012255437,0
1.587948084863554,42.298963,152.430351,1.4801970010897911,0.506925405271869,0
-0.29780157549106534,-24.762786,32.335775,-1.635336403103125,1.2267445085205755,0
-0.7709740672781047,43.378385,36.190279,-0.856453052054896,1.3707083291703166,0
-1.469739490644935,45.559207,-124.442749,-0.5732227425828126,-1.2206404425250263,0
-0.5259478730114997,61.439606,127.783796,0.7721212274095829,0.506925405271869,0
1.260109452925813,58.801137,149.493444,-1.635336403103125,-1.2206404425250263,0
-0.26250609341385656,41.014126,-99.214309,-0.5732227425828126,-0.21289369797683735,0
0.09285181428889348,-6.579676,169.212385,1.4801970010897911,0.2189977639723865,0
3.1211119701051877,12.899074,-29.601602,0.7721212274095829,0.506925405271869,0
3.0707557265823033,40.016522,-136.048354,1.126159114249687,0.9388168672210928,0
-0.296929970019895,65.432626,-3.229848,-0.36080001047875015,-0.9327128012255437,0
1.9946745588912034,39.935977,153.979597,-0.5732227425828126,-1.2206404425250263,0
-0.4472730445423743,25.505177,74.461335,-1.7061439804711458,-1.6525319044742501,0
-0.8460971655751244,-16.38749,-106.136566,1.6218121558258327,1.3707083291703166,0
0.31963613597297275,-60.014486,-115.810112,-0.431607587846771,1.0827806878708341,0
-0.35380973878141936,-58.043007,-96.021735,-0.36080001047875015,0.9388168672210928,0
-0.7417084186015447,-37.266193,-14.11007,-0.006762123638646077,-0.6447851599260612,0
-0.09511566030944205,45.650762,39.349364,1.4093894237217703,-0.6447851599260612,0
0.07305043256842743,59.253727,-85.748949,-0.431607587846771,-0.7887489805758024,0
1.3532094221655555,-38.112679,-74.697176,1.2677742689857288,-0.7887489805758024,0
0.33396403044995115,-16.748361,63.711067,0.7721212274095829,-1.5085680838245088,0
-1.1155968776136116,-74.423952,-22.338032,-0.7856454746868751,-0.7887489805758024,0
-0.1360449890007466,39.099935,116.644766,0.34727576320145803,-1.076676621875285,0
-0.7529278533161388,26.176713,40.855619,-0.0775697010066669,1.6586359704697993,0
0.15604613318698143,-76.366668,71.065108,-0.14837727837468773,-0.06892987732709607,0
-0.6869233807208823,-23.580877,146.207909,0.4180833405694788,-1.2206404425250263,0
-1.0792592268016103,43.702757,-26.830197,1.4093894237217703,1.514672149820058,0
0.5035603368660587,33.551705,-150.121753,-0.28999243311072936,-1.076676621875285,0
-1.1633342780915348,-33.427468,93.818954,-0.006762123638646077,1.3707083291703166,0
1.0842695144939765,86.625252,-99.775746,0.13485303109739558,1.514672149820058,0
0.6371849074935148,86.841104,125.470753,-0.36080001047875015,-1.2206404425250263,1
-0.2738464896802248,34.543402,5.335879,1.4093894237217703,1.0827806878708341,0
2.9492892663535115,36.929055,-29.20395,-0.9980682067909376,-0.5008213392763199,0
-0.4446904799846267,-30.773345,63.187259,1.4093894237217703,-1.6525319044742501,0
-0.20152537219913888,56.20285,-50.146277,-1.0688757841589585,-0.5008213392763199,0
0.5950451289827952,-5.192284,172.841453,-1.635336403103125,0.36296158462212774,0
-0.9787127059857404,6.558985,106.304945,-0.431607587846771,-0.5008213392763199,0
-0.8259667492745836,83.036109,147.674204,1.551004578457812,-1.6525319044742501,0
-0.8381926347439972,28.729319,162.913926,-1.635336403103125,1.0827806878708341,0
0.523644702604931,-80.31717,-121.81859,-0.5024151652147918,-0.21289369797683735,0
-0.42542753502719577,-52.925008,-29.247039,-0.7148378973188543,0.7948530465713516,0
0.5132718141277248,-42.538882,121.009387,-1.5645288257351042,1.0827806878708341,0
-0.503351462788258,-22.916937,-135.167662,-0.14837727837468773,0.0750339433226452,0
0.5724230850324882,5.653208,29.304172,1.4093894237217703,0.2189977639723865,1
-0.2715001576126313,69.658543,-169.961815,1.4093894237217703,-1.5085680838245088,0
2.544650279491298,28.355792,64.817155,-1.3521060936310416,-1.6525319044742501,0
-0.317127730585192,-21.321051,47.124484,0.06404545372937474,0.0750339433226452,0
-1.285868127100008,-4.304411,47.017953,-0.6440303199508335,0.7948530465713516,0
-1.1156995163839802,-1.054123,150.438377,0.06404545372937474,-0.7887489805758024,0
-0.933062129698171,79.307206,174.381046,-1.5645288257351042,-0.06892987732709607,0
-0.6727341547860318,79.967153,110.164997,-1.2812985162630208,-0.6447851599260612,0
0.006720657028312828,-26.842579,-130.861801,-0.7148378973188543,0.6508892259216102,0
-1.359674568023972,62.504096,-0.875546,-0.6440303199508335,-1.6525319044742501,1
1.333519362696844,-76.227579,-31.343042,-0.28999243311072936,-1.3646042631747675,0
-0.023957769580106918,-9.943336,-1.381371,0.8429288047776038,0.0750339433226452,0
0.17180031645392305,19.479417,152.369001,1.3385818463537495,0.506925405271869,0
0.597723291160772,33.939849,19.715852,-0.7148378973188543,-0.6447851599260612,0
-0.06567383660998712,27.1516,-134.788742,-1.7061439804711458,-1.6525319044742501,1
-0.26874227363129966,-53.24362,-85.903893,0.8429288047776038,-0.5008213392763199,0
-0.4070296700431678,32.399987,123.813026,-0.7856454746868751,1.3707083291703166,0
1.9678164036769388,39.763012,-62.797738,-1.7061439804711458,0.7948530465713516,0
-0.18899674991239027,-44.555555,-68.640492,-1.3521060936310416,0.2189977639723865,0
-0.5343860997004776,-7.790994,92.719879,-0.006762123638646077,-1.2206404425250263,0
-0.08258375391490187,74.84259,-86.429787,-0.9272606294229168,1.2267445085205755,0
-0.844229125862568,47.635885,-150.21351,-1.2812985162630208,0.2189977639723865,0
-0.5152143777488548,-62.616241,3.952741,0.6305060726735413,-0.3568575186265786,0
-1.2016251531746656,59.847036,-105.842495,0.8429288047776038,-0.6447851599260612,0
0.6117249761715431,-16.946474,-81.606005,-1.1396833615269792,-0.3568575186265786,1
-0.8756556933334392,23.691261,108.50113,0.2764681858334372,0.7948530465713516,0
-0.2976673859020555,42.741069,-170.827779,-0.7856454746868751,-0.3568575186265786,0
-0.39127124776888383,-33.460621,-46.768818,-1.210490938895,-0.3568575186265786,0
-0.957641079962238,22.786587,-117.743597,-1.4937212483670832,0.0750339433226452,0
-0.18271884909171351,-3.940633,-103.909121,0.5596984953055205,-0.3568575186265786,0
-1.249764706235438,-10.881265,-43.577636,0.5596984953055205,-0.06892987732709607,0
-0.7890926583985272,-62.078311,173.225153,-1.0688757841589585,1.0827806878708341,0
-0.5515057414530777,-83.690191,166.245413,0.8429288047776038,1.514672149820058,0
-0.2027032907116157,14.021492,-58.666825,1.2677742689857288,-0.3568575186265786,0
-0.16964450629718247,-65.062894,-27.285269,0.06404545372937474,1.3707083291703166,0
-0.09842928754078428,60.301521,53.863341,-0.856453052054896,-0.6447851599260612,1
-0.25615250542463947,-22.102208,174.234881,0.7013136500415621,0.506925405271869,0
-0.9387830397230138,-0.59383,-98.996198,0.9845439595136454,-1.3646042631747675,0
-0.20346588380846167,-31.22164,-92.253316,-0.431607587846771,-1.6525319044742501,0
0.32124502339475675,-16.935486,-58.062194,-0.0775697010066669,-0.7887489805758024,1
0.5439037404609366,86.595499,-20.045014,-0.14837727837468773,-0.5008213392763199,0
-0.4232645823532553,86.006751,-14.455268,0.9845439595136454,-1.2206404425250263,0
-0.011695307990765066,-88.860636,-64.795547,-0.9272606294229168,1.2267445085205755,0
0.45767127175717515,2.386634,-149.291291,0.06404545372937474,0.36296158462212774,0
0.48625818724153047,31.78329,-127.875368,0.7013136500415621,0.7948530465713516,0
-1.344668034494315,60.629548,-57.150545,1.196966691617708,-1.6525319044742501,0
-0.6695701901803,67.35998,-12.770523,0.2764681858334372,0.506925405271869,0
-1.0390910684747816,79.348548,-105.750439,1.4093894237217703,1.514672149820058,0
1.7231607741862982,-50.953533,-30.116182,0.48889091793749967,-0.6447851599260612,0
0.09497471199099525,18.909672,61.144182,0.7721212274095829,1.2267445085205755,0
-1.4230529331472974,15.18966,-76.237433,1.6926197331938535,-1.3646042631747675,0
-1.4828430648013924,42.901106,-179.743503,0.2764681858334372,0.9388168672210928,0
2.4566943946729105,13.086963,-167.360259,0.5596984953055205,-1.3646042631747675,0
0.595631542038803,41.042599,102.111277,-0.7148378973188543,0.2189977639723865,0
-0.6036697038269903,-1.146881,45.260442,1.3385818463537495,0.36296158462212774,0
0.30935330239624126,1.625013,-179.218816,-0.856453052054896,0.6508892259216102,0
1.2982928629445278,62.777243,-15.12384,1.196966691617708,-1.6525319044742501,0
-1.5174995312973438,47.712975,174.131372,0.8429288047776038,1.514672149820058,1
-0.6490842278558057,13.232371,176.884537,0.2056606084654164,0.506925405271869,0
0.6381980045091563,-80.234864,74.760703,1.196966691617708,-1.3646042631747675,0
-1.1896096342238387,-85.542553,-78.128924,-0.14837727837468773,-1.2206404425250263,0
0.2383105137270159,-39.140174,41.375492,-1.3521060936310416,0.36296158462212774,0
-0.09519186313262874,32.23243,-94.015869,-0.28999243311072936,-0.06892987732709607,0
-1.499964251694335,27.241695,-95.642081,-0.21918485574270855,-0.3568575186265786,0
-0.48359787547811706,0.301447,13.811918,1.4093894237217703,-1.5085680838245088,0
-0.5867894986967943,44.468702,-101.905172,1.551004578457812,1.0827806878708341,0
0.46633618646547303,-79.894423,-174.714644,0.7013136500415621,0.36296158462212774,1
-0.4932835860231472,-59.493943,-78.945788,1.196966691617708,-1.3646042631747675,0
-0.8288494365055973,1.946143,85.149433,1.4801970010897911,1.6586359704697993,0
-0.7538880153362527,-84.20628,9.383975,1.0553515368816662,-0.21289369797683735,0
0.178068446799748,54.577488,-130.102031,-1.0688757841589585,-1.3646042631747675,0
-0.4371701144478159,39.862087,13.985014,-0.7148378973188543,-0.3568575186265786,0
0.8836987710905319,-3.889117,-2.172701,-1.5645288257351042,-0.7887489805758024,0
-0.9252884482222176,-15.441771,31.013217,0.2056606084654164,-0.06892987732709607,0
-0.1794385020415698,89.224801,127.816445,1.196966691617708,-0.06892987732709607,1
0.06336964344578881,-12.872051,-53.924401,-0.5732227425828126,0.506925405271869,0
0.9847591679787857,69.317886,31.811047,1.196966691617708,-1.6525319044742501,0
-0.6759281093614861,-71.738063,-26.312298,1.2677742689857288,-0.21289369797683735,0
-1.3303755229198106,50.599503,70.823202,0.9137363821456246,-1.2206404425250263,0
2.4095993162125575,55.385956,145.620127,-0.856453052054896,0.36296158462212774,0
-1.4358085867960253,-61.758823,-109.39438,-0.6440303199508335,-0.7887489805758024,0
1.0091774688728932,-47.196167,-112.774629,0.7013136500415621,0.506925405271869,0
0.2852180108286692,62.396679,-169.078195,0.7013136500415621,0.7948530465713516,0
-0.466640700957409,20.030245,170.42579,0.5596984953055205,-1.076676621875285,0
-1.0002705817519018,-17.782336,69.098621,1.4801970010897911,-0.9327128012255437,0
0.6274583218414848,87.56207,-92.568365,-1.2812985162630208,-0.6447851599260612,0
-0.4041179986733051,-6.508683,-21.707652,0.8429288047776038,-0.5008213392763199,0
0.8135147455226094,10.386306,81.049275,-1.635336403103125,1.3707083291703166,0
0.18148644970699665,-43.765811,-76.231777,0.5596984953055205,1.3707083291703166,0
-0.05915192607983824,-24.731575,-69.152586,-0.21918485574270855,-1.5085680838245088,0
-0.9602717486925025,-59.773537,133.958949,1.551004578457812,0.36296158462212774,0
-1.5480614968932447,40.389169,160.509694,-1.4937212483670832,-0.21289369797683735,0
1.166826594259233,74.618828,49.52212,-1.635336403103125,1.514672149820058,0
1.5939349939699994,63.396308,84.385158,-1.4937212483670832,0.9388168672210928,0
1.0707619667006676,-51.320118,-142.041595,0.06404545372937474,-1.6525319044742501,0
0.7483957275264175,-52.598117,-129.987632,-1.4229136709990624,1.6586359704697993,0
0.35507668885000554,-5.222349,157.259088,1.3385818463537495,1.514672149820058,0
-0.7464304320801736,11.264094,-152.545063,-1.0688757841589585,0.0750339433226452,0
-0.049049751409175606,-67.823692,88.577898,0.9137363821456246,0.0750339433226452,0
-0.6047588847191717,-17.573835,-28.506169,0.6305060726735413,1.2267445085205755,0
-1.4204999008043464,36.620804,-163.761039,-0.006762123638646077,-0.3568575186265786,0
-0.5424396303302176,-10.586623,117.863767,1.196966691617708,-1.6525319044742501,0
3.692394472396427,-83.922278,-64.384162,1.6218121558258327,-1.3646042631747675,0
-1.357978869278213,-9.891332,4.809275,0.9845439595136454,1.2267445085205755,0
0.1369593958387148,-70.550108,-20.882496,-1.4937212483670832,0.9388168672210928,1
0.05031566161630935,71.199075,120.289777,-1.4229136709990624,1.0827806878708341,0
1.2391564851972359,-61.724095,160.984396,0.2764681858334372,-0.06892987732709607,0
0.11511653093581967,36.086145,58.929478,0.2056606084654164,0.6508892259216102,0
0.8652319221193654,-19.838778,149.749379,0.13485303109739558,1.6586359704697993,0
2.2093292233186945,28.269084,6.366075,-1.3521060936310416,-0.06892987732709607,0
-1.0554635032970172,25.645487,-60.250396,-0.5732227425828126,-0.06892987732709607,0
-0.21196678759168133,49.837664,-13.104846,0.9137363821456246,1.0827806878708341,0
-0.30505401109514324,42.187004,-50.995283,-0.36080001047875015,1.3707083291703166,1
1.2470017266445625,-89.149192,66.678539,1.0553515368816662,-0.9327128012255437,0
0.20097642276753971,-89.280235,-124.551627,1.126159114249687,-0.3568575186265786,1
-1.2670267032628033,11.996058,68.668028,0.8429288047776038,-0.7887489805758024,0
0.11533507417628751,16.591914,12.381734,-0.9272606294229168,-0.3568575186265786,0
-0.4479798719809106,-13.489932,-109.231069,1.6926197331938535,-1.076676621875285,1
-0.04929351959509596,7.059783,178.966768,0.2764681858334372,-0.3568575186265786,0
0.537103389688423,17.13478,-99.645855,-1.1396833615269792,-0.3568575186265786,0
1.8762847311648905,31.486429,-99.083196,1.4093894237217703,0.36296158462212774,0
-0.5574637661119362,-83.53505,-95.008144,-0.856453052054896,0.506925405271869,0
1.8557200911586151,11.468198,115.051965,0.9137363821456246,1.2267445085205755,0
-0.3977278489689448,16.606363,-158.967219,0.8429288047776038,0.6508892259216102,0
0.2350327151004897,-80.430779,-100.082033,1.4093894237217703,-0.9327128012255437,0
-1.0285125259027466,50.12438,-167.710235,-0.9272606294229168,0.9388168672210928,0
1.3069629049592357,27.027223,-29.354538,1.6218121558258327,-0.06892987732709607,0
0.3032078697639694,28.229063,134.832402,-0.21918485574270855,1.6586359704697993,0
0.45375615570292077,-53.903353,-39.49443,-1.7061439804711458,-1.076676621875285,0
-0.6094244188269015,47.185659,161.648792,-1.7061439804711458,0.506925405271869,0
-0.07513528087325094,28.366942,81.309631,-0.856453052054896,-0.9327128012255437,0
-0.4829853266604067,44.859051,59.68191,0.9845439595136454,-0.3568575186265786,0
1.7082181863238446,-17.933475,-76.640508,-1.3521060936310416,-0.06892987732709607,0
-0.12409887430626254,-26.719143,128.82572,0.2764681858334372,-0.9327128012255437,0
0.9153393871986597,35.390968,-76.015319,1.4093894237217703,0.2189977639723865,0
-1.2258929457482224,75.994773,52.996893,-1.4937212483670832,-0.5008213392763199,0
3.5855606376930167,-3.239366,39.003311,0.9845439595136454,-1.3646042631747675,0
0.8972457964067893,-38.444315,-102.345021,-0.21918485574270855,0.36296158462212774,0
-0.05394247106440609,-25.304137,-61.99949,-0.0775697010066669,0.2189977639723865,0
-1.2416843811634162,-89.868776,145.327317,-1.7061439804711458,-0.6447851599260612,0
0.40014948383579907,55.716254,-81.543084,-0.9272606294229168,0.6508892259216102,0
-0.18423837921701722,-86.256289,58.976978,0.48889091793749967,1.0827806878708341,0
-0.43998780206617055,87.36644,-154.155583,-0.7148378973188543,1.3707083291703166,0
0.2770940244860623,-19.09854,-48.649472,-0.9272606294229168,1.0827806878708341,0
-0.2967670475175488,-55.629469,-56.053062,0.4180833405694788,0.2189977639723865,0
1.729684886591752,-1.479597,-88.069733,-0.0775697010066669,-1.3646042631747675,0
0.3677303944669573,5.82584,-75.521295,0.5596984953055205,-1.3646042631747675,0
0.1724041109191042,-71.937458,-113.507954,-0.5732227425828126,1.6586359704697993,0
0.6057993998771761,-8.061575,-20.441627,-0.28999243311072936,1.3707083291703166,0
-1.3895892608633846,-0.156725,89.64746,-0.14837727837468773,-0.6447851599260612,0
-0.33244050178534196,73.584263,132.594699,1.6218121558258327,1.2267445085205755,0
1.5422145427371001,47.674266,-153.291641,-1.635336403103125,0.2189977639723865,0
-0.4405870996310761,51.239254,67.803022,1.6926197331938535,-1.076676621875285,0
0.36635144196302627,-16.109864,-166.527524,1.196966691617708,0.7948530465713516,0
3.344051883030813,23.3985,106.869498,1.196966691617708,0.506925405271869,0
-0.9846202327750443,14.482073,158.635577,-1.7061439804711458,-0.7887489805758024,0
0.8531766451954909,49.28882,-11.905443,-1.635336403103125,-0.7887489805758024,0
2.6024038595449337,50.864932,-122.1286,1.126159114249687,0.6508892259216102,0
0.5905511992210472,72.433215,-2.009118,-1.4937212483670832,-0.5008213392763199,0
-0.6598510341423508,21.882795,-66.880741,0.7013136500415621,0.2189977639723865,0
2.1906638056226253,-67.284734,-125.91355,1.551004578457812,0.7948530465713516,0
-1.426970818588873,-71.602612,57.713962,-1.2812985162630208,0.7948530465713516,0
1.1132882439881107,-36.309039,5.216359,-0.7148378973188543,-1.5085680838245088,0
-0.1891405867457395,-87.149121,-104.432362,0.8429288047776038,0.36296158462212774,0
0.07200315395353485,-83.54754,75.428738,0.9845439595136454,0.0750339433226452,0
-0.9097147754341939,21.58832,-117.645029,1.551004578457812,-0.9327128012255437,0
-0.18554548100137322,17.465305,-96.123124,0.2056606084654164,-1.3646042631747675,0
0.12766390981794187,-59.205894,-149.098004,-0.6440303199508335,0.9388168672210928,0
3.2080751883962897,47.383616,56.448531,0.9137363821456246,-1.6525319044742501,0
1.8123439382028168,51.304514,-5.0736,-0.9272606294229168,1.3707083291703166,0
3.088771375806988,77.4562,-92.043782,0.5596984953055205,-0.06892987732709607,0
-1.2299145548556571,-68.171428,93.305819,0.8429288047776038,0.506925405271869,0
-0.40105491550634476,-26.922923,-147.316989,0.7013136500415621,-0.5008213392763199,0
-0.4906120878876128,-24.711701,16.293265,1.2677742689857288,0.0750339433226452,0
-1.4813728822880872,37.167768,-121.437934,-1.210490938895,-1.5085680838245088,0
-0.14281472008781318,27.502187,-7.146967,1.6926197331938535,-0.7887489805758024,0
-0.7793962430294511,-40.04688,130.325702,1.4801970010897911,1.3707083291703166,0
4.419325914130279,-25.945053,-38.498322,0.2764681858334372,0.36296158462212774,0
-0.6565255092343487,-10.950167,166.396897,1.551004578457812,-0.7887489805758024,1
1.81346821607107,46.040973,-161.233819,0.6305060726735413,-0.7887489805758024,0
1.632579207979295,-51.421894,-84.89876,-1.635336403103125,0.9388168672210928,0
3.6114389582644844,72.773898,130.234836,-0.9272606294229168,-0.3568575186265786,0
-0.6322888912569831,-12.179102,100.571882,1.6218121558258327,-0.6447851599260612,0
1.3610123130587897,-57.758259,62.140866,1.4801970010897911,-0.9327128012255437,0
0.7527494119128356,76.641633,108.755472,-0.36080001047875015,1.3707083291703166,0
-0.977005486492334,39.254492,-76.867422,1.4801970010897911,0.9388168672210928,0
-0.6614443877400258,-10.816568,22.426698,-0.21918485574270855,-0.3568575186265786,0
-0.1602624141297217,-18.217167,29.785721,-1.1396833615269792,-1.6525319044742501,0
-0.33478161623411173,-78.118347,26.845737,0.13485303109739558,1.0827806878708341,0
-0.258540257632828,-82.28886,84.229979,-1.0688757841589585,-0.06892987732709607,0
-1.1009801263138133,80.778298,-107.307321,1.6218121558258327,-1.2206404425250263,0
-0.8878755955136773,-17.470237,56.023422,-0.36080001047875015,-0.3568575186265786,0
0.5633059348388894,-54.8525,71.91482,0.8429288047776038,0.2189977639723865,0
-0.05116472456465816,-36.258398,43.66013,0.6305060726735413,-0.6447851599260612,0
-0.7976790996314088,72.091238,-44.695197,-1.4937212483670832,0.9388168672210928,0
-0.507221773018094,-73.32958,30.835581,-0.28999243311072936,-0.21289369797683735,0
0.0934269731820698,77.565691,110.073265,-1.635336403103125,-1.6525319044742501,0
-0.13783055537983283,18.968649,-116.323411,0.4180833405694788,0.2189977639723865,0
0.9314971358114852,75.483845,-106.391651,-0.431607587846771,-0.6447851599260612,0
0.740619956835559,-60.183785,-118.096738,-0.856453052054896,0.2189977639723865,0
-0.2221008329904539,24.010102,-166.759657,-0.5732227425828126,-1.2206404425250263,0
-1.0387119734382195,32.973036,-2.046106,-1.4229136709990624,-1.6525319044742501,0
-0.38593348610267986,-19.538323,154.909862,-0.14837727837468773,-1.3646042631747675,0
0.5329123319072072,49.24585,128.995709,0.7013136500415621,0.36296158462212774,1
0.3899924108083084,39.332575,-168.389641,1.4093894237217703,0.9388168672210928,0
0.9291901017523256,62.601096,-147.699201,1.551004578457812,-1.076676621875285,0
0.05641065967211177,-80.035661,-70.107192,0.7013136500415621,1.2267445085205755,0
-0.6105640487847159,21.034702,123.459654,-0.21918485574270855,-0.06892987732709607,0
0.41959693723038627,-65.958706,139.585415,-1.7061439804711458,0.2189977639723865,1
-0.9145516824851594,-50.894697,7.323388,1.6218121558258327,-1.076676621875285,0
1.189728256105606,65.074164,23.907687,-0.5732227425828126,1.2267445085205755,0
2.868312427727614,-39.036957,168.394574,0.9845439595136454,1.2267445085205755,0
-1.4315027419929163,-59.308244,129.880827,-0.14837727837468773,-0.21289369797683735,0
-0.8980750358980217,-14.959602,-87.89315,-0.0775697010066669,-0.06892987732709607,0
0.049511178182854804,2.178845,12.150044,0.7013136500415621,0.36296158462212774,0
2.164401171468692,-69.278255,-141.402587,-1.1396833615269792,1.514672149820058,0
1.3963908896933428,0.048083,141.658432,-0.21918485574270855,-0.06892987732709607,0
0.10572767016547234,-2.06287,-102.507312,-1.635336403103125,-0.21289369797683735,1
-0.25947104252517955,-4.441794,-59.339283,-1.2812985162630208,1.6586359704697993,0
2.1463773498511367,-56.79645,28.534577,-0.5024151652147918,-0.6447851599260612,0
0.24602491342213073,13.447096,89.218556,-1.0688757841589585,-0.7887489805758024,0
-1.342399637655752,38.637183,-166.700059,-1.4937212483670832,-0.3568575186265786,0
-1.3619790139255796,14.895063,-35.620002,0.9845439595136454,-1.2206404425250263,0
1.5940060447289868,-41.779264,133.031246,0.7721212274095829,-0.21289369797683735,0
2.392062469279508,-37.010942,16.818099,-0.5024151652147918,-0.3568575186265786,0
-0.1558851207020509,9.740416,22.671634,-1.635336403103125,0.6508892259216102,0
-0.4938248434476827,12.190629,178.046624,-1.5645288257351042,1.3707083291703166,0
-0.9485999422434523,-15.737283,-155.603141,0.9845439595136454,-1.3646042631747675,0
-0.11089827910075738,35.351303,-102.177528,1.6218121558258327,-1.3646042631747675,0
-1.104097107663818,49.498139,-141.910462,-1.635336403103125,1.3707083291703166,0
-1.0252632045862775,-72.484073,49.025097,0.48889091793749967,0.36296158462212774,0
-0.801472542925449,37.099452,175.880986,-1.3521060936310416,-1.2206404425250263,0
0.7939404766516038,-47.416445,83.514601,0.8429288047776038,1.3707083291703166,0
-1.1106082797314198,-23.574829,-30.461312,-1.635336403103125,0.6508892259216102,0
0.4680888824949047,39.526805,90.575232,0.06404545372937474,-0.21289369797683735,0
2.0169921531738306,-62.770138,-136.551387,0.9845439595136454,-0.7887489805758024,1
0.5058481314703714,-65.060275,-19.111049,1.3385818463537495,-0.3568575186265786,0
-0.7919924579142081,57.925446,-99.187439,1.126159114249687,0.2189977639723865,0
-0.42678042100493413,-20.227506,-2.182128,1.6926197331938535,-1.6525319044742501,0
1.0205466462771033,-11.503165,127.817532,-1.4229136709990624,-0.6447851599260612,0
0.46778739582565704,-13.837376,-76.168002,-0.431607587846771,0.2189977639723865,0
2.4185339302519013,-69.081463,-57.632535,1.4093894237217703,-0.3568575186265786,0
0.759504634696756,-38.118207,110.171851,-0.36080001047875015,-0.5008213392763199,0
-1.0392212198474742,-70.606678,-4.61957,0.4180833405694788,1.0827806878708341,0
-0.40569050000234447,-0.478996,-173.214081,1.4093894237217703,0.2189977639723865,0
0.13532609188952757,38.687084,-175.347128,-1.2812985162630208,0.0750339433226452,0
-0.7344662775002028,21.308318,21.52627,0.4180833405694788,0.506925405271869,1
-0.10589396474208121,-22.670417,-25.721499,0.4180833405694788,-0.9327128012255437,0
0.888423064789596,26.384765,-37.97765,-1.1396833615269792,-0.6447851599260612,0
0.37038488473277387,-66.562304,30.812836,1.6218121558258327,0.506925405271869,0
-0.2780917919415637,-49.018059,-168.049278,1.6926197331938535,-0.21289369797683735,0
0.21531062394344258,-6.601067,24.624391,-1.0688757841589585,1.514672149820058,0
0.9913790260243787,-62.195275,-11.05916,1.126159114249687,1.6586359704697993,0
3.157462025857282,-20.905963,-47.305528,-1.5645288257351042,-0.7887489805758024,0
1.2327480912754143,-17.243915,-164.627998,1.6926197331938535,-0.21289369797683735,0
2.905779077074758,81.294672,164.415051,0.13485303109739558,-0.7887489805758024,1
-0.3355169363847435,40.741955,-139.735068,-1.3521060936310416,-1.3646042631747675,0
0.5079959706060647,-58.143537,1.481412,-0.14837727837468773,-0.5008213392763199,0
-1.5170193826479332,7.233961,106.233076,-0.6440303199508335,1.0827806878708341,0
0.22280384455758745,-71.654906,-68.694012,1.3385818463537495,-1.5085680838245088,0
-0.6158275399347074,6.097956,-38.381228,1.126159114249687,-1.2206404425250263,0
-0.7695023238484656,44.916252,-72.795365,0.4180833405694788,1.0827806878708341,0
-1.1618201621917297,-53.55894,13.009139,1.2677742689857288,-1.2206404425250263,0
0.7226720553683199,-4.612438,54.020552,-0.21918485574270855,-0.6447851599260612,0
2.658936396299306,26.011557,87.936483,1.551004578457812,0.506925405271869,0
0.5330697188161475,-65.032362,49.952004,-1.4229136709990624,0.506925405271869,0
-0.9273009779583078,-86.820634,75.708535,-0.6440303199508335,1.6586359704697993,0
-0.44396826759666413,83.390807,147.976847,-0.006762123638646077,-0.3568575186265786,0
-1.1971828097696524,68.211547,35.008653,0.9845439595136454,1.3707083291703166,0
-0.8356703035505055,-56.967352,74.945243,0.7013136500415621,-0.6447851599260612,0
0.5540990984290844,78.760792,-153.811031,0.06404545372937474,1.2267445085205755,0
1.1766042506309622,78.74524,136.149563,-0.28999243311072936,0.9388168672210928,0
3.569990790240351,-42.757123,-123.672701,-1.2812985162630208,0.36296158462212774,0
-0.4099551897257652,-23.238401,-62.31011,0.06404545372937474,0.506925405271869,0
0.4065212379296051,-80.553717,143.419591,-0.7856454746868751,-0.6447851599260612,0
-0.059434612551673816,88.565648,-60.486453,1.0553515368816662,-1.5085680838245088,0
-0.9644866473847882,7.618982,27.424287,-0.5732227425828126,-0.7887489805758024,0
2.2299750963684932,-63.444288,-40.991391,0.06404545372937474,-1.076676621875285,1
0.07368178607174433,-38.320843,65.292254,1.0553515368816662,0.0750339433226452,0
-0.36740950187051435,86.096701,-142.955622,0.5596984953055205,1.6586359704697993,0
-0.8362779624371945,-78.454032,128.794805,1.196966691617708,0.7948530465713516,0
0.6767313453837356,-76.753344,124.225994,-0.9980682067909376,-0.3568575186265786,0
-0.1184190427574987,-55.700402,-149.553102,0.9845439595136454,-1.2206404425250263,0
0.9740270889310727,27.219128,-3.203565,-1.1396833615269792,-1.5085680838245088,0
0.25447299390203465,-49.634725,-70.890136,-0.9980682067909376,1.0827806878708341,0
0.04737840050633551,-52.969416,-120.317516,1.2677742689857288,0.506925405271869,0
0.022770198922063976,-49.273281,-5.315277,0.5596984953055205,0.36296158462212774,0
-0.557642310855727,-54.341881,129.95482,0.2764681858334372,-1.6525319044742501,1
1.0823787144169832,-82.126018,-44.329609,-0.7148378973188543,-0.5008213392763199,0
0.26701748497455347,-75.50143,-100.585387,1.6926197331938535,1.514672149820058,0
-0.18092065058720722,-17.749759,4.843283,0.7721212274095829,-0.7887489805758024,0
-1.3881231503488767,59.437715,-62.977363,-1.210490938895,-0.06892987732709607,0
2.5078203632831264,30.558095,-131.837413,0.9137363821456246,-1.3646042631747675,0
-0.0646799759769792,74.874874,-162.220573,-1.0688757841589585,0.506925405271869,0
0.9530644482340724,-62.90631,-28.984719,-1.4229136709990624,0.0750339433226452,0
0.0899061976281039,33.07496,84.216267,-1.3521060936310416,-0.9327128012255437,0
-0.8949267616401589,-86.039007,140.426543,-0.0775697010066669,0.7948530465713516,0
-0.30533321940184555,71.994175,-133.847224,-0.14837727837468773,-0.5008213392763199,0
-0.04365456045138693,-70.336841,-152.975636,0.34727576320145803,1.6586359704697993,0
-1.361299723835027,-47.006836,175.923484,1.6218121558258327,-0.7887489805758024,0
-0.5694656977934117,73.782572,179.47405,1.4093894237217703,-0.5008213392763199,0
0.012654487398243751,-32.640901,-49.685086,0.9137363821456246,1.6586359704697993,0
0.724563229171347,-63.900194,-125.345129,-1.635336403103125,1.0827806878708341,0
0.4279476674420649,48.624046,-19.054734,1.0553515368816662,1.0827806878708341,0
-1.3931905278560839,89.276148,-89.032838,1.4801970010897911,-1.2206404425250263,0
-0.9636527282725759,-70.98029,47.328873,-0.21918485574270855,-1.6525319044742501,0
0.17468156252261588,84.000817,-65.609787,1.4801970010897911,-1.6525319044742501,0
0.11425631163441147,-85.329306,83.059707,-0.0775697010066669,-1.076676621875285,0
-1.0283788187756475,-49.984891,176.620326,0.7013136500415621,-0.9327128012255437,0
0.42335785452349406,12.203473,-136.434848,-0.14837727837468773,-0.21289369797683735,0
-0.6152260231585037,51.008887,152.568584,1.126159114249687,-0.9327128012255437,0
-0.040042645945153825,88.652298,102.575921,0.48889091793749967,1.6586359704697993,0
-0.3609166077574515,74.899449,-18.443376,-1.5645288257351042,1.2267445085205755,0
0.7896675383564027,-53.488409,-117.975773,-1.7061439804711458,-0.5008213392763199,0
1.2396488504306133,-43.725594,92.667757,1.126159114249687,0.7948530465713516,1
-1.0794792045641728,-40.708349,85.734358,-1.210490938895,1.514672149820058,0
1.4745074695081257,16.031071,-174.290452,-1.1396833615269792,0.9388168672210928,0
0.2845854069885178,78.444824,170.443702,1.6218121558258327,-0.6447851599260612,1
1.9875715652897163,72.742348,-44.22389,-0.856453052054896,-1.5085680838245088,0
0.9910375894708663,-84.639922,-138.748843,1.0553515368816662,0.36296158462212774,1
-0.989919574740928,33.648268,-170.772501,1.6926197331938535,1.3707083291703166,0
0.5225303719364504,61.00594,162.015368,-0.431607587846771,-0.7887489805758024,0
0.9112643581866009,-23.51263,91.400724,1.4801970010897911,1.6586359704697993,0
0.696141367442877,-89.168414,71.386263,-1.635336403103125,1.0827806878708341,0
1.2608481599698433,-80.353709,-66.920576,-0.856453052054896,-1.076676621875285,1
-0.9969686881026971,-4.553608,-1.82952,0.4180833405694788,-0.6447851599260612,0
0.20245936148989513,-13.409518,-173.879032,-1.1396833615269792,-0.3568575186265786,0
-1.088166842394677,-15.097007,-70.943874,0.5596984953055205,0.7948530465713516,0
0.559050961034093,-54.670371,32.477351,0.2764681858334372,-1.2206404425250263,0
3.3610078215240438,32.920446,39.717815,0.06404545372937474,0.0750339433226452,0
0.08421911914699431,45.728181,-59.550201,-0.21918485574270855,0.506925405271869,0
0.06574450343861839,56.515573,173.582095,-1.635336403103125,-0.3568575186265786,0
-1.4180335811754712,57.986097,141.499013,1.0553515368816662,1.2267445085205755,0
-1.252979964350073,-1.348443,130.211071,-1.7061439804711458,-0.21289369797683735,1
0.00587130550888287,54.550473,76.050385,-0.7148378973188543,0.9388168672210928,0
1.0507057608831893,4.16074,-93.32024,-0.5732227425828126,-0.7887489805758024,0
-1.5458597503045333,58.790413,25.619527,-1.1396833615269792,0.2189977639723865,0
-0.5423653234349709,-55.12825,168.717471,0.8429288047776038,-1.076676621875285,0
0.3249965467601704,-48.109097,-160.175457,0.2764681858334372,0.36296158462212774,0
0.18549638503469237,5.547152,20.27369,-1.210490938895,0.2189977639723865,0
-0.3440151967686853,-71.714175,-165.085796,0.7013136500415621,-0.9327128012255437,0
1.3136385678850313,80.806744,-51.556873,-0.0775697010066669,-1.5085680838245088,0
-1.129532140284631,-59.026573,-148.656926,-0.28999243311072936,0.6508892259216102,0
-0.2083651094168386,46.908197,26.92679,-1.1396833615269792,-1.3646042631747675,0
1.2006759605416657,7.597277,28.333006,-1.5645288257351042,-1.5085680838245088,0
-1.1934521244225844,-9.839114,25.027274,0.4180833405694788,1.2267445085205755,0
-0.8531923341619966,34.301256,23.735976,-0.21918485574270855,-1.6525319044742501,0
-0.10097096501720412,-0.835121,9.871476,1.6926197331938535,-1.2206404425250263,0
-0.2225381621202101,-17.066317,168.838092,-1.2812985162630208,-1.076676621875285,0
-1.2661563977116261,10.226349,-165.968211,0.9137363821456246,0.7948530465713516,1
-0.15107925877068115,47.72899,102.007474,1.3385818463537495,-0.3568575186265786,0
0.0068902779914165714,18.496234,155.920944,0.5596984953055205,0.9388168672210928,0
0.044604817586189976,-28.586192,-142.478651,-0.431607587846771,0.36296158462212774,0
-0.8590400642138475,-22.485743,141.941565,1.551004578457812,1.2267445085205755,0
-0.7387995588007285,-30.080494,179.488747,-1.0688757841589585,0.36296158462212774,0
0.20308134620576526,15.595542,154.583682,1.0553515368816662,1.6586359704697993,0
0.4515419846173234,1.790231,50.430858,1.0553515368816662,-0.21289369797683735,0
-0.016554668624899783,-10.579157,-104.663344,1.126159114249687,1.3707083291703166,0
-0.3341396176353951,-19.795158,176.398396,-1.1396833615269792,-1.5085680838245088,0
-0.8845739758749543,-74.394016,-80.447161,1.126159114249687,0.0750339433226452,0
0.23195347588386167,74.962803,128.438544,0.8429288047776038,-0.21289369797683735,0
0.358569783120192,-56.009747,116.453388,1.4801970010897911,-0.9327128012255437,0
-1.096041877860036,57.649461,167.109822,1.4801970010897911,-1.6525319044742501,0
-1.4106201922503785,-9.503471,-29.960724,-1.4229136709990624,0.36296158462212774,0
-0.892351302077204,72.001764,-45.443741,-1.210490938895,-0.6447851599260612,0
-1.395600874082082,27.381393,100.89715,0.9845439595136454,-0.6447851599260612,0
-1.303800349847306,-55.21439,-123.065781,-1.5645288257351042,-1.2206404425250263,0
-0.017973857734082277,-26.536351,-169.976168,-1.4937212483670832,0.2189977639723865,0
-0.5219493380350784,25.707402,43.355953,-0.0775697010066669,-1.5085680838245088,0
-0.818102920034619,-84.741685,14.980744,0.9845439595136454,-0.06892987732709607,0
0.5794823619718457,-21.441551,-148.97349,0.2764681858334372,1.514672149820058,0
-1.0065512718036025,60.739094,-47.388105,-0.0775697010066669,-0.21289369797683735,0
-0.7727020705184857,66.564844,-3.560548,-0.431607587846771,0.36296158462212774,0
1.065415474635072,-54.931459,54.696107,1.196966691617708,1.0827806878708341,0
0.423443375618505,-2.589702,-55.587581,-0.856453052054896,1.0827806878708341,0
2.053643629040907,14.202552,-118.270999,-0.14837727837468773,-1.6525319044742501,0
0.40242418556719206,-20.746597,17.901631,-1.5645288257351042,0.2189977639723865,0
1.1299302623095795,-62.392419,-163.021655,1.6218121558258327,1.3707083291703166,0
0.8935347464422703,-67.855262,165.033658,1.196966691617708,-1.076676621875285,1
-0.3265695476440394,-14.57317,108.862354,0.2056606084654164,1.3707083291703166,0
-1.1278383520507116,-57.5745,133.380989,-1.210490938895,-1.076676621875285,0
-0.5388879644827561,-15.826473,-100.883488,0.5596984953055205,-0.6447851599260612,0
-1.1556807029301355,83.385328,87.373821,-0.5732227425828126,-0.5008213392763199,0
1.7493172622852482,-60.32126,27.075626,-1.7061439804711458,-0.21289369797683735,0
-0.30988138404320653,-7.317219,-86.665798,-0.0775697010066669,-0.06892987732709607,0
0.2800891654004011,-6.070857,152.173398,0.7013136500415621,-0.6447851599260612,0
-0.5781120033286028,11.872194,-87.04179,-0.5024151652147918,-0.6447851599260612,0
0.11380729014065318,-1.025664,61.965867,-0.14837727837468773,1.6586359704697993,0
-0.964551425639959,63.103651,-47.42282,-1.210490938895,1.0827806878708341,0
0.019322088251172174,89.043218,-120.919253,-0.006762123638646077,-0.3568575186265786,0
-0.763319016245049,-64.425539,-24.787315,-0.21918485574270855,-1.076676621875285,0
0.42931883213269006,-6.251607,-95.748812,-1.3521060936310416,-0.7887489805758024,0
0.7853129202932193,-81.461245,-56.723459,0.48889091793749967,0.9388168672210928,0
-0.9559106758375586,-8.582539,-118.119847,-0.5024151652147918,0.506925405271869,0
-0.7504079228633344,73.347589,8.320014,0.2764681858334372,0.0750339433226452,0
0.7061585793992634,-9.857568,-113.345104,1.3385818463537495,0.9388168672210928,0
0.11647733529657066,-40.191528,175.337719,-1.635336403103125,1.2267445085205755,1
0.6095821939298154,-13.266478,88.790853,0.9137363821456246,-1.6525319044742501,0
-0.5776500692069731,-38.502357,-100.930057,1.6926197331938535,0.7948530465713516,0
-0.4707835668292227,8.773833,-100.907813,1.2677742689857288,-0.3568575186265786,0
-1.0298467427430003,-8.131816,-61.307591,0.7013136500415621,1.0827806878708341,0
-0.6646037472673119,-69.614058,49.331011,0.7013136500415621,-1.5085680838245088,0
-0.9215545165230977,-69.4125,-106.110363,-0.9272606294229168,0.7948530465713516,0
0.5122790762006166,-78.0528,144.764828,0.9845439595136454,-0.3568575186265786,0
-0.7203289888307733,32.832506,53.767989,-0.21918485574270855,0.36296158462212774,0
-0.24917494823700606,-72.065576,-157.341803,-0.0775697010066669,0.36296158462212774,0
-0.7455355602710849,15.799481,-28.357947,-0.856453052054896,-0.6447851599260612,0
0.45230382795916,59.940386,43.68115,-0.21918485574270855,-1.6525319044742501,0
-1.474786007795591,80.925969,14.698233,-0.5024151652147918,1.514672149820058,0
1.1023292294089646,74.287427,122.576345,-1.0688757841589585,0.2189977639723865,0
0.5188799631848444,57.986796,40.099019,1.6218121558258327,-1.2206404425250263,0
1.854830010028778,70.657619,27.021087,-0.431607587846771,1.514672149820058,0
-1.4475120155812635,-77.302067,-138.289145,0.6305060726735413,-0.21289369797683735,0
1.3758414269453014,88.672326,-177.21018,0.2056606084654164,-1.3646042631747675,0
4.391189206150455,-2.186656,94.629617,-0.21918485574270855,0.0750339433226452,0
0.5172401096300792,87.78991,-1.726306,-0.7148378973188543,-0.06892987732709607,0
-0.1397739043685383,-1.656533,57.59524,0.7721212274095829,-1.6525319044742501,0
1.3321010128592186,41.615597,123.888121,0.9137363821456246,-0.6447851599260612,0
0.5986953362137832,-43.114896,167.193933,1.126159114249687,0.7948530465713516,0
0.46690584942967567,83.262366,-142.786965,0.9845439595136454,-0.21289369797683735,0
-0.5651561231247662,54.937184,-163.38157,0.7013136500415621,0.36296158462212774,0
-0.1808860870564896,-35.168844,-13.348712,0.7721212274095829,1.3707083291703166,0
-0.34437537623561476,-46.098208,-37.621063,-0.856453052054896,-0.6447851599260612,0
0.17086759218942954,-30.538985,-17.89249,-1.2812985162630208,-0.06892987732709607,0
1.124423125181799,76.617565,-132.616473,1.126159114249687,-0.06892987732709607,0
0.01820473960391888,32.188541,38.029262,-1.7061439804711458,1.3707083291703166,0
-1.2946155712492102,-76.436965,-103.615486,0.13485303109739558,-1.076676621875285,0
0.2061632107786975,89.003992,-0.048068,-0.7856454746868751,-0.6447851599260612,0
0.008098072560722808,-56.579991,161.398643,-0.0775697010066669,0.7948530465713516,0
-0.6702588859131167,-45.344933,-62.839562,-0.5024151652147918,1.6586359704697993,0
1.4970364595506762,-28.030816,-63.023335,0.7721212274095829,0.9388168672210928,1
-0.17897120008547,-18.654468,160.268306,-1.210490938895,-0.06892987732709607,0
0.41306876859851854,58.081761,-129.58198,-0.9980682067909376,1.3707083291703166,0
1.5604225162056116,4.7937,32.18504,-0.0775697010066669,-0.5008213392763199,0
-0.5821719005246995,5.655442,-28.840504,0.5596984953055205,-1.3646042631747675,0
-0.5994650372833797,73.699939,-170.643608,0.06404545372937474,-0.9327128012255437,0
1.2607563075490114,86.275456,-115.608667,0.6305060726735413,-0.06892987732709607,0
0.5027073516634035,85.650161,148.580274,-0.431607587846771,-0.06892987732709607,0
-1.0622615898319925,-79.192033,122.948436,1.4801970010897911,1.514672149820058,0
-0.6028511142601938,13.21193,128.891375,-0.21918485574270855,-0.3568575186265786,0
-0.770310305029173,15.0018,125.455728,1.0553515368816662,0.36296158462212774,0
-0.861074764556967,69.313566,-176.219266,-0.28999243311072936,-0.6447851599260612,0
0.48207913903205957,-36.958624,134.835288,-0.6440303199508335,-1.076676621875285,0
0.5143955570181353,-17.189676,126.776069,0.6305060726735413,-1.076676621875285,0
-0.7572950087286501,71.352579,99.126871,0.2764681858334372,-1.3646042631747675,0
0.3394674162697955,-71.036909,-161.61724,-0.9980682067909376,-0.9327128012255437,0
-0.5559388107524501,-65.471519,152.289378,-0.36080001047875015,1.0827806878708341,0
0.3095237108889169,81.881942,88.012441,1.126159114249687,1.514672149820058,0
-0.3649034843425776,-41.033786,106.46339,0.2764681858334372,1.514672149820058,0
-1.3787273818336503,50.974929,-74.241065,1.0553515368816662,0.36296158462212774,0
-0.32911151780390907,42.926869,124.654028,-1.210490938895,-0.5008213392763199,0
0.9165847133803982,-13.166609,49.321817,0.6305060726735413,-1.076676621875285,0
-1.0179704570823935,-42.280323,-60.868304,0.4180833405694788,1.3707083291703166,0
-1.2247376833900738,-1.648591,-171.63803,-1.3521060936310416,-1.076676621875285,0
-0.9284291529264744,83.268236,-131.395461,1.4801970010897911,0.36296158462212774,0
-0.3702684001989306,88.232801,14.525031,-1.4937212483670832,0.2189977639723865,0
0.18714011733732713,-26.519615,-87.878507,1.196966691617708,-0.3568575186265786,0
-0.9117452141710539,45.740612,-84.113926,-0.36080001047875015,1.514672149820058,0
0.4036910619114324,-5.973112,-74.639507,-1.7061439804711458,-0.7887489805758024,0
1.6350130876959663,63.386445,88.84808,-0.21918485574270855,0.0750339433226452,0
-0.3954321297829899,7.969179,18.168409,0.5596984953055205,1.514672149820058,0
0.09997047540184716,-87.719242,-3.064145,0.34727576320145803,-1.3646042631747675,0
-1.278665648428492,-67.906556,-63.136767,0.2764681858334372,-0.7887489805758024,0
-0.6393465885167537,-42.044521,-143.186394,0.2056606084654164,-1.6525319044742501,0
-0.5628121703516934,-28.424701,49.192502,-0.9980682067909376,-0.06892987732709607,0
1.970567191431917,-79.971739,48.313379,-1.635336403103125,0.6508892259216102,0
-0.9590669619961744,30.602105,11.202744,0.6305060726735413,1.6586359704697993,0
0.2348361739728629,-6.473486,107.164989,-0.0775697010066669,1.0827806878708341,0
0.4339085932671542,50.006215,105.836511,-0.5024151652147918,-0.06892987732709607,0
-1.1626597092249464,-2.609482,-144.063093,-1.210490938895,-0.9327128012255437,0
-0.6977679278614096,-15.075581,-150.595904,-0.14837727837468773,-1.5085680838245088,0
-1.3030831194308736,21.547521,105.106428,-0.14837727837468773,0.506925405271869,0
1.0598566467535473,-77.625675,63.650045,-1.5645288257351042,1.6586359704697993,0
-0.6584883223319178,70.289687,-154.347763,-0.431607587846771,0.0750339433226452,0
0.1740052682916612,77.876941,163.939838,-0.5024151652147918,0.7948530465713516,1
1.245946840484013,83.538966,-144.520328,-0.5732227425828126,1.6586359704697993,0
-0.3429661364612042,-54.573845,-69.788863,-1.2812985162630208,-1.5085680838245088,0
-0.8500316528046538,20.064227,-164.507652,-0.36080001047875015,-0.3568575186265786,0
-1.1066038168736614,34.380238,-7.405785,-1.7061439804711458,1.0827806878708341,0
-0.8440056107614171,-80.053122,-176.348968,-0.006762123638646077,-0.06892987732709607,0
0.06019300518838499,27.917793,163.62429,1.2677742689857288,0.0750339433226452,0
-1.1247005086867738,58.595522,-94.424661,0.9137363821456246,0.0750339433226452,0
-0.41830339444265346,-39.515805,69.182263,-0.9980682067909376,-0.5008213392763199,0
-0.2903494175428397,51.153195,127.73993,-1.210490938895,1.514672149820058,0
0.5906170354328266,-20.645033,35.040217,-1.4937212483670832,-0.06892987732709607,0
-0.4447406586638879,-53.770511,-153.812692,-1.1396833615269792,0.2189977639723865,0
-0.00019508593644253553,-44.115833,-179.54418,-1.5645288257351042,-1.2206404425250263,0
0.9859421687756911,77.481617,7.517373,-1.0688757841589585,1.514672149820058,0
-0.33250404938967937,26.805867,139.42129,-1.3521060936310416,0.0750339433226452,0
0.13962510706838827,81.426092,59.578329,1.0553515368816662,1.2267445085205755,1
-0.17209613107692678,82.810693,97.290723,-1.3521060936310416,-1.6525319044742501,1
-0.676316568084235,34.77155,-128.039003,-1.635336403103125,-0.21289369797683735,0
0.8662441790415445,-42.30213,62.711107,1.4093894237217703,-0.6447851599260612,0
0.762708267220041,-83.353786,105.696099,1.2677742689857288,0.9388168672210928,0
0.09928676265713242,70.862199,-40.635851,-0.28999243311072936,1.2267445085205755,0
2.4138283977658768,-85.884243,86.25432,-0.0775697010066669,1.514672149820058,0
0.439757432896824,-69.232605,66.169321,-0.5732227425828126,0.0750339433226452,0
-0.03114503972944562,34.831898,-162.88964,-1.7061439804711458,0.0750339433226452,0
0.8414845742997852,11.779891,172.984737,-1.5645288257351042,-0.7887489805758024,0
0.6325167803281649,23.899831,-43.402256,-0.5732227425828126,-0.9327128012255437,0
2.3234253827545475,-69.102816,-86.602787,1.4093894237217703,0.7948530465713516,0
-0.06167777326807194,-61.658765,-126.550503,-1.210490938895,-1.5085680838245088,0
-1.1020158001278004,15.323336,159.310103,0.5596984953055205,1.3707083291703166,0
-0.540935010376953,20.338552,-174.226489,0.9137363821456246,-0.3568575186265786,0
-1.1842612291664398,-63.10303,-98.764791,-0.28999243311072936,-0.9327128012255437,0
-1.4443107133531876,15.763635,-25.333896,0.06404545372937474,-1.076676621875285,0
-0.18282759035698296,19.934708,5.90606,0.9137363821456246,1.3707083291703166,0
0.6147714958893932,6.776375,30.518487,0.06404545372937474,0.6508892259216102,0
0.4341068358609771,-47.231279,95.892737,1.6218121558258327,-0.6447851599260612,0
-0.2246004006435376,-29.719967,-103.093153,1.2677742689857288,-0.21289369797683735,0
-1.3728774169849416,2.914409,-143.708718,-0.856453052054896,1.0827806878708341,0
1.812466194192253,-65.193301,-114.043325,-1.635336403103125,-1.6525319044742501,0
-1.0455203314065353,2.151004,175.879662,1.2677742689857288,0.0750339433226452,0
-0.8074865245820251,-54.993315,-142.247487,-0.21918485574270855,0.2189977639723865,0
2.447645390134105,68.632043,106.837267,-0.0775697010066669,0.506925405271869,0
-0.06923979024957902,-37.897049,72.578425,-1.1396833615269792,-0.21289369797683735,0
0.2331184869418869,-0.895801,74.317721,0.4180833405694788,-0.5008213392763199,0
-1.5420666820482463,-36.518636,-131.458958,-1.635336403103125,1.2267445085205755,0
0.7314496173862967,-35.378784,22.881108,0.06404545372937474,-0.5008213392763199,0
0.26735851202697847,-59.29262,145.501354,-0.0775697010066669,-1.2206404425250263,0
-0.7439479449448904,-60.458444,-116.924232,-0.9272606294229168,-0.6447851599260612,0
1.4888235302062451,-69.874742,130.346563,-0.14837727837468773,1.2267445085205755,0
-0.3676407600581507,-85.541731,48.836985,-0.21918485574270855,1.3707083291703166,0
-0.16958212778756068,22.32672,13.203534,0.7013136500415621,-1.3646042631747675,0
0.8264957680154276,-4.538293,-106.166831,0.2764681858334372,0.2189977639723865,0
-0.29903555313552327,-16.66763,97.834581,0.2764681858334372,0.506925405271869,0
0.6719865668471654,-13.907375,62.562929,-1.210490938895,-0.3568575186265786,0
-1.3975914076402212,-87.73635,-69.132343,1.196966691617708,1.0827806878708341,0
-0.5724823018924227,28.422503,-139.245053,1.196966691617708,1.2267445085205755,0
-1.199927999451828,71.068277,73.561794,0.06404545372937474,-0.21289369797683735,0
0.3167448460971155,50.42803,70.545552,-0.5732227425828126,1.6586359704697993,0
1.5960031445673304,4.91854,-43.153408,1.196966691617708,0.6508892259216102,0
1.7676692388324096,39.699593,-162.41812,-0.431607587846771,0.36296158462212774,0
-0.14990176034520142,33.328482,2.266597,1.196966691617708,-0.3568575186265786,0
-0.3494676811023965,4.814928,8.427634,-0.7148378973188543,0.7948530465713516,0
2.5348844169130946,-87.964719,66.427315,-1.210490938895,0.9388168672210928,1
-0.026605053987910115,-69.94144,18.732621,-0.6440303199508335,-0.7887489805758024,0
1.3979243634635485,33.580029,-146.427252,0.7013136500415621,-1.5085680838245088,0
0.1766443476072838,34.366321,-82.1436,-0.5024151652147918,0.9388168672210928,0
-0.5176162374589292,-34.802016,-13.147861,1.551004578457812,-0.9327128012255437,0
-0.12162113218180623,83.951357,-140.045328,0.13485303109739558,-1.3646042631747675,0
0.009453509973096129,89.434165,-126.468717,-0.28999243311072936,-1.6525319044742501,0
-0.801854941520255,51.014492,62.391096,0.2056606084654164,0.7948530465713516,0
-1.4823884759015682,-54.522977,8.246372,-1.2812985162630208,1.2267445085205755,0
-0.36492392372612104,27.674262,-133.540769,-0.5024151652147918,-1.6525319044742501,0
-0.3814625590286089,-58.618208,59.983731,1.6218121558258327,1.0827806878708341,0
-0.9953850490485621,-40.788026,142.871234,-0.6440303199508335,-0.3568575186265786,0
-1.2980053412883186,-5.783995,93.818278,0.7721212274095829,-0.21289369797683735,1
-0.8036209945594883,-35.833093,30.891953,-1.0688757841589585,-1.2206404425250263,0
-0.09799261118121282,20.99092,-141.100078,1.551004578457812,0.2189977639723865,0
-0.49146641168564015,80.299803,-35.352578,0.2056606084654164,-1.6525319044742501,0
-0.8931642753663609,-84.501255,45.597754,-0.9272606294229168,0.36296158462212774,0
0.6779266975317537,-6.268984,24.807007,-0.5732227425828126,-1.5085680838245088,0
0.15538821145762424,75.878759,-16.406938,0.13485303109739558,0.7948530465713516,0
-1.2955386542370788,19.608664,78.457512,0.34727576320145803,1.514672149820058,0
0.48332659571442776,-86.846051,143.903059,-0.006762123638646077,1.2267445085205755,0
0.2393876265367053,75.488136,135.935273,0.9845439595136454,-1.2206404425250263,0
0.09395156909874687,64.250676,91.977069,-0.36080001047875015,0.9388168672210928,0
0.2758818837302617,-10.344092,50.973917,0.48889091793749967,-0.6447851599260612,0
-1.3273703729706934,63.316806,-4.378224,0.2056606084654164,0.0750339433226452,0
-1.4842105996897539,69.022574,-133.521856,1.0553515368816662,-0.3568575186265786,0
-0.49101383051583175,58.76549,-29.381226,-1.0688757841589585,-1.3646042631747675,0
-0.32532524016921294,-37.026123,-39.639483,-1.3521060936310416,0.9388168672210928,0
0.4339417622559626,55.114636,172.067825,-0.0775697010066669,1.2267445085205755,0
-0.2812558478628013,-13.444643,116.813762,-0.21918485574270855,0.7948530465713516,0
1.223914009386673,-52.45835,142.334441,0.8429288047776038,-1.6525319044742501,0
0.16703982212280347,-23.053716,-10.539219,1.126159114249687,1.3707083291703166,0
-1.5455228214876944,86.049093,-9.913445,-0.9272606294229168,-0.5008213392763199,0
-0.5881728571763872,-67.153523,-75.914132,-0.9980682067909376,-0.21289369797683735,0
-1.1987810830379448,-4.462358,21.632641,0.13485303109739558,-0.5008213392763199,0
0.176604882599678,40.839132,-146.015814,-0.006762123638646077,0.2189977639723865,0
3.417436755012042,-52.684191,-152.733221,0.48889091793749967,-0.9327128012255437,0
0.9233577591403467,-68.067197,71.265117,-1.5645288257351042,-0.9327128012255437,0
-1.2355648829232024,68.647252,-138.414183,-1.7061439804711458,0.7948530465713516,0
-0.7431728484440963,-16.057083,12.357428,1.4801970010897911,0.6508892259216102,0
-0.5323959290575111,-81.06524,-20.871706,-0.5024151652147918,0.2189977639723865,0
-1.512620653346971,-85.714818,57.393923,0.9845439595136454,1.514672149820058,0
-0.5145836423284531,-25.199122,69.11416,-0.21918485574270855,-0.3568575186265786,0
0.4339152186812051,77.519612,-37.345967,-1.635336403103125,0.6508892259216102,0
-0.6134778896961722,-42.906617,-51.819189,-1.1396833615269792,-0.9327128012255437,0
1.1284512854660655,-18.37109,-32.475407,-1.1396833615269792,0.506925405271869,1
1.4675305272218104,22.932953,-25.764994,1.126159114249687,-1.076676621875285,0
-0.6605952077617921,24.336194,-162.338173,-0.9272606294229168,1.514672149820058,0
-0.7550685909397543,-20.984242,-154.781206,-0.856453052054896,0.2189977639723865,0
-1.2094717158014838,-55.836916,35.569372,0.4180833405694788,0.6508892259216102,0
-1.1860874311127618,37.059782,-160.959937,-0.5024151652147918,-0.5008213392763199,0
-0.9085210004913774,15.56752,-118.105013,0.7721212274095829,0.9388168672210928,0
0.17341340321699053,-16.969144,10.8177,0.13485303109739558,-0.5008213392763199,0
-0.6642875448064275,-67.930579,158.311615,-1.2812985162630208,-1.076676621875285,0
-0.0361338107291472,-74.312864,-112.631813,0.2764681858334372,-1.076676621875285,0
1.1991206272291124,88.511629,116.133099,1.6218121558258327,-1.076676621875285,0
-0.39714415039471834,-72.059476,111.730964,1.0553515368816662,0.6508892259216102,0
-0.5872342719722845,89.087586,55.436123,0.06404545372937474,0.6508892259216102,0
-0.6146021173485468,16.119561,-55.303457,-1.635336403103125,-0.06892987732709607,0
-0.6951970487074179,6.998594,14.444235,1.196966691617708,-1.6525319044742501,0
-0.5167659149248867,29.021985,107.117364,1.196966691617708,1.2267445085205755,1
-1.1056305747568962,-65.580541,76.294435,0.6305060726735413,-1.6525319044742501,0
-0.6812644514399986,-73.710791,78.552835,-0.5732227425828126,-1.6525319044742501,0
0.4861859733423609,-9.028102,-169.342358,0.4180833405694788,0.2189977639723865,0
0.4083688787447631,-6.011982,5.666481,-1.7061439804711458,-1.2206404425250263,0
-0.10896492101234455,60.689618,-41.182837,0.2056606084654164,-1.076676621875285,0
0.0945121479472971,-58.396919,124.982579,1.0553515368816662,0.36296158462212774,0
0.22679603807296891,-49.856664,55.873278,-1.1396833615269792,0.506925405271869,0
-0.6035829342708988,-31.254407,-101.37787,-0.9272606294229168,0.9388168672210928,0
-1.2605400716836401,-64.329104,-176.01307,-0.431607587846771,0.36296158462212774,0
0.23051596860819484,9.836416,-156.888285,-0.28999243311072936,-1.3646042631747675,0
-0.3603939941225453,-35.166812,-29.577532,1.3385818463537495,-1.2206404425250263,0
-0.1550644144560935,43.343333,-177.161611,-0.5024151652147918,1.514672149820058,0
0.12607305047814438,-61.455197,64.064234,-0.28999243311072936,-0.3568575186265786,0
-0.893950512962743,-11.346705,-43.156935,-1.3521060936310416,1.0827806878708341,0
0.8013481445985923,-23.514716,-75.430592,1.4093894237217703,0.506925405271869,0
-0.424190469443272,53.7696,119.653754,1.196966691617708,0.36296158462212774,0
-0.30040650610784964,-74.579539,-100.013939,-0.7148378973188543,-1.076676621875285,0
0.879022001676938,17.306057,152.567762,-0.006762123638646077,-0.5008213392763199,0
-0.3437316999502158,6.685326,-92.63972,-1.7061439804711458,0.0750339433226452,0
-1.4385108626243772,-68.716592,-100.064451,-0.9272606294229168,0.9388168672210928,1
1.1783976294974745,-79.869121,-133.809222,-0.28999243311072936,0.36296158462212774,1
-0.07003791375568344,9.813369,-176.545924,-0.7148378973188543,-0.6447851599260612,0
-0.9367540537697241,-33.293963,29.200093,1.6218121558258327,1.0827806878708341,0
1.2115296871991554,51.102576,176.160727,1.6926197331938535,0.506925405271869,0
0.054799054168555544,55.837838,41.574832,-0.21918485574270855,-0.06892987732709607,0
-1.4169549755421877,8.60799,-70.683858,0.06404545372937474,1.514672149820058,0
0.3392300527247725,45.774655,-122.663857,0.2764681858334372,1.0827806878708341,0
-0.262048068259619,-74.627715,12.521333,-0.21918485574270855,-1.6525319044742501,0
-1.3861331016469551,-88.390527,61.945922,-1.5645288257351042,-0.06892987732709607,0
0.030543269207775624,2.538749,-9.841804,-0.6440303199508335,1.2267445085205755,0
-0.7805131264052497,-71.59365,-75.35728,-1.1396833615269792,-1.2206404425250263,0
-0.4396066768888092,71.603622,-134.314496,0.7013136500415621,-1.3646042631747675,0
-1.2849153717640327,-18.205676,-55.627416,-0.7856454746868751,-0.3568575186265786,1
-1.0529947342621417,-65.729674,125.933831,-1.4937212483670832,1.6586359704697993,1
-0.6857827594262511,76.97495,91.712886,-0.006762123638646077,1.6586359704697993,0
0.7548035864816136,-73.553544,169.789106,-0.9272606294229168,1.514672149820058,0
0.23943273812661722,52.229949,-175.730773,-0.0775697010066669,1.6586359704697993,0
-0.48409331049454146,86.607693,35.206596,-1.2812985162630208,-1.076676621875285,0
0.45871028366701927,71.63644,-11.105979,-1.3521060936310416,1.3707083291703166,0
-0.09945827524613961,48.069686,-137.586396,-1.635336403103125,1.6586359704697993,0
0.26061454203259726,88.231059,124.928776,-0.36080001047875015,-0.5008213392763199,0
0.667191192168397,-53.488305,-127.583404,0.7013136500415621,0.9388168672210928,0
-1.3397705244940137,-54.479449,-54.615758,-1.1396833615269792,1.0827806878708341,0
0.4418631069943656,-68.288598,-172.98812,0.9845439595136454,-0.7887489805758024,0
-1.1458161518052674,-60.440665,-140.430946,-1.210490938895,0.2189977639723865,0
-0.22025060939350377,17.855006,172.26017,-0.7148378973188543,1.2267445085205755,0
-0.9087626976446586,43.979178,75.189681,-1.2812985162630208,0.7948530465713516,0
0.13415632821608064,31.791453,12.826908,-0.36080001047875015,0.506925405271869,0
-0.8790168754619886,66.986945,139.805042,0.06404545372937474,-0.21289369797683735,0
-1.0459807389842857,-39.503297,-143.992429,-0.006762123638646077,-0.3568575186265786,0
-0.7054864905250159,-3.108645,-128.38334,-0.431607587846771,-1.6525319044742501,0
0.17186585342708377,1.785079,-36.504699,1.551004578457812,-1.2206404425250263,0
-0.2369519288652319,48.584216,-90.036344,-0.14837727837468773,-0.3568575186265786,0
0.3402645468445779,51.526422,-131.325103,0.4180833405694788,-1.2206404425250263,0
-0.6603697240926865,51.004597,-66.421213,1.126159114249687,1.3707083291703166,0
-1.1011707057199291,34.272663,88.16852,-0.7148378973188543,0.506925405271869,0
-1.0322772334470542,54.746921,178.938184,-0.5024151652147918,0.7948530465713516,0
0.31113251465952646,51.528054,-71.423224,1.551004578457812,1.6586359704697993,0
-0.0801303638198704,73.339919,-17.305772,-0.36080001047875015,1.2267445085205755,0
3.2837671667078223,66.740318,121.975417,1.196966691617708,-0.7887489805758024,0
3.6598885967374453,8.198857,-61.369798,1.6926197331938535,-0.9327128012255437,0
0.06241607190319721,63.968984,-42.784864,-0.7856454746868751,-0.3568575186265786,0
-0.9593172949845221,-14.020485,141.173024,-1.5645288257351042,-0.9327128012255437,0
-0.9748379221661554,-1.162566,116.041396,0.13485303109739558,0.2189977639723865,0
0.2620665658542474,-26.404939,-95.074726,-0.9980682067909376,1.6586359704697993,0
-1.1043514533522858,61.679721,143.960555,-0.28999243311072936,1.6586359704697993,1
0.44624755361558177,45.579486,92.717342,-1.0688757841589585,-0.9327128012255437,0
0.7570266886966689,-42.463481,143.311464,-0.36080001047875015,-0.9327128012255437,0
-0.1803309821331099,-64.434195,-159.810758,1.6218121558258327,0.9388168672210928,0
-0.5493014206897106,57.685801,-101.709264,-0.7856454746868751,1.0827806878708341,0
-0.8309434390988016,-39.953722,148.411152,-0.14837727837468773,-0.5008213392763199,0
-0.11609968487526906,-38.870339,21.826879,-0.14837727837468773,1.514672149820058,0
-1.1916673002069875,35.38526,-40.305714,0.2056606084654164,-1.3646042631747675,0
-0.46959067581287817,61.512392,3.345477,1.4093894237217703,-0.9327128012255437,1
-1.073682879217941,17.168187,149.867819,-0.14837727837468773,1.6586359704697993,1
-0.2182323996382838,-67.882158,-78.440014,-1.4937212483670832,1.3707083291703166,0
0.6833263145681455,83.860167,-52.84115,-1.3521060936310416,-1.076676621875285,1
-0.8222814265185193,61.391389,85.334477,-0.14837727837468773,-1.2206404425250263,0
-0.9058038926395735,6.033214,-116.057103,-0.28999243311072936,1.514672149820058,0
1.5166297641639013,48.547523,160.03347,-1.3521060936310416,-0.6447851599260612,0
0.26046546727175424,57.010733,-50.838362,-1.210490938895,-1.5085680838245088,0
-0.7605371488921115,47.142327,-178.894903,-0.21918485574270855,1.2267445085205755,0
0.05420785232742292,-47.722958,-154.936238,0.2056606084654164,1.0827806878708341,0
-1.3477543468472706,-83.223618,-167.215057,-0.5024151652147918,0.36296158462212774,0
-0.01565770869897044,35.307493,36.157382,-1.210490938895,1.514672149820058,0
-0.14900035962507935,-29.594148,32.351614,0.48889091793749967,1.514672149820058,0
2.259022428506837,-46.337617,32.97853,1.4093894237217703,0.0750339433226452,0
1.6723163940446704,4.710001,-8.820768,0.6305060726735413,0.506925405271869,0
-1.2679875189945478,16.71842,-131.983568,-0.431607587846771,-0.7887489805758024,0
3.152457034693549,35.756356,-13.501098,0.06404545372937474,-0.6447851599260612,0
-0.6034842377245219,43.29196,-164.367782,-1.635336403103125,-0.5008213392763199,0
0.8301781123511008,89.120697,69.536263,-1.3521060936310416,-1.076676621875285,0
-0.24870750962655977,76.247526,-96.829299,0.5596984953055205,-0.21289369797683735,0
3.3657980524549083,33.831807,147.702865,1.0553515368816662,-0.5008213392763199,0
0.42118119981218693,31.200488,118.754257,0.9137363821456246,-0.3568575186265786,0
-0.6113520320849488,-11.170155,-148.689142,-0.9272606294229168,1.0827806878708341,0
0.8181644656964326,16.318944,-138.077236,-1.0688757841589585,-1.2206404425250263,0
-0.3816621045221443,-80.301009,127.190434,-1.1396833615269792,-1.2206404425250263,0
-0.3593492610823401,83.983422,-108.374265,-0.0775697010066669,-0.6447851599260612,0
0.29474845859023185,-64.582381,24.631052,1.6926197331938535,0.9388168672210928,0
-0.31583837193815933,-77.146383,175.118605,-0.6440303199508335,0.6508892259216102,0
0.45522178325889207,-45.910224,-101.586159,-0.28999243311072936,0.9388168672210928,0
0.7180077842207466,67.464934,44.428774,1.4093894237217703,1.3707083291703166,0
-1.3668689635014404,-60.918837,49.546522,0.4180833405694788,0.36296158462212774,0
1.1271127143026758,61.054065,-2.702871,-1.7061439804711458,0.36296158462212774,0
-0.19838613019782558,-82.853568,-157.873383,-1.210490938895,-0.3568575186265786,0
-0.6196132448739271,-14.335178,113.134651,-0.28999243311072936,-0.6447851599260612,0
0.340420996794121,70.102283,146.805837,-1.1396833615269792,-1.2206404425250263,0
-0.13152285061906127,-86.092288,61.671388,-1.2812985162630208,1.3707083291703166,0
-0.16766147974203652,-88.839122,-73.312881,-0.856453052054896,-1.3646042631747675,0
-0.8328925073668334,-17.332507,159.850361,1.551004578457812,0.0750339433226452,0
0.2717688348320242,89.026016,57.286172,-1.210490938895,-0.5008213392763199,0
-0.625395557114265,83.625617,27.571365,-0.9980682067909376,-1.3646042631747675,0
-0.46819189150035806,27.037676,47.373028,0.7013136500415621,-0.7887489805758024,0
0.5669073517927478,-65.393312,167.829465,-1.635336403103125,0.506925405271869,1
1.1691249515896633,-40.312904,113.539451,-0.7148378973188543,0.2189977639723865,0
1.0556054279571245,23.7375,-141.493787,0.6305060726735413,1.0827806878708341,1
-0.5003019966274501,-75.364236,-141.600413,-0.6440303199508335,0.0750339433226452,0
-0.28199987312524966,-19.267013,-86.944602,-0.21918485574270855,1.514672149820058,0
-0.3585731752036724,12.256915,1.016765,-0.7856454746868751,0.6508892259216102,0
-1.4407948767163943,72.284316,-106.768429,-0.14837727837468773,0.6508892259216102,0
0.2960320271767499,59.565848,-25.335487,-0.5024151652147918,-0.7887489805758024,0
0.7580667256854189,85.917483,-93.585801,-0.7148378973188543,-0.9327128012255437,0
-0.7125055565744007,5.363503,-93.78842,0.9845439595136454,0.506925405271869,0
-0.341018707879922,-32.846733,46.377204,0.9137363821456246,0.36296158462212774,0
-0.07984830637971545,16.039153,-142.097446,-1.4229136709990624,0.0750339433226452,0
0.5939881715194067,61.44249,-152.790467,-0.9272606294229168,1.514672149820058,1
1.1721614738923678,-25.241286,66.356599,0.13485303109739558,1.0827806878708341,0
0.242264108906726,-81.182289,122.991861,-1.0688757841589585,-1.6525319044742501,1
0.15048632960591102,-87.162939,25.772359,1.4093894237217703,0.7948530465713516,0
-0.8441646748030796,47.415808,64.992567,1.0553515368816662,0.9388168672210928,0
-1.3626855189943337,-9.206013,-75.936599,0.9137363821456246,-0.06892987732709607,0
-0.12520200772007492,-78.568515,111.916472,0.7013136500415621,0.0750339433226452,0
-0.22064660339610073,46.83861,-139.536263,-1.3521060936310416,-0.9327128012255437,0
0.5561106237082437,-7.541936,149.186315,0.2764681858334372,-0.5008213392763199,0
0.48179739849496184,43.071021,-122.213397,1.4093894237217703,-0.21289369797683735,0
0.6349575281154881,-61.901135,-156.931656,1.551004578457812,1.2267445085205755,0
0.19080008285898545,-20.044191,-74.518177,-1.1396833615269792,0.506925405271869,0
1.9944305113382854,76.9371,170.114561,-0.5732227425828126,0.2189977639723865,0
3.4840287910129843,-31.47257,90.509597,0.06404545372937474,-0.06892987732709607,0
-1.42659320938915,-83.491623,36.159,0.48889091793749967,0.9388168672210928,0
-0.44226439264363904,38.270208,24.096445,0.7013136500415621,0.9388168672210928,0
2.047072697556895,-29.930462,-56.570658,0.4180833405694788,0.9388168672210928,0
-1.5236566686317567,-69.271119,-61.322262,0.48889091793749967,1.2267445085205755,0
-0.5876912121174868,82.689224,-46.373906,0.8429288047776038,0.9388168672210928,0
-1.0697922475893253,-54.588775,33.669277,-0.5732227425828126,0.0750339433226452,0
0.38815896355113627,62.631991,-105.633376,-1.635336403103125,0.9388168672210928,0
0.2626044103928558,-78.417001,-149.552756,-1.0688757841589585,-1.3646042631747675,0
1.1889177579564856,79.969832,110.820652,0.13485303109739558,-0.6447851599260612,1
0.24630171733729758,2.695955,111.265525,-0.856453052054896,-1.5085680838245088,0
2.783574710195909,-79.272739,-92.417648,0.34727576320145803,1.2267445085205755,0
-0.06744282703099269,33.525412,-145.141782,-1.210490938895,0.506925405271869,0
0.5036966748896705,-21.620104,1.425498,0.34727576320145803,1.3707083291703166,1
-0.37050496286877493,-3.372131,142.229134,1.6926197331938535,1.6586359704697993,0
-0.3781014310845696,-30.54633,110.985992,-0.0775697010066669,0.2189977639723865,0
-0.8579868060876109,70.259158,9.788911,-1.1396833615269792,-1.2206404425250263,0
-1.3771160263918503,-69.42074,117.952795,-1.635336403103125,-0.21289369797683735,0
-0.4368523336310629,-67.723181,35.932243,-0.28999243311072936,-0.06892987732709607,0
0.42984052686295215,-78.866647,136.16497,0.6305060726735413,1.0827806878708341,0
-0.7788655535399476,-26.912804,120.613708,0.06404545372937474,1.3707083291703166,0
-1.3034619380729755,58.333996,96.037434,0.48889091793749967,-0.7887489805758024,0
-0.38015029409998263,64.997474,-43.351199,-1.3521060936310416,1.0827806878708341,0
-1.340770621673943,-25.584346,-94.248795,1.6926197331938535,1.2267445085205755,0
-0.7766489716589029,72.412977,20.764827,-0.7856454746868751,-0.7887489805758024,0
-1.1967962670282133,-47.067181,93.00147,-0.21918485574270855,-0.9327128012255437,0
-0.5810345737944832,-10.027887,89.122435,-1.2812985162630208,1.2267445085205755,0
-0.4317445664433368,19.594976,39.552048,-0.0775697010066669,0.6508892259216102,0
-1.1230358742050455,78.409587,-5.531953,1.6926197331938535,0.6508892259216102,0
-0.24987106268194403,-67.255853,34.204713,-0.5024151652147918,1.3707083291703166,0
-1.506987014227629,-58.42029,2.092629,0.6305060726735413,1.6586359704697993,0
-0.38472698366161207,-8.659304,-152.851543,-1.635336403103125,-1.2206404425250263,0
-1.0483085519008355,-33.891204,40.795553,0.4180833405694788,-0.7887489805758024,0
-1.0361430467318293,75.41054,-24.935872,-0.21918485574270855,1.3707083291703166,0
-0.3133894017848294,-46.204412,-146.080228,-1.5645288257351042,1.514672149820058,0
-0.6025012450470156,-81.649611,-168.231552,-1.635336403103125,0.36296158462212774,0
-0.17579027778995857,-46.601291,62.615938,-0.9980682067909376,1.514672149820058,0
-0.1830258242120758,-43.297447,96.060483,0.5596984953055205,-0.21289369797683735,0
-0.6837202916703672,82.114998,66.816952,-1.4937212483670832,-1.3646042631747675,0
-0.740016863135124,71.13865,-168.534784,1.4801970010897911,0.6508892259216102,0
1.6238579668625872,-42.646482,169.056075,-0.7148378973188543,0.36296158462212774,0
1.1428912077228754,-16.433287,-101.829919,-0.7856454746868751,1.3707083291703166,0
-0.8937882072619131,-8.958955,15.723185,0.6305060726735413,-0.6447851599260612,1
-0.9674074593385709,70.726726,151.958662,-0.5732227425828126,-1.2206404425250263,0
-0.4924798192841701,-28.111353,-151.725694,-0.7856454746868751,0.36296158462212774,0
1.7106160218874087,88.06932,153.090877,-1.7061439804711458,-1.5085680838245088,0
0.5459902358001852,-73.17731,-171.456873,-1.210490938895,1.2267445085205755,0
-0.7650710405141349,-87.645409,120.210462,-0.9272606294229168,0.0750339433226452,0
-1.4420938894561055,-74.835897,67.333031,-0.9272606294229168,1.6586359704697993,0
1.0871867438068168,47.276809,126.25393,0.9845439595136454,-1.5085680838245088,0
-0.2613852323741062,85.06887,109.34363,-0.431607587846771,1.6586359704697993,0
0.6712042044146216,-30.179074,-162.682349,1.196966691617708,1.0827806878708341,0
-0.36537038542745026,31.280843,113.183229,-0.9980682067909376,1.0827806878708341,0
-1.044530695729719,-78.173417,45.862145,1.4093894237217703,0.0750339433226452,0
-0.44647203586055223,39.704366,57.011615,0.7013136500415621,0.506925405271869,1
-0.5729049162823303,80.44063,-156.533231,0.6305060726735413,-0.9327128012255437,0
-1.2001013258865356,-40.430194,4.57598,1.551004578457812,-0.3568575186265786,0
1.047056785713165,74.062585,-12.418485,-0.856453052054896,-0.7887489805758024,0
-0.7065892956872157,63.121059,40.363543,-0.5732227425828126,-0.9327128012255437,0
0.11016580727137319,-60.105897,-137.532692,-0.9272606294229168,0.7948530465713516,0
-0.4287379846739501,-83.655371,77.466548,0.34727576320145803,0.9388168672210928,0
0.20702237485533276,-82.314583,175.081037,0.4180833405694788,-1.6525319044742501,0
-0.7583394014187025,9.787475,-57.621678,0.6305060726735413,1.514672149820058,0
-1.0341947099284643,-0.292405,9.980178,-0.14837727837468773,0.6508892259216102,1
-0.2975252687292114,-76.719221,98.459153,-0.431607587846771,1.0827806878708341,0
-0.3869028739779225,34.112773,116.330883,0.2056606084654164,0.2189977639723865,0
-1.3005976506669763,4.589994,-93.569014,1.126159114249687,-1.5085680838245088,0
-0.9637478199248206,74.95877,9.022966,-1.5645288257351042,-1.3646042631747675,0
0.9179309934353416,-25.179825,88.706378,-0.9980682067909376,0.6508892259216102,0
0.9413892078032086,0.176967,-7.753384,-0.9272606294229168,-1.6525319044742501,0
-1.1081122959154743,-87.536313,-171.470546,0.48889091793749967,1.3707083291703166,0
-0.2319705531116149,-58.632525,-169.959752,0.5596984953055205,-0.3568575186265786,0
0.12804728837867768,-76.789477,45.121548,1.0553515368816662,1.514672149820058,0
0.06461778166843761,-35.158991,78.565679,-0.9980682067909376,0.0750339433226452,0
-0.41612591321582826,82.132165,45.316989,1.2677742689857288,0.7948530465713516,0
-1.0597070880037376,36.462813,-30.417043,0.5596984953055205,0.36296158462212774,0
-0.027365730694236635,4.813046,64.574272,0.13485303109739558,1.514672149820058,0
-1.1745252602355423,36.725022,-50.657395,1.0553515368816662,0.36296158462212774,0
1.0206320342471418,-12.300567,39.350395,0.34727576320145803,1.6586359704697993,0
0.4789236762647534,-23.049631,104.23506,1.551004578457812,-1.3646042631747675,0
-0.3669931012994434,5.123045,-86.951428,0.7721212274095829,-1.076676621875285,0
-1.495476226614898,-38.873776,-58.605914,-0.9980682067909376,1.6586359704697993,0
0.24547126086653212,42.781806,132.297106,1.126159114249687,0.0750339433226452,1
0.7024150107045194,66.56473,-39.84526,1.126159114249687,-1.6525319044742501,1
-0.453642114116516,40.630072,-53.503896,-0.5024151652147918,-1.2206404425250263,0
-0.3843698014720591,-85.4988,96.001396,-1.0688757841589585,0.6508892259216102,0
-0.19630941106351327,1.392226,164.926845,-0.5732227425828126,-1.3646042631747675,0
-0.243802681423323,-26.556441,176.297892,-1.5645288257351042,0.2189977639723865,0
-0.9066384569668515,79.119022,65.507283,1.126159114249687,-0.3568575186265786,0
-0.07987793417437127,-68.722281,-98.635151,0.6305060726735413,-1.3646042631747675,0
0.5585203562347432,20.164789,-13.686655,0.06404545372937474,0.7948530465713516,0
0.7879886598576119,-73.495409,-89.944803,0.9137363821456246,-0.9327128012255437,0
-1.3730327873917676,10.154834,-6.091522,0.2764681858334372,1.3707083291703166,0
0.9980412559240908,-60.126553,-37.64423,-0.6440303199508335,1.3707083291703166,0
2.211111699825437,-34.809196,72.586587,-0.7148378973188543,0.0750339433226452,0
-0.7339450982908025,-16.551226,66.741973,1.2677742689857288,0.7948530465713516,0
-0.9160338909300132,-53.986365,149.044649,-1.4937212483670832,0.506925405271869,0
-1.0809006922794555,-67.926109,106.627596,1.2677742689857288,-1.2206404425250263,0
-1.116718940791761,12.93216,176.954746,-1.210490938895,1.3707083291703166,0
-0.5178094413339996,47.544033,27.169748,-0.006762123638646077,0.7948530465713516,0
0.5465910670018491,88.155245,110.926645,-0.006762123638646077,1.514672149820058,0
-0.8661279520541101,-75.261106,-114.473875,-0.006762123638646077,-1.076676621875285,0
0.38941430708877106,41.577432,9.393977,-0.856453052054896,1.514672149820058,0
-0.4349997395760252,29.155775,153.682383,-1.2812985162630208,-0.3568575186265786,0
-1.1155051526064752,66.68266,58.286125,-1.210490938895,-1.6525319044742501,0
-0.6802824052447923,9.585662,22.978277,-0.36080001047875015,0.36296158462212774,0
0.44589726880623215,-63.713762,-178.92009,1.196966691617708,1.514672149820058,0
-0.5557948522701476,-4.158167,148.480489,-1.4937212483670832,-1.5085680838245088,0
2.7324192401646457,59.213058,-116.594439,1.4801970010897911,-1.2206404425250263,0
-0.9928964449564934,-17.156984,119.298486,-0.856453052054896,0.36296158462212774,0
-0.1672675937697934,-60.940322,116.6929,-0.7856454746868751,0.6508892259216102,0
